added_route_id,trip_id
Boat-F6,Boat-F8-0845-Winthrop-F8-A-Saturday-Summer-26
Boat-F7,Boat-F8-0845-Winthrop-F8-A-Saturday-Summer-26
Boat-F6,Boat-F8-1030-Winthrop-F8-A-Saturday-Summer-26
Boat-F7,Boat-F8-1030-Winthrop-F8-A-Saturday-Summer-26
Boat-F6,Boat-F8-1500-Winthrop-F8-A-Saturday-Summer-26
Boat-F7,Boat-F8-1500-Winthrop-F8-A-Saturday-Summer-26
Boat-F6,Boat-F8-1645-Winthrop-F8-A-Saturday-Summer-26
Boat-F7,Boat-F8-1645-Winthrop-F8-A-Saturday-Summer-26
Boat-F6,Boat-F8-1830-Winthrop-F8-A-Saturday-Summer-26
Boat-F7,Boat-F8-1830-Winthrop-F8-A-Saturday-Summer-26
Boat-F6,Boat-F8-2015-Winthrop-F8-A-Saturday-Summer-26
Boat-F7,Boat-F8-2015-Winthrop-F8-A-Saturday-Summer-26
Boat-F6,Boat-F8-1215-Winthrop-F8-A-Saturday-Summer-26
Boat-F7,Boat-F8-1215-Winthrop-F8-A-Saturday-Summer-26
Boat-F6,Boat-F8-2200-Winthrop-F8-A-Saturday-Summer-26
Boat-F7,Boat-F8-2200-Winthrop-F8-A-Saturday-Summer-26
Boat-F6,Boat-F8-0845-Winthrop-F8-A-Sunday-Summer-26
Boat-F7,Boat-F8-0845-Winthrop-F8-A-Sunday-Summer-26
Boat-F6,Boat-F8-1030-Winthrop-F8-A-Sunday-Summer-26
Boat-F7,Boat-F8-1030-Winthrop-F8-A-Sunday-Summer-26
Boat-F6,Boat-F8-1500-Winthrop-F8-A-Sunday-Summer-26
Boat-F7,Boat-F8-1500-Winthrop-F8-A-Sunday-Summer-26
Boat-F6,Boat-F8-1645-Winthrop-F8-A-Sunday-Summer-26
Boat-F7,Boat-F8-1645-Winthrop-F8-A-Sunday-Summer-26
Boat-F6,Boat-F8-1830-Winthrop-F8-A-Sunday-Summer-26
Boat-F7,Boat-F8-1830-Winthrop-F8-A-Sunday-Summer-26
Boat-F6,Boat-F8-2015-Winthrop-F8-A-Sunday-Summer-26
Boat-F7,Boat-F8-2015-Winthrop-F8-A-Sunday-Summer-26
Boat-F6,Boat-F8-1215-Winthrop-F8-A-Sunday-Summer-26
Boat-F7,Boat-F8-1215-Winthrop-F8-A-Sunday-Summer-26
Boat-F6,Boat-F8-2200-Winthrop-F8-A-Sunday-Summer-26
Boat-F7,Boat-F8-2200-Winthrop-F8-A-Sunday-Summer-26
Boat-F2H,Boat-F1-1300-Rowes-F1-C-PM-Saturday-Summer-26
Boat-F2H,Boat-F1-1530-Rowes-F1-C-PM-Saturday-Summer-26
Boat-F2H,Boat-F1-1730-Rowes-F1-C-PM-Saturday-Summer-26
Boat-F2H,Boat-F1-2015-Rowes-F1-C-PM-Saturday-Summer-26
Boat-F2H,Boat-F1-1300-Rowes-F1-C-PM-Sunday-Summer-26
Boat-F2H,Boat-F1-1530-Rowes-F1-C-PM-Sunday-Summer-26
Boat-F2H,Boat-F1-1730-Rowes-F1-C-PM-Sunday-Summer-26
Boat-F2H,Boat-F1-2015-Rowes-F1-C-PM-Sunday-Summer-26
Boat-F2H,Boat-F1-0645-Rowes-F1-A-AM-Weekday-Fall-26
Boat-F2H,Boat-F1-0715-Rowes-F1-B-Weekday-Fall-26
Boat-F2H,Boat-F1-0735-Rowes-F1-C-AM-Weekday-Fall-26
Boat-F2H,Boat-F1-0800-Rowes-F1-D-AM-Weekday-Fall-26
Boat-F2H,Boat-F1-0830-Rowes-F1-A-AM-Weekday-Fall-26
Boat-F2H,Boat-F1-1000-Rowes-F1-B-Weekday-Fall-26
Boat-F2H,Boat-F1-1330-Rowes-F1-B-Weekday-Fall-26
Boat-F2H,Boat-F1-1525-Rowes-F1-B-Weekday-Fall-26
Boat-F2H,Boat-F1-1600-Rowes-F1-C-PM-Weekday-Fall-26
Boat-F2H,Boat-F1-1630-Rowes-F1-D-PM-Weekday-Fall-26
Boat-F2H,Boat-F1-1700-Rowes-F1-B-Weekday-Fall-26
Boat-F2H,Boat-F1-1720-Rowes-F1-A-PM-Weekday-Fall-26
Boat-F2H,Boat-F1-1740-Rowes-F1-C-PM-Weekday-Fall-26
Boat-F2H,Boat-F1-1800-Rowes-F1-D-PM-Weekday-Fall-26
Boat-F2H,Boat-F1-1830-Rowes-F1-B-Weekday-Fall-26
Boat-F2H,Boat-F1-1900-Rowes-F1-A-PM-Weekday-Fall-26
Boat-F2H,Boat-F1-1930-Rowes-F1-D-PM-Weekday-Fall-26
Boat-F2H,Boat-F1-2030-Rowes-F1-A-PM-Weekday-Fall-26
Boat-F2H,Boat-F1-0645-Rowes-F1-A-AM-Weekday-Summer-26
Boat-F2H,Boat-F1-0715-Rowes-F1-B-Weekday-Summer-26
Boat-F2H,Boat-F1-0735-Rowes-F1-C-AM-Weekday-Summer-26
Boat-F2H,Boat-F1-0800-Rowes-F1-D-AM-Weekday-Summer-26
Boat-F2H,Boat-F1-0830-Rowes-F1-A-AM-Weekday-Summer-26
Boat-F2H,Boat-F1-1000-Rowes-F1-B-Weekday-Summer-26
Boat-F2H,Boat-F1-1330-Rowes-F1-B-Weekday-Summer-26
Boat-F2H,Boat-F1-1525-Rowes-F1-B-Weekday-Summer-26
Boat-F2H,Boat-F1-1600-Rowes-F1-C-PM-Weekday-Summer-26
Boat-F2H,Boat-F1-1630-Rowes-F1-D-PM-Weekday-Summer-26
Boat-F2H,Boat-F1-1700-Rowes-F1-B-Weekday-Summer-26
Boat-F2H,Boat-F1-1720-Rowes-F1-A-PM-Weekday-Summer-26
Boat-F2H,Boat-F1-1740-Rowes-F1-C-PM-Weekday-Summer-26
Boat-F2H,Boat-F1-1800-Rowes-F1-D-PM-Weekday-Summer-26
Boat-F2H,Boat-F1-1830-Rowes-F1-B-Weekday-Summer-26
Boat-F2H,Boat-F1-1900-Rowes-F1-A-PM-Weekday-Summer-26
Boat-F2H,Boat-F1-1930-Rowes-F1-D-PM-Weekday-Summer-26
Boat-F2H,Boat-F1-2030-Rowes-F1-A-PM-Weekday-Summer-26
Boat-F2H,Boat-F1-1030-Hingham-F1-C-AM-Saturday-Summer-26
Boat-F2H,Boat-F1-1430-Hingham-F1-C-PM-Saturday-Summer-26
Boat-F2H,Boat-F1-1630-Hingham-F1-C-PM-Saturday-Summer-26
Boat-F2H,Boat-F1-1920-Hingham-F1-C-PM-Saturday-Summer-26
Boat-F2H,Boat-F1-1030-Hingham-F1-C-AM-Sunday-Summer-26
Boat-F2H,Boat-F1-1430-Hingham-F1-C-PM-Sunday-Summer-26
Boat-F2H,Boat-F1-1630-Hingham-F1-C-PM-Sunday-Summer-26
Boat-F2H,Boat-F1-1920-Hingham-F1-C-PM-Sunday-Summer-26
Boat-F2H,Boat-F1-0600-Hingham-F1-A-AM-Weekday-Fall-26
Boat-F2H,Boat-F1-0630-Hingham-F1-B-Weekday-Fall-26
Boat-F2H,Boat-F1-0650-Hingham-F1-C-AM-Weekday-Fall-26
Boat-F2H,Boat-F1-0715-Hingham-F1-D-AM-Weekday-Fall-26
Boat-F2H,Boat-F1-0745-Hingham-F1-A-AM-Weekday-Fall-26
Boat-F2H,Boat-F1-0800-Hingham-F1-B-Weekday-Fall-26
Boat-F2H,Boat-F1-0820-Hingham-F1-C-AM-Weekday-Fall-26
Boat-F2H,Boat-F1-0845-Hingham-F1-D-AM-Weekday-Fall-26
Boat-F2H,Boat-F1-0915-Hingham-F1-A-AM-Weekday-Fall-26
Boat-F2H,Boat-F1-1100-Hingham-F1-B-Weekday-Fall-26
Boat-F2H,Boat-F1-1430-Hingham-F1-B-Weekday-Fall-26
Boat-F2H,Boat-F1-1610-Hingham-F1-B-Weekday-Fall-26
Boat-F2H,Boat-F1-1645-Hingham-F1-C-PM-Weekday-Fall-26
Boat-F2H,Boat-F1-1720-Hingham-F1-D-PM-Weekday-Fall-26
Boat-F2H,Boat-F1-1745-Hingham-F1-B-Weekday-Fall-26
Boat-F2H,Boat-F1-1810-Hingham-F1-A-PM-Weekday-Fall-26
Boat-F2H,Boat-F1-1840-Hingham-F1-D-PM-Weekday-Fall-26
Boat-F2H,Boat-F1-1940-Hingham-F1-A-PM-Weekday-Fall-26
Boat-F2H,Boat-F1-0600-Hingham-F1-A-AM-Weekday-Summer-26
Boat-F2H,Boat-F1-0630-Hingham-F1-B-Weekday-Summer-26
Boat-F2H,Boat-F1-0650-Hingham-F1-C-AM-Weekday-Summer-26
Boat-F2H,Boat-F1-0715-Hingham-F1-D-AM-Weekday-Summer-26
Boat-F2H,Boat-F1-0745-Hingham-F1-A-AM-Weekday-Summer-26
Boat-F2H,Boat-F1-0800-Hingham-F1-B-Weekday-Summer-26
Boat-F2H,Boat-F1-0820-Hingham-F1-C-AM-Weekday-Summer-26
Boat-F2H,Boat-F1-0845-Hingham-F1-D-AM-Weekday-Summer-26
Boat-F2H,Boat-F1-0915-Hingham-F1-A-AM-Weekday-Summer-26
Boat-F2H,Boat-F1-1100-Hingham-F1-B-Weekday-Summer-26
Boat-F2H,Boat-F1-1430-Hingham-F1-B-Weekday-Summer-26
Boat-F2H,Boat-F1-1610-Hingham-F1-B-Weekday-Summer-26
Boat-F2H,Boat-F1-1645-Hingham-F1-C-PM-Weekday-Summer-26
Boat-F2H,Boat-F1-1720-Hingham-F1-D-PM-Weekday-Summer-26
Boat-F2H,Boat-F1-1745-Hingham-F1-B-Weekday-Summer-26
Boat-F2H,Boat-F1-1810-Hingham-F1-A-PM-Weekday-Summer-26
Boat-F2H,Boat-F1-1840-Hingham-F1-D-PM-Weekday-Summer-26
Boat-F2H,Boat-F1-1940-Hingham-F1-A-PM-Weekday-Summer-26
441,78534514
442,78534514
441,78534515
442,78534515
441,78579733
442,78579733
441,78579734
442,78579734
441,78540218
442,78540218
441,78600456
442,78600456
441,78645760
442,78645760
441,78645761
442,78645761
441,78647318
442,78647318
441,78648846
442,78648846
441,78516690
442,78516690
441,78534509
442,78534509
441,78534510
442,78534510
441,78534511
442,78534511
441,78579728
442,78579728
441,78579729
442,78579729
441,78579730
442,78579730
441,78540015
442,78540015
441,78540103
442,78540103
441,78600269
442,78600269
441,78600351
442,78600351
441,78645755
442,78645755
441,78645756
442,78645756
441,78645757
442,78645757
441,78647117
442,78647117
441,78647205
442,78647205
441,78648645
442,78648645
441,78648733
442,78648733
441,78516487
442,78516487
441,78516575
442,78516575
741,78611656
742,78611656
743,78611656
741,78611743
742,78611743
743,78611743
741,78611749
742,78611749
743,78611749
741,78611800
742,78611800
743,78611800
741,78611862
742,78611862
743,78611862
741,78612176
742,78612176
743,78612176
741,78612572
742,78612572
743,78612572
741,78612607
742,78612607
743,78612607
741,78612628
742,78612628
743,78612628
741,78612862
742,78612862
743,78612862
741,78612948
742,78612948
743,78612948
741,78613091
742,78613091
743,78613091
741,78613110
742,78613110
743,78613110
741,78613162
742,78613162
743,78613162
741,78613413
742,78613413
743,78613413
741,78613414
742,78613414
743,78613414
741,78613415
742,78613415
743,78613415
741,78613416
742,78613416
743,78613416
741,78613417
742,78613417
743,78613417
741,78613418
742,78613418
743,78613418
741,78613419
742,78613419
743,78613419
741,78613420
742,78613420
743,78613420
741,78613421
742,78613421
743,78613421
741,78613422
742,78613422
743,78613422
741,78613423
742,78613423
743,78613423
741,78817560
742,78817560
743,78817560
741,78817647
742,78817647
743,78817647
741,78817973
742,78817973
743,78817973
741,78818159
742,78818159
743,78818159
741,78818162
742,78818162
743,78818162
741,78818164
742,78818164
743,78818164
741,78818174
742,78818174
743,78818174
741,78818364
742,78818364
743,78818364
741,78818599
742,78818599
743,78818599
741,78818602
742,78818602
743,78818602
741,78818603
742,78818603
743,78818603
741,78818604
742,78818604
743,78818604
741,78818605
742,78818605
743,78818605
741,78818609
742,78818609
743,78818609
741,78818610
742,78818610
743,78818610
741,78818612
742,78818612
743,78818612
741,78818617
742,78818617
743,78818617
741,78818618
742,78818618
743,78818618
741,78818620
742,78818620
743,78818620
741,78818640
742,78818640
743,78818640
741,78818645
742,78818645
743,78818645
741,78613653
742,78613653
743,78613653
741,78613740
742,78613740
743,78613740
741,78613746
742,78613746
743,78613746
741,78613796
742,78613796
743,78613796
741,78613858
742,78613858
743,78613858
741,78614171
742,78614171
743,78614171
741,78614563
742,78614563
743,78614563
741,78614598
742,78614598
743,78614598
741,78614620
742,78614620
743,78614620
741,78614856
742,78614856
743,78614856
741,78614939
742,78614939
743,78614939
741,78615082
742,78615082
743,78615082
741,78615099
742,78615099
743,78615099
741,78615157
742,78615157
743,78615157
741,78615398
742,78615398
743,78615398
741,78615399
742,78615399
743,78615399
741,78615400
742,78615400
743,78615400
741,78615401
742,78615401
743,78615401
741,78615402
742,78615402
743,78615402
741,78615403
742,78615403
743,78615403
741,78615404
742,78615404
743,78615404
741,78615405
742,78615405
743,78615405
741,78615406
742,78615406
743,78615406
741,78615407
742,78615407
743,78615407
741,78615408
742,78615408
743,78615408
741,78615409
742,78615409
743,78615409
741,78615410
742,78615410
743,78615410
741,78678194
742,78678194
743,78678194
741,78678281
742,78678281
743,78678281
741,78678287
742,78678287
743,78678287
741,78678338
742,78678338
743,78678338
741,78678400
742,78678400
743,78678400
741,78678713
742,78678713
743,78678713
741,78679106
742,78679106
743,78679106
741,78679141
742,78679141
743,78679141
741,78679162
742,78679162
743,78679162
741,78679399
742,78679399
743,78679399
741,78679482
742,78679482
743,78679482
741,78679625
742,78679625
743,78679625
741,78679912
742,78679912
743,78679912
741,78679921
742,78679921
743,78679921
741,78679923
742,78679923
743,78679923
741,78679929
742,78679929
743,78679929
741,78679931
742,78679931
743,78679931
741,78679932
742,78679932
743,78679932
741,78679935
742,78679935
743,78679935
741,78679936
742,78679936
743,78679936
741,78679937
742,78679937
743,78679937
741,78679944
742,78679944
743,78679944
741,78679947
742,78679947
743,78679947
741,78203470
742,78203470
743,78203470
741,78204069
742,78204069
743,78204069
741,78204229
742,78204229
743,78204229
741,78204249
742,78204249
743,78204249
741,78204325
742,78204325
743,78204325
741,78204439
742,78204439
743,78204439
741,78204442
742,78204442
743,78204442
741,78291745
742,78291745
743,78291745
741,78291746
742,78291746
743,78291746
741,78291747
742,78291747
743,78291747
741,78291748
742,78291748
743,78291748
741,78291749
742,78291749
743,78291749
741,78291750
742,78291750
743,78291750
741,78291751
742,78291751
743,78291751
741,78291752
742,78291752
743,78291752
741,78291753
742,78291753
743,78291753
741,78291754
742,78291754
743,78291754
741,78291755
742,78291755
743,78291755
741,78295320
742,78295320
743,78295320
741,78295342
742,78295342
743,78295342
741,78295409
742,78295409
743,78295409
741,78295478
742,78295478
743,78295478
741,78295816
742,78295816
743,78295816
741,78295924
742,78295924
743,78295924
741,78296090
742,78296090
743,78296090
741,78296125
742,78296125
743,78296125
741,78296147
742,78296147
743,78296147
741,78296180
742,78296180
743,78296180
741,78296564
742,78296564
743,78296564
741,78296568
742,78296568
743,78296568
741,78296571
742,78296571
743,78296571
741,78296573
742,78296573
743,78296573
741,78296574
742,78296574
743,78296574
741,78296576
742,78296576
743,78296576
741,78296577
742,78296577
743,78296577
741,78296579
742,78296579
743,78296579
741,78296583
742,78296583
743,78296583
741,78296585
742,78296585
743,78296585
741,78296586
742,78296586
743,78296586
741,78296588
742,78296588
743,78296588
741,78296611
742,78296611
743,78296611
741,78590704
742,78590704
743,78590704
741,78590790
742,78590790
743,78590790
741,78590796
742,78590796
743,78590796
741,78590847
742,78590847
743,78590847
741,78590909
742,78590909
743,78590909
741,78591224
742,78591224
743,78591224
741,78591618
742,78591618
743,78591618
741,78591653
742,78591653
743,78591653
741,78591671
742,78591671
743,78591671
741,78591912
742,78591912
743,78591912
741,78591994
742,78591994
743,78591994
741,78592137
742,78592137
743,78592137
741,78592414
742,78592414
743,78592414
741,78592417
742,78592417
743,78592417
741,78592418
742,78592418
743,78592418
741,78592424
742,78592424
743,78592424
741,78592429
742,78592429
743,78592429
741,78592430
742,78592430
743,78592430
741,78592438
742,78592438
743,78592438
741,78592439
742,78592439
743,78592439
741,78592441
742,78592441
743,78592441
741,78592442
742,78592442
743,78592442
741,78592452
742,78592452
743,78592452
741,78205217
742,78205217
743,78205217
741,78205816
742,78205816
743,78205816
741,78205898
742,78205898
743,78205898
741,78205926
742,78205926
743,78205926
741,78206114
742,78206114
743,78206114
741,78211527
742,78211527
743,78211527
741,78211528
742,78211528
743,78211528
741,78211529
742,78211529
743,78211529
741,78211530
742,78211530
743,78211530
741,78211531
742,78211531
743,78211531
741,78211532
742,78211532
743,78211532
741,78211533
742,78211533
743,78211533
741,78211534
742,78211534
743,78211534
741,78211535
742,78211535
743,78211535
741,78211536
742,78211536
743,78211536
741,78211537
742,78211537
743,78211537
741,78211538
742,78211538
743,78211538
741,78210209
742,78210209
743,78210209
741,78210231
742,78210231
743,78210231
741,78210298
742,78210298
743,78210298
741,78210367
742,78210367
743,78210367
741,78210705
742,78210705
743,78210705
741,78210813
742,78210813
743,78210813
741,78210826
742,78210826
743,78210826
741,78211023
742,78211023
743,78211023
741,78211826
742,78211826
743,78211826
741,78211827
742,78211827
743,78211827
741,78211828
742,78211828
743,78211828
741,78211829
742,78211829
743,78211829
741,78211830
742,78211830
743,78211830
741,78211831
742,78211831
743,78211831
741,78211832
742,78211832
743,78211832
741,78211833
742,78211833
743,78211833
741,78211834
742,78211834
743,78211834
741,78211835
742,78211835
743,78211835
741,78211836
742,78211836
743,78211836
741,78211837
742,78211837
743,78211837
741,78211838
742,78211838
743,78211838
741,78433805
742,78433805
743,78433805
741,78433823
742,78433823
743,78433823
741,78433983
742,78433983
743,78433983
741,78434125
742,78434125
743,78434125
741,78434133
742,78434133
743,78434133
741,78434179
742,78434179
743,78434179
741,78434218
742,78434218
743,78434218
741,78434231
742,78434231
743,78434231
741,78434299
742,78434299
743,78434299
741,78434410
742,78434410
743,78434410
741,78434450
742,78434450
743,78434450
741,78434529
742,78434529
743,78434529
741,78435168
742,78435168
743,78435168
741,78435169
742,78435169
743,78435169
741,78435170
742,78435170
743,78435170
741,78435171
742,78435171
743,78435171
741,78435172
742,78435172
743,78435172
741,78435173
742,78435173
743,78435173
741,78435174
742,78435174
743,78435174
741,78435175
742,78435175
743,78435175
741,78435176
742,78435176
743,78435176
741,78435177
742,78435177
743,78435177
741,78435178
742,78435178
743,78435178
741,78611654
742,78611654
743,78611654
741,78611740
742,78611740
743,78611740
741,78611775
742,78611775
743,78611775
741,78611795
742,78611795
743,78611795
741,78611823
742,78611823
743,78611823
741,78611828
742,78611828
743,78611828
741,78612218
742,78612218
743,78612218
741,78612457
742,78612457
743,78612457
741,78612510
742,78612510
743,78612510
741,78612637
742,78612637
743,78612637
741,78612719
742,78612719
743,78612719
741,78612742
742,78612742
743,78612742
741,78612804
742,78612804
743,78612804
741,78612824
742,78612824
743,78612824
741,78612874
742,78612874
743,78612874
741,78612962
742,78612962
743,78612962
741,78613000
742,78613000
743,78613000
741,78613056
742,78613056
743,78613056
741,78613068
742,78613068
743,78613068
741,78613424
742,78613424
743,78613424
741,78613425
742,78613425
743,78613425
741,78613426
742,78613426
743,78613426
741,78613427
742,78613427
743,78613427
741,78613428
742,78613428
743,78613428
741,78613429
742,78613429
743,78613429
741,78613430
742,78613430
743,78613430
741,78613431
742,78613431
743,78613431
741,78613432
742,78613432
743,78613432
741,78613433
742,78613433
743,78613433
741,78613434
742,78613434
743,78613434
741,78817487
742,78817487
743,78817487
741,78817556
742,78817556
743,78817556
741,78817581
742,78817581
743,78817581
741,78817612
742,78817612
743,78817612
741,78817646
742,78817646
743,78817646
741,78817978
742,78817978
743,78817978
741,78818088
742,78818088
743,78818088
741,78818169
742,78818169
743,78818169
741,78818357
742,78818357
743,78818357
741,78818361
742,78818361
743,78818361
741,78818362
742,78818362
743,78818362
741,78818622
742,78818622
743,78818622
741,78818625
742,78818625
743,78818625
741,78818627
742,78818627
743,78818627
741,78818629
742,78818629
743,78818629
741,78818630
742,78818630
743,78818630
741,78818632
742,78818632
743,78818632
741,78818634
742,78818634
743,78818634
741,78818635
742,78818635
743,78818635
741,78818637
742,78818637
743,78818637
741,78818639
742,78818639
743,78818639
741,78818641
742,78818641
743,78818641
741,78818643
742,78818643
743,78818643
741,78818646
742,78818646
743,78818646
741,78613651
742,78613651
743,78613651
741,78613736
742,78613736
743,78613736
741,78613768
742,78613768
743,78613768
741,78613791
742,78613791
743,78613791
741,78613819
742,78613819
743,78613819
741,78613824
742,78613824
743,78613824
741,78614214
742,78614214
743,78614214
741,78614449
742,78614449
743,78614449
741,78614500
742,78614500
743,78614500
741,78614628
742,78614628
743,78614628
741,78614709
742,78614709
743,78614709
741,78614733
742,78614733
743,78614733
741,78614796
742,78614796
743,78614796
741,78614815
742,78614815
743,78614815
741,78614866
742,78614866
743,78614866
741,78614954
742,78614954
743,78614954
741,78614991
742,78614991
743,78614991
741,78615047
742,78615047
743,78615047
741,78615062
742,78615062
743,78615062
741,78615411
742,78615411
743,78615411
741,78615412
742,78615412
743,78615412
741,78615413
742,78615413
743,78615413
741,78615414
742,78615414
743,78615414
741,78615415
742,78615415
743,78615415
741,78615416
742,78615416
743,78615416
741,78615417
742,78615417
743,78615417
741,78615418
742,78615418
743,78615418
741,78615419
742,78615419
743,78615419
741,78615420
742,78615420
743,78615420
741,78615421
742,78615421
743,78615421
741,78615423
742,78615423
743,78615423
741,78615424
742,78615424
743,78615424
741,78678192
742,78678192
743,78678192
741,78678278
742,78678278
743,78678278
741,78678313
742,78678313
743,78678313
741,78678333
742,78678333
743,78678333
741,78678361
742,78678361
743,78678361
741,78678366
742,78678366
743,78678366
741,78678755
742,78678755
743,78678755
741,78678991
742,78678991
743,78678991
741,78679043
742,78679043
743,78679043
741,78679171
742,78679171
743,78679171
741,78679252
742,78679252
743,78679252
741,78679276
742,78679276
743,78679276
741,78679338
742,78679338
743,78679338
741,78679357
742,78679357
743,78679357
741,78679408
742,78679408
743,78679408
741,78679496
742,78679496
743,78679496
741,78679533
742,78679533
743,78679533
741,78679590
742,78679590
743,78679590
741,78679605
742,78679605
743,78679605
741,78679909
742,78679909
743,78679909
741,78679910
742,78679910
743,78679910
741,78679913
742,78679913
743,78679913
741,78679914
742,78679914
743,78679914
741,78679917
742,78679917
743,78679917
741,78679918
742,78679918
743,78679918
741,78679919
742,78679919
743,78679919
741,78679926
742,78679926
743,78679926
741,78679927
742,78679927
743,78679927
741,78679943
742,78679943
743,78679943
741,78679946
742,78679946
743,78679946
741,78203374
742,78203374
743,78203374
741,78203385
742,78203385
743,78203385
741,78203411
742,78203411
743,78203411
741,78203445
742,78203445
743,78203445
741,78203494
742,78203494
743,78203494
741,78203550
742,78203550
743,78203550
741,78203886
742,78203886
743,78203886
741,78204068
742,78204068
743,78204068
741,78204182
742,78204182
743,78204182
741,78204391
742,78204391
743,78204391
741,78204394
742,78204394
743,78204394
741,78204397
742,78204397
743,78204397
741,78204434
742,78204434
743,78204434
741,78204456
742,78204456
743,78204456
741,78291756
742,78291756
743,78291756
741,78291757
742,78291757
743,78291757
741,78291758
742,78291758
743,78291758
741,78291759
742,78291759
743,78291759
741,78291760
742,78291760
743,78291760
741,78291761
742,78291761
743,78291761
741,78291762
742,78291762
743,78291762
741,78291763
742,78291763
743,78291763
741,78291764
742,78291764
743,78291764
741,78291765
742,78291765
743,78291765
741,78291766
742,78291766
743,78291766
741,78295246
742,78295246
743,78295246
741,78295318
742,78295318
743,78295318
741,78295341
742,78295341
743,78295341
741,78295373
742,78295373
743,78295373
741,78295408
742,78295408
743,78295408
741,78295464
742,78295464
743,78295464
741,78295925
742,78295925
743,78295925
741,78295946
742,78295946
743,78295946
741,78295948
742,78295948
743,78295948
741,78295981
742,78295981
743,78295981
741,78296002
742,78296002
743,78296002
741,78296029
742,78296029
743,78296029
741,78296053
742,78296053
743,78296053
741,78296112
742,78296112
743,78296112
741,78296203
742,78296203
743,78296203
741,78296578
742,78296578
743,78296578
741,78296587
742,78296587
743,78296587
741,78296589
742,78296589
743,78296589
741,78296591
742,78296591
743,78296591
741,78296593
742,78296593
743,78296593
741,78296595
742,78296595
743,78296595
741,78296599
742,78296599
743,78296599
741,78296601
742,78296601
743,78296601
741,78296602
742,78296602
743,78296602
741,78296604
742,78296604
743,78296604
741,78296606
742,78296606
743,78296606
741,78296607
742,78296607
743,78296607
741,78296609
742,78296609
743,78296609
741,78590701
742,78590701
743,78590701
741,78590787
742,78590787
743,78590787
741,78590822
742,78590822
743,78590822
741,78590843
742,78590843
743,78590843
741,78590870
742,78590870
743,78590870
741,78590875
742,78590875
743,78590875
741,78591265
742,78591265
743,78591265
741,78591504
742,78591504
743,78591504
741,78591555
742,78591555
743,78591555
741,78591683
742,78591683
743,78591683
741,78591765
742,78591765
743,78591765
741,78591788
742,78591788
743,78591788
741,78591850
742,78591850
743,78591850
741,78591869
742,78591869
743,78591869
741,78591920
742,78591920
743,78591920
741,78592008
742,78592008
743,78592008
741,78592045
742,78592045
743,78592045
741,78592102
742,78592102
743,78592102
741,78592117
742,78592117
743,78592117
741,78592415
742,78592415
743,78592415
741,78592416
742,78592416
743,78592416
741,78592420
742,78592420
743,78592420
741,78592422
742,78592422
743,78592422
741,78592423
742,78592423
743,78592423
741,78592431
742,78592431
743,78592431
741,78592434
742,78592434
743,78592434
741,78592435
742,78592435
743,78592435
741,78592448
742,78592448
743,78592448
741,78592449
742,78592449
743,78592449
741,78592451
742,78592451
743,78592451
741,78205121
742,78205121
743,78205121
741,78205132
742,78205132
743,78205132
741,78205158
742,78205158
743,78205158
741,78205192
742,78205192
743,78205192
741,78205241
742,78205241
743,78205241
741,78205297
742,78205297
743,78205297
741,78205633
742,78205633
743,78205633
741,78205815
742,78205815
743,78205815
741,78206082
742,78206082
743,78206082
741,78206086
742,78206086
743,78206086
741,78206117
742,78206117
743,78206117
741,78211539
742,78211539
743,78211539
741,78211540
742,78211540
743,78211540
741,78211541
742,78211541
743,78211541
741,78211542
742,78211542
743,78211542
741,78211543
742,78211543
743,78211543
741,78211544
742,78211544
743,78211544
741,78211545
742,78211545
743,78211545
741,78211546
742,78211546
743,78211546
741,78211547
742,78211547
743,78211547
741,78211548
742,78211548
743,78211548
741,78211549
742,78211549
743,78211549
741,78211550
742,78211550
743,78211550
741,78210135
742,78210135
743,78210135
741,78210207
742,78210207
743,78210207
741,78210230
742,78210230
743,78210230
741,78210262
742,78210262
743,78210262
741,78210297
742,78210297
743,78210297
741,78210353
742,78210353
743,78210353
741,78210814
742,78210814
743,78210814
741,78211044
742,78211044
743,78211044
741,78211049
742,78211049
743,78211049
741,78211050
742,78211050
743,78211050
741,78211051
742,78211051
743,78211051
741,78211813
742,78211813
743,78211813
741,78211814
742,78211814
743,78211814
741,78211815
742,78211815
743,78211815
741,78211816
742,78211816
743,78211816
741,78211817
742,78211817
743,78211817
741,78211818
742,78211818
743,78211818
741,78211819
742,78211819
743,78211819
741,78211820
742,78211820
743,78211820
741,78211821
742,78211821
743,78211821
741,78211822
742,78211822
743,78211822
741,78211823
742,78211823
743,78211823
741,78211824
742,78211824
743,78211824
741,78211825
742,78211825
743,78211825
741,78433670
742,78433670
743,78433670
741,78433681
742,78433681
743,78433681
741,78433693
742,78433693
743,78433693
741,78433743
742,78433743
743,78433743
741,78433762
742,78433762
743,78433762
741,78433796
742,78433796
743,78433796
741,78433822
742,78433822
743,78433822
741,78433847
742,78433847
743,78433847
741,78433883
742,78433883
743,78433883
741,78433924
742,78433924
743,78433924
741,78434006
742,78434006
743,78434006
741,78434056
742,78434056
743,78434056
741,78434065
742,78434065
743,78434065
741,78434121
742,78434121
743,78434121
741,78434260
742,78434260
743,78434260
741,78434270
742,78434270
743,78434270
741,78434320
742,78434320
743,78434320
741,78434354
742,78434354
743,78434354
741,78434358
742,78434358
743,78434358
741,78435179
742,78435179
743,78435179
741,78435180
742,78435180
743,78435180
741,78435181
742,78435181
743,78435181
741,78435182
742,78435182
743,78435182
741,78435183
742,78435183
743,78435183
741,78435184
742,78435184
743,78435184
741,78435185
742,78435185
743,78435185
741,78435186
742,78435186
743,78435186
741,78435187
742,78435187
743,78435187
741,78435188
742,78435188
743,78435188
741,78435189
742,78435189
743,78435189
89,78063176
93,78063176
89,78067262
93,78067262
89,78262166
93,78262166
89,78155369
93,78155369
89,78370856
93,78370856
89,78374030
93,78374030
89,78272627
93,78272627
89,78265383
93,78265383
8,78171840_1
22,78171840_2
66,78172447_1
23,78172447_2
57,78172447_2
66,78172447_3
19,78180617_1
201,78180617_2
19,78180618_1
201,78180618_2
66,78181249_1
23,78181249_2
57,78181249_2
66,78181249_3
8,78181540_1
57,78181540_2
39,78941372_1
36,78941372_2
39,78941374_1
38,78941374_2
39,78941375_1
37,78941375_2
39,78941376_1
38,78941376_2
38,78941377_1
39,78941377_2
37,78941378_1
39,78941378_2
32,78941740_1
39,78941740_2
39,78941879_1
21,78941879_2
21,78941965_1
39,78941965_2
34,78942124_1
39,78942124_2
39,78942186_1
34,78942186_2
39,78942252_1
32,78942252_2
39,78950224_1
36,78950224_2
39,78950226_1
38,78950226_2
39,78950227_1
37,78950227_2
39,78950228_1
38,78950228_2
38,78950229_1
39,78950229_2
37,78950230_1
39,78950230_2
32,78950592_1
39,78950592_2
39,78950731_1
21,78950731_2
21,78950817_1
39,78950817_2
34,78950976_1
39,78950976_2
39,78951038_1
34,78951038_2
39,78951104_1
32,78951104_2
19,78977081_1
201,78977081_2
19,78977082_1
201,78977082_2
66,78977713_1
23,78977713_2
57,78977713_2
66,78977713_3
8,78978004_1
57,78978004_2
19,79305738_1
201,79305738_2
19,79305739_1
201,79305739_2
66,79306373_1
57,79306373_2
23,79306373_2
66,79306373_3
8,79306664_1
57,79306664_2
CR-Franklin,FBWMLConstruction-859920-856
CR-Franklin,FBWMLConstruction-859927-874
CR-Franklin,FBWMLConstruction-859928-875
CR-Franklin,FBWMLConstruction-859931-885
CR-Franklin,FBWMLConstruction-859934-892
CR-Franklin,FBWMLConstruction-859935-893
CR-Franklin,FBWMLConstruction-859938-908
CR-Franklin,FBWMLConstruction-859966-984
CR-Kingston,FBWMLConstruction-859856-2047
CR-Needham,FBWMLConstruction-859933-889
CR-Needham,FBWMLConstruction-859935-893
CR-Fairmount,FBWMLConstruction-859967-991
CR-Fairmount,FBWMLConstruction-860116-776
CR-Fairmount,FBWMLConstruction-860137-1709
CR-Fairmount,FBWMLConstruction-860139-1708
CR-Fairmount,FBWMLConstruction-860142-1775
CR-Fairmount,FBWMLConstruction-860158-1785
CR-Fairmount,FBWMLConstruction-860161-1782
CR-Fairmount,FBWMLConstruction-860176-784
CR-Fairmount,FBWMLConstruction-860182-1788
CR-Fairmount,FBWMLConstruction-860205-793
CR-Fairmount,FBWMLConstruction-860214-1756
CR-Franklin,Route24Bridge-866500-5806
CR-Franklin,Route24Bridge-866501-5815
CR-Franklin,Route24Bridge-866502-5821
CR-Franklin,Route24Bridge-866503-5824
CR-Franklin,Route24Bridge-866504-5830
CR-Franklin,Route24Bridge-866505-5831
CR-Franklin,Route24Bridge-866506-5838
CR-Franklin,Route24Bridge-866507-5839
CR-Franklin,Route24Bridge-866508-5846
CR-Franklin,Route24Bridge-866509-5847
CR-Franklin,Route24Bridge-866510-5855
CR-Franklin,Route24Bridge-866511-5856
CR-Franklin,Route24Bridge-866512-5867
CR-Franklin,Route24Bridge-866513-5868
CR-Franklin,Route24Bridge-866514-5877
CR-Franklin,Route24Bridge-866515-5878
CR-Franklin,Route24Bridge-866516-5884
CR-Franklin,Route24Bridge-866517-5885
CR-Franklin,Route24Bridge-866518-5892
CR-Franklin,Route24Bridge-866519-5893
CR-Kingston,Route24Bridge-866805-7047
CR-Fairmount,Route24Bridge-866646-5706
CR-Fairmount,Route24Bridge-866651-5715
CR-Fairmount,Route24Bridge-866700-5793
CR-Fairmount,Route24Bridge-866703-5721
CR-Fairmount,Route24Bridge-866704-5724
CR-Fairmount,Route24Bridge-866718-5784
CR-Fairmount,Route24Bridge-866720-5785
CR-Fairmount,Route24Bridge-866721-5768
CR-Fairmount,Route24Bridge-866722-5778
CR-Fairmount,Route24Bridge-866723-5767
CR-Fairmount,Route24Bridge-866724-5754
CR-Fairmount,Route24Bridge-866725-5755
CR-Fairmount,Route24Bridge-866726-5730
CR-Fairmount,Route24Bridge-866727-5731
CR-Fairmount,Route24Bridge-866728-5738
CR-Fairmount,Route24Bridge-866729-5739
CR-Fairmount,Route24Bridge-866730-5746
CR-Fairmount,Route24Bridge-866731-5777
CR-Fairmount,Route24Bridge-866732-5747
CR-Franklin,SouthBase-793087-5806
CR-Franklin,SouthBase-793088-5815
CR-Franklin,SouthBase-793089-5821
CR-Franklin,SouthBase-793090-5824
CR-Franklin,SouthBase-793091-5830
CR-Franklin,SouthBase-793092-5831
CR-Franklin,SouthBase-793093-5838
CR-Franklin,SouthBase-793094-5839
CR-Franklin,SouthBase-793095-5846
CR-Franklin,SouthBase-793096-5847
CR-Franklin,SouthBase-793097-5855
CR-Franklin,SouthBase-793098-5856
CR-Franklin,SouthBase-793099-5867
CR-Franklin,SouthBase-793100-5868
CR-Franklin,SouthBase-793101-5877
CR-Franklin,SouthBase-793102-5878
CR-Franklin,SouthBase-793103-5884
CR-Franklin,SouthBase-793104-5885
CR-Franklin,SouthBase-793105-5892
CR-Franklin,SouthBase-793106-5893
CR-Kingston,SouthBase-793184-7047
CR-Fairmount,SouthBase-830375-5706
CR-Fairmount,SouthBase-830380-5715
CR-Fairmount,SouthBase-830429-5793
CR-Fairmount,SouthBase-830432-5721
CR-Fairmount,SouthBase-830433-5724
CR-Fairmount,SouthBase-830447-5784
CR-Fairmount,SouthBase-830449-5785
CR-Fairmount,SouthBase-830450-5768
CR-Fairmount,SouthBase-830451-5778
CR-Fairmount,SouthBase-830452-5767
CR-Fairmount,SouthBase-830453-5754
CR-Fairmount,SouthBase-830454-5755
CR-Fairmount,SouthBase-830455-5730
CR-Fairmount,SouthBase-830456-5731
CR-Fairmount,SouthBase-830457-5738
CR-Fairmount,SouthBase-830458-5739
CR-Fairmount,SouthBase-830459-5746
CR-Fairmount,SouthBase-830460-5777
CR-Fairmount,SouthBase-830461-5747
CR-Franklin,CR-FoxboroWalpole-FallConstructionWeekday-0-08:28:00
CR-Franklin,CR-FoxboroWalpole-FallConstructionWeekday-0-10:33:00
CR-Franklin,CR-FoxboroWalpole-FallConstructionWeekday-0-12:38:00
CR-Franklin,CR-FoxboroWalpole-FallConstructionWeekday-0-13:44:00
CR-Franklin,CR-FoxboroWalpole-FallConstructionWeekday-1-09:07:00
CR-Franklin,CR-FoxboroWalpole-FallConstructionWeekday-1-11:11:00
CR-Franklin,CR-FoxboroWalpole-FallConstructionWeekday-1-13:27:00
CR-Franklin,CR-FoxboroWalpole-FallConstructionWeekday-1-14:46:00
CR-NewBedford,CR-MiddleboroughFallRiverNewBedford-FallRiver-0-06:45:00
CR-NewBedford,CR-MiddleboroughFallRiverNewBedford-FallRiver-0-09:30:00
CR-NewBedford,CR-MiddleboroughFallRiverNewBedford-FallRiver-0-10:44:00
CR-NewBedford,CR-MiddleboroughFallRiverNewBedford-FallRiver-0-11:59:00
CR-NewBedford,CR-MiddleboroughFallRiverNewBedford-FallRiver-0-13:14:00
CR-NewBedford,CR-MiddleboroughFallRiverNewBedford-FallRiver-0-14:16:00
CR-NewBedford,CR-MiddleboroughFallRiverNewBedford-FallRiver-0-15:30:00
CR-NewBedford,CR-MiddleboroughFallRiverNewBedford-FallRiver-0-16:46:00
CR-NewBedford,CR-MiddleboroughFallRiverNewBedford-FallRiver-0-18:01:00
CR-NewBedford,CR-MiddleboroughFallRiverNewBedford-FallRiver-0-19:19:00
CR-NewBedford,CR-MiddleboroughFallRiverNewBedford-FallRiver-0-21:09:00
CR-NewBedford,CR-MiddleboroughFallRiverNewBedford-FallRiver-0-23:19:00
CR-NewBedford,CR-MiddleboroughFallRiverNewBedford-FallRiver-0-24:59:00
CR-NewBedford,CR-MiddleboroughFallRiverNewBedford-FallRiver-1-04:22:00
CR-NewBedford,CR-MiddleboroughFallRiverNewBedford-FallRiver-1-05:54:00
CR-NewBedford,CR-MiddleboroughFallRiverNewBedford-FallRiver-1-07:55:00
CR-NewBedford,CR-MiddleboroughFallRiverNewBedford-FallRiver-1-08:49:00
CR-NewBedford,CR-MiddleboroughFallRiverNewBedford-FallRiver-1-10:04:00
CR-NewBedford,CR-MiddleboroughFallRiverNewBedford-FallRiver-1-11:14:00
CR-NewBedford,CR-MiddleboroughFallRiverNewBedford-FallRiver-1-12:29:00
CR-NewBedford,CR-MiddleboroughFallRiverNewBedford-FallRiver-1-13:30:00
CR-NewBedford,CR-MiddleboroughFallRiverNewBedford-FallRiver-1-14:45:00
CR-NewBedford,CR-MiddleboroughFallRiverNewBedford-FallRiver-1-16:05:00
CR-NewBedford,CR-MiddleboroughFallRiverNewBedford-FallRiver-1-18:23:00
CR-NewBedford,CR-MiddleboroughFallRiverNewBedford-FallRiver-1-20:33:00
CR-NewBedford,CR-MiddleboroughFallRiverNewBedford-FallRiver-1-22:33:00
CR-NewBedford,CR-MiddleboroughFallRiverNewBedford-NewBedford-0-06:45:00
CR-NewBedford,CR-MiddleboroughFallRiverNewBedford-NewBedford-0-09:30:00
CR-NewBedford,CR-MiddleboroughFallRiverNewBedford-NewBedford-0-10:44:00
CR-NewBedford,CR-MiddleboroughFallRiverNewBedford-NewBedford-0-11:59:00
CR-NewBedford,CR-MiddleboroughFallRiverNewBedford-NewBedford-0-13:14:00
CR-NewBedford,CR-MiddleboroughFallRiverNewBedford-NewBedford-0-14:16:00
CR-NewBedford,CR-MiddleboroughFallRiverNewBedford-NewBedford-0-15:30:00
CR-NewBedford,CR-MiddleboroughFallRiverNewBedford-NewBedford-0-16:46:00
CR-NewBedford,CR-MiddleboroughFallRiverNewBedford-NewBedford-0-18:01:00
CR-NewBedford,CR-MiddleboroughFallRiverNewBedford-NewBedford-0-19:19:00
CR-NewBedford,CR-MiddleboroughFallRiverNewBedford-NewBedford-0-21:09:00
CR-NewBedford,CR-MiddleboroughFallRiverNewBedford-NewBedford-0-23:19:00
CR-NewBedford,CR-MiddleboroughFallRiverNewBedford-NewBedford-0-24:59:00
CR-NewBedford,CR-MiddleboroughFallRiverNewBedford-NewBedford-1-04:32:00
CR-NewBedford,CR-MiddleboroughFallRiverNewBedford-NewBedford-1-06:04:00
CR-NewBedford,CR-MiddleboroughFallRiverNewBedford-NewBedford-1-08:00:00
CR-NewBedford,CR-MiddleboroughFallRiverNewBedford-NewBedford-1-08:54:00
CR-NewBedford,CR-MiddleboroughFallRiverNewBedford-NewBedford-1-10:09:00
CR-NewBedford,CR-MiddleboroughFallRiverNewBedford-NewBedford-1-11:19:00
CR-NewBedford,CR-MiddleboroughFallRiverNewBedford-NewBedford-1-12:34:00
CR-NewBedford,CR-MiddleboroughFallRiverNewBedford-NewBedford-1-13:35:00
CR-NewBedford,CR-MiddleboroughFallRiverNewBedford-NewBedford-1-14:50:00
CR-NewBedford,CR-MiddleboroughFallRiverNewBedford-NewBedford-1-16:10:00
CR-NewBedford,CR-MiddleboroughFallRiverNewBedford-NewBedford-1-18:23:00
CR-NewBedford,CR-MiddleboroughFallRiverNewBedford-NewBedford-1-20:33:00
CR-NewBedford,CR-MiddleboroughFallRiverNewBedford-NewBedford-1-22:38:00
Green-B,Green-B-8-Sunday-e7e26-0-06:08:00
Green-B,Green-B-8-Sunday-e7e26-0-06:13:00
Green-B,Green-B-8-Sunday-e7e26-0-06:18:00
Green-B,Green-B-8-Sunday-e7e26-0-06:23:00
Green-B,Green-B-8-Sunday-e7e26-0-06:28:00
Green-B,Green-B-8-Sunday-e7e26-0-06:33:00
Green-B,Green-B-8-Sunday-e7e26-0-06:38:00
Green-B,Green-B-8-Sunday-e7e26-0-06:43:00
Green-B,Green-B-8-Sunday-e7e26-0-06:48:00
Green-B,Green-B-8-Sunday-e7e26-0-06:53:00
Green-B,Green-B-8-Sunday-e7e26-0-06:58:00
Green-B,Green-B-8-Sunday-e7e26-0-07:03:00
Green-B,Green-B-8-Sunday-e7e26-0-07:08:00
Green-B,Green-B-8-Sunday-e7e26-0-07:13:00
Green-B,Green-B-8-Sunday-e7e26-0-07:18:00
Green-B,Green-B-8-Sunday-e7e26-0-07:23:00
Green-B,Green-B-8-Sunday-e7e26-0-07:28:00
Green-B,Green-B-8-Sunday-e7e26-0-07:33:00
Green-B,Green-B-8-Sunday-e7e26-0-07:38:00
Green-B,Green-B-8-Sunday-e7e26-0-07:43:00
Green-B,Green-B-8-Sunday-e7e26-0-07:48:00
Green-B,Green-B-8-Sunday-e7e26-0-07:53:00
Green-B,Green-B-8-Sunday-e7e26-0-07:58:00
Green-B,Green-B-8-Sunday-e7e26-0-08:03:00
Green-B,Green-B-8-Sunday-e7e26-0-08:08:00
Green-B,Green-B-8-Sunday-e7e26-0-08:13:00
Green-B,Green-B-8-Sunday-e7e26-0-08:18:00
Green-B,Green-B-8-Sunday-e7e26-0-08:23:00
Green-B,Green-B-8-Sunday-e7e26-0-08:28:00
Green-B,Green-B-8-Sunday-e7e26-0-08:33:00
Green-B,Green-B-8-Sunday-e7e26-0-08:38:00
Green-B,Green-B-8-Sunday-e7e26-0-08:43:00
Green-B,Green-B-8-Sunday-e7e26-0-08:48:00
Green-B,Green-B-8-Sunday-e7e26-0-08:53:00
Green-B,Green-B-8-Sunday-e7e26-0-08:58:00
Green-B,Green-B-8-Sunday-e7e26-0-09:03:00
Green-B,Green-B-8-Sunday-e7e26-0-09:09:00
Green-B,Green-B-8-Sunday-e7e26-0-09:15:00
Green-B,Green-B-8-Sunday-e7e26-0-09:21:00
Green-B,Green-B-8-Sunday-e7e26-0-09:27:00
Green-B,Green-B-8-Sunday-e7e26-0-09:33:00
Green-B,Green-B-8-Sunday-e7e26-0-09:39:00
Green-B,Green-B-8-Sunday-e7e26-0-09:45:00
Green-B,Green-B-8-Sunday-e7e26-0-09:51:00
Green-B,Green-B-8-Sunday-e7e26-0-09:57:00
Green-B,Green-B-8-Sunday-e7e26-0-10:03:00
Green-B,Green-B-8-Sunday-e7e26-0-10:08:00
Green-B,Green-B-8-Sunday-e7e26-0-10:13:00
Green-B,Green-B-8-Sunday-e7e26-0-10:18:00
Green-B,Green-B-8-Sunday-e7e26-0-10:23:00
Green-B,Green-B-8-Sunday-e7e26-0-10:28:00
Green-B,Green-B-8-Sunday-e7e26-0-10:33:00
Green-B,Green-B-8-Sunday-e7e26-0-10:38:00
Green-B,Green-B-8-Sunday-e7e26-0-10:43:00
Green-B,Green-B-8-Sunday-e7e26-0-10:48:00
Green-B,Green-B-8-Sunday-e7e26-0-10:53:00
Green-B,Green-B-8-Sunday-e7e26-0-10:58:00
Green-B,Green-B-8-Sunday-e7e26-0-11:03:00
Green-B,Green-B-8-Sunday-e7e26-0-11:07:00
Green-B,Green-B-8-Sunday-e7e26-0-11:11:00
Green-B,Green-B-8-Sunday-e7e26-0-11:15:00
Green-B,Green-B-8-Sunday-e7e26-0-11:19:00
Green-B,Green-B-8-Sunday-e7e26-0-11:23:00
Green-B,Green-B-8-Sunday-e7e26-0-11:27:00
Green-B,Green-B-8-Sunday-e7e26-0-11:31:00
Green-B,Green-B-8-Sunday-e7e26-0-11:35:00
Green-B,Green-B-8-Sunday-e7e26-0-11:39:00
Green-B,Green-B-8-Sunday-e7e26-0-11:43:00
Green-B,Green-B-8-Sunday-e7e26-0-11:47:00
Green-B,Green-B-8-Sunday-e7e26-0-11:51:00
Green-B,Green-B-8-Sunday-e7e26-0-11:55:00
Green-B,Green-B-8-Sunday-e7e26-0-11:59:00
Green-B,Green-B-8-Sunday-e7e26-0-12:03:00
Green-B,Green-B-8-Sunday-e7e26-0-12:07:00
Green-B,Green-B-8-Sunday-e7e26-0-12:11:00
Green-B,Green-B-8-Sunday-e7e26-0-12:15:00
Green-B,Green-B-8-Sunday-e7e26-0-12:19:00
Green-B,Green-B-8-Sunday-e7e26-0-12:23:00
Green-B,Green-B-8-Sunday-e7e26-0-12:27:00
Green-B,Green-B-8-Sunday-e7e26-0-12:31:00
Green-B,Green-B-8-Sunday-e7e26-0-12:35:00
Green-B,Green-B-8-Sunday-e7e26-0-12:39:00
Green-B,Green-B-8-Sunday-e7e26-0-12:43:00
Green-B,Green-B-8-Sunday-e7e26-0-12:47:00
Green-B,Green-B-8-Sunday-e7e26-0-12:51:00
Green-B,Green-B-8-Sunday-e7e26-0-12:55:00
Green-B,Green-B-8-Sunday-e7e26-0-12:59:00
Green-B,Green-B-8-Sunday-e7e26-0-13:03:00
Green-B,Green-B-8-Sunday-e7e26-0-13:07:00
Green-B,Green-B-8-Sunday-e7e26-0-13:11:00
Green-B,Green-B-8-Sunday-e7e26-0-13:15:00
Green-B,Green-B-8-Sunday-e7e26-0-13:19:00
Green-B,Green-B-8-Sunday-e7e26-0-13:23:00
Green-B,Green-B-8-Sunday-e7e26-0-13:27:00
Green-B,Green-B-8-Sunday-e7e26-0-13:31:00
Green-B,Green-B-8-Sunday-e7e26-0-13:35:00
Green-B,Green-B-8-Sunday-e7e26-0-13:39:00
Green-B,Green-B-8-Sunday-e7e26-0-13:43:00
Green-B,Green-B-8-Sunday-e7e26-0-13:47:00
Green-B,Green-B-8-Sunday-e7e26-0-13:51:00
Green-B,Green-B-8-Sunday-e7e26-0-13:55:00
Green-B,Green-B-8-Sunday-e7e26-0-13:59:00
Green-B,Green-B-8-Sunday-e7e26-0-14:03:00
Green-B,Green-B-8-Sunday-e7e26-0-14:07:00
Green-B,Green-B-8-Sunday-e7e26-0-14:11:00
Green-B,Green-B-8-Sunday-e7e26-0-14:15:00
Green-B,Green-B-8-Sunday-e7e26-0-14:19:00
Green-B,Green-B-8-Sunday-e7e26-0-14:23:00
Green-B,Green-B-8-Sunday-e7e26-0-14:27:00
Green-B,Green-B-8-Sunday-e7e26-0-14:31:00
Green-B,Green-B-8-Sunday-e7e26-0-14:35:00
Green-B,Green-B-8-Sunday-e7e26-0-14:39:00
Green-B,Green-B-8-Sunday-e7e26-0-14:43:00
Green-B,Green-B-8-Sunday-e7e26-0-14:47:00
Green-B,Green-B-8-Sunday-e7e26-0-14:51:00
Green-B,Green-B-8-Sunday-e7e26-0-14:55:00
Green-B,Green-B-8-Sunday-e7e26-0-14:59:00
Green-B,Green-B-8-Sunday-e7e26-0-15:03:00
Green-B,Green-B-8-Sunday-e7e26-0-15:07:00
Green-B,Green-B-8-Sunday-e7e26-0-15:11:00
Green-B,Green-B-8-Sunday-e7e26-0-15:15:00
Green-B,Green-B-8-Sunday-e7e26-0-15:19:00
Green-B,Green-B-8-Sunday-e7e26-0-15:23:00
Green-B,Green-B-8-Sunday-e7e26-0-15:27:00
Green-B,Green-B-8-Sunday-e7e26-0-15:31:00
Green-B,Green-B-8-Sunday-e7e26-0-15:35:00
Green-B,Green-B-8-Sunday-e7e26-0-15:39:00
Green-B,Green-B-8-Sunday-e7e26-0-15:43:00
Green-B,Green-B-8-Sunday-e7e26-0-15:47:00
Green-B,Green-B-8-Sunday-e7e26-0-15:51:00
Green-B,Green-B-8-Sunday-e7e26-0-15:55:00
Green-B,Green-B-8-Sunday-e7e26-0-15:59:00
Green-B,Green-B-8-Sunday-e7e26-0-16:03:00
Green-B,Green-B-8-Sunday-e7e26-0-16:07:00
Green-B,Green-B-8-Sunday-e7e26-0-16:11:00
Green-B,Green-B-8-Sunday-e7e26-0-16:15:00
Green-B,Green-B-8-Sunday-e7e26-0-16:19:00
Green-B,Green-B-8-Sunday-e7e26-0-16:23:00
Green-B,Green-B-8-Sunday-e7e26-0-16:27:00
Green-B,Green-B-8-Sunday-e7e26-0-16:31:00
Green-B,Green-B-8-Sunday-e7e26-0-16:35:00
Green-B,Green-B-8-Sunday-e7e26-0-16:39:00
Green-B,Green-B-8-Sunday-e7e26-0-16:43:00
Green-B,Green-B-8-Sunday-e7e26-0-16:47:00
Green-B,Green-B-8-Sunday-e7e26-0-16:51:00
Green-B,Green-B-8-Sunday-e7e26-0-16:55:00
Green-B,Green-B-8-Sunday-e7e26-0-16:59:00
Green-B,Green-B-8-Sunday-e7e26-0-17:03:00
Green-B,Green-B-8-Sunday-e7e26-0-17:07:00
Green-B,Green-B-8-Sunday-e7e26-0-17:11:00
Green-B,Green-B-8-Sunday-e7e26-0-17:15:00
Green-B,Green-B-8-Sunday-e7e26-0-17:19:00
Green-B,Green-B-8-Sunday-e7e26-0-17:23:00
Green-B,Green-B-8-Sunday-e7e26-0-17:27:00
Green-B,Green-B-8-Sunday-e7e26-0-17:31:00
Green-B,Green-B-8-Sunday-e7e26-0-17:35:00
Green-B,Green-B-8-Sunday-e7e26-0-17:39:00
Green-B,Green-B-8-Sunday-e7e26-0-17:43:00
Green-B,Green-B-8-Sunday-e7e26-0-17:47:00
Green-B,Green-B-8-Sunday-e7e26-0-17:51:00
Green-B,Green-B-8-Sunday-e7e26-0-17:55:00
Green-B,Green-B-8-Sunday-e7e26-0-17:59:00
Green-B,Green-B-8-Sunday-e7e26-0-18:03:00
Green-B,Green-B-8-Sunday-e7e26-0-18:11:00
Green-B,Green-B-8-Sunday-e7e26-0-18:19:00
Green-B,Green-B-8-Sunday-e7e26-0-18:27:00
Green-B,Green-B-8-Sunday-e7e26-0-18:35:00
Green-B,Green-B-8-Sunday-e7e26-0-18:43:00
Green-B,Green-B-8-Sunday-e7e26-0-18:51:00
Green-B,Green-B-8-Sunday-e7e26-0-18:59:00
Green-B,Green-B-8-Sunday-e7e26-0-19:07:00
Green-B,Green-B-8-Sunday-e7e26-0-19:14:00
Green-B,Green-B-8-Sunday-e7e26-0-19:21:00
Green-B,Green-B-8-Sunday-e7e26-0-19:28:00
Green-B,Green-B-8-Sunday-e7e26-0-19:35:00
Green-B,Green-B-8-Sunday-e7e26-0-19:42:00
Green-B,Green-B-8-Sunday-e7e26-0-19:49:00
Green-B,Green-B-8-Sunday-e7e26-0-19:56:00
Green-B,Green-B-8-Sunday-e7e26-0-20:03:00
Green-B,Green-B-8-Sunday-e7e26-0-20:10:00
Green-B,Green-B-8-Sunday-e7e26-0-20:17:00
Green-B,Green-B-8-Sunday-e7e26-0-20:24:00
Green-B,Green-B-8-Sunday-e7e26-0-20:31:00
Green-B,Green-B-8-Sunday-e7e26-0-20:38:00
Green-B,Green-B-8-Sunday-e7e26-0-20:45:00
Green-B,Green-B-8-Sunday-e7e26-0-20:52:00
Green-B,Green-B-8-Sunday-e7e26-0-20:59:00
Green-B,Green-B-8-Sunday-e7e26-0-21:06:00
Green-B,Green-B-8-Sunday-e7e26-0-21:12:00
Green-B,Green-B-8-Sunday-e7e26-0-21:18:00
Green-B,Green-B-8-Sunday-e7e26-0-21:24:00
Green-B,Green-B-8-Sunday-e7e26-0-21:30:00
Green-B,Green-B-8-Sunday-e7e26-0-21:36:00
Green-B,Green-B-8-Sunday-e7e26-0-21:42:00
Green-B,Green-B-8-Sunday-e7e26-0-21:48:00
Green-B,Green-B-8-Sunday-e7e26-0-21:54:00
Green-B,Green-B-8-Sunday-e7e26-0-22:00:00
Green-B,Green-B-8-Sunday-e7e26-0-22:06:00
Green-B,Green-B-8-Sunday-e7e26-0-22:12:00
Green-B,Green-B-8-Sunday-e7e26-0-22:18:00
Green-B,Green-B-8-Sunday-e7e26-0-22:24:00
Green-B,Green-B-8-Sunday-e7e26-0-22:30:00
Green-B,Green-B-8-Sunday-e7e26-0-22:36:00
Green-B,Green-B-8-Sunday-e7e26-0-22:42:00
Green-B,Green-B-8-Sunday-e7e26-0-22:48:00
Green-B,Green-B-8-Sunday-e7e26-0-22:54:00
Green-B,Green-B-8-Sunday-e7e26-0-23:00:00
Green-B,Green-B-8-Sunday-e7e26-0-23:06:00
Green-B,Green-B-8-Sunday-e7e26-0-23:12:00
Green-B,Green-B-8-Sunday-e7e26-0-23:18:00
Green-B,Green-B-8-Sunday-e7e26-0-23:24:00
Green-B,Green-B-8-Sunday-e7e26-0-23:30:00
Green-B,Green-B-8-Sunday-e7e26-0-23:36:00
Green-B,Green-B-8-Sunday-e7e26-0-23:42:00
Green-B,Green-B-8-Sunday-e7e26-0-23:48:00
Green-B,Green-B-8-Sunday-e7e26-0-23:54:00
Green-B,Green-B-8-Sunday-e7e26-0-24:00:00
Green-B,Green-B-8-Sunday-e7e26-0-24:05:00
Green-B,Green-B-8-Sunday-e7e26-0-24:10:00
Green-B,Green-B-8-Sunday-e7e26-0-24:15:00
Green-B,Green-B-8-Sunday-e7e26-0-24:20:00
Green-B,Green-B-8-Sunday-e7e26-0-24:25:00
Green-B,Green-B-8-Sunday-e7e26-0-24:30:00
Green-B,Green-B-8-Sunday-e7e26-0-24:35:00
Green-B,Green-B-8-Sunday-e7e26-0-24:40:00
Green-B,Green-B-8-Sunday-e7e26-0-24:45:00
Green-B,Green-B-8-Sunday-e7e26-0-24:50:00
Green-B,Green-B-8-Sunday-e7e26-0-24:55:00
Green-B,Green-B-8-Sunday-e7e26-0-25:00:00
Green-B,Green-B-8-Sunday-e7e26-0-25:05:00
Green-B,Green-B-8-Sunday-e7e26-0-25:07:00
Green-B,Green-B-8-Sunday-e7e26-1-05:41:00
Green-B,Green-B-8-Sunday-e7e26-1-05:46:00
Green-B,Green-B-8-Sunday-e7e26-1-05:51:00
Green-B,Green-B-8-Sunday-e7e26-1-05:56:00
Green-B,Green-B-8-Sunday-e7e26-1-06:01:00
Green-B,Green-B-8-Sunday-e7e26-1-06:06:00
Green-B,Green-B-8-Sunday-e7e26-1-06:11:00
Green-B,Green-B-8-Sunday-e7e26-1-06:16:00
Green-B,Green-B-8-Sunday-e7e26-1-06:21:00
Green-B,Green-B-8-Sunday-e7e26-1-06:26:00
Green-B,Green-B-8-Sunday-e7e26-1-06:31:00
Green-B,Green-B-8-Sunday-e7e26-1-06:36:00
Green-B,Green-B-8-Sunday-e7e26-1-06:41:00
Green-B,Green-B-8-Sunday-e7e26-1-06:46:00
Green-B,Green-B-8-Sunday-e7e26-1-06:51:00
Green-B,Green-B-8-Sunday-e7e26-1-06:56:00
Green-B,Green-B-8-Sunday-e7e26-1-07:01:00
Green-B,Green-B-8-Sunday-e7e26-1-07:06:00
Green-B,Green-B-8-Sunday-e7e26-1-07:11:00
Green-B,Green-B-8-Sunday-e7e26-1-07:16:00
Green-B,Green-B-8-Sunday-e7e26-1-07:21:00
Green-B,Green-B-8-Sunday-e7e26-1-07:26:00
Green-B,Green-B-8-Sunday-e7e26-1-07:31:00
Green-B,Green-B-8-Sunday-e7e26-1-07:36:00
Green-B,Green-B-8-Sunday-e7e26-1-07:41:00
Green-B,Green-B-8-Sunday-e7e26-1-07:46:00
Green-B,Green-B-8-Sunday-e7e26-1-07:51:00
Green-B,Green-B-8-Sunday-e7e26-1-07:56:00
Green-B,Green-B-8-Sunday-e7e26-1-08:01:00
Green-B,Green-B-8-Sunday-e7e26-1-08:06:00
Green-B,Green-B-8-Sunday-e7e26-1-08:11:00
Green-B,Green-B-8-Sunday-e7e26-1-08:16:00
Green-B,Green-B-8-Sunday-e7e26-1-08:21:00
Green-B,Green-B-8-Sunday-e7e26-1-08:26:00
Green-B,Green-B-8-Sunday-e7e26-1-08:31:00
Green-B,Green-B-8-Sunday-e7e26-1-08:36:00
Green-B,Green-B-8-Sunday-e7e26-1-08:41:00
Green-B,Green-B-8-Sunday-e7e26-1-08:46:00
Green-B,Green-B-8-Sunday-e7e26-1-08:51:00
Green-B,Green-B-8-Sunday-e7e26-1-08:56:00
Green-B,Green-B-8-Sunday-e7e26-1-09:01:00
Green-B,Green-B-8-Sunday-e7e26-1-09:07:00
Green-B,Green-B-8-Sunday-e7e26-1-09:13:00
Green-B,Green-B-8-Sunday-e7e26-1-09:19:00
Green-B,Green-B-8-Sunday-e7e26-1-09:25:00
Green-B,Green-B-8-Sunday-e7e26-1-09:31:00
Green-B,Green-B-8-Sunday-e7e26-1-09:37:00
Green-B,Green-B-8-Sunday-e7e26-1-09:43:00
Green-B,Green-B-8-Sunday-e7e26-1-09:49:00
Green-B,Green-B-8-Sunday-e7e26-1-09:55:00
Green-B,Green-B-8-Sunday-e7e26-1-10:01:00
Green-B,Green-B-8-Sunday-e7e26-1-10:06:00
Green-B,Green-B-8-Sunday-e7e26-1-10:11:00
Green-B,Green-B-8-Sunday-e7e26-1-10:16:00
Green-B,Green-B-8-Sunday-e7e26-1-10:21:00
Green-B,Green-B-8-Sunday-e7e26-1-10:26:00
Green-B,Green-B-8-Sunday-e7e26-1-10:31:00
Green-B,Green-B-8-Sunday-e7e26-1-10:36:00
Green-B,Green-B-8-Sunday-e7e26-1-10:41:00
Green-B,Green-B-8-Sunday-e7e26-1-10:46:00
Green-B,Green-B-8-Sunday-e7e26-1-10:51:00
Green-B,Green-B-8-Sunday-e7e26-1-10:56:00
Green-B,Green-B-8-Sunday-e7e26-1-11:01:00
Green-B,Green-B-8-Sunday-e7e26-1-11:05:00
Green-B,Green-B-8-Sunday-e7e26-1-11:09:00
Green-B,Green-B-8-Sunday-e7e26-1-11:13:00
Green-B,Green-B-8-Sunday-e7e26-1-11:17:00
Green-B,Green-B-8-Sunday-e7e26-1-11:21:00
Green-B,Green-B-8-Sunday-e7e26-1-11:25:00
Green-B,Green-B-8-Sunday-e7e26-1-11:29:00
Green-B,Green-B-8-Sunday-e7e26-1-11:33:00
Green-B,Green-B-8-Sunday-e7e26-1-11:37:00
Green-B,Green-B-8-Sunday-e7e26-1-11:41:00
Green-B,Green-B-8-Sunday-e7e26-1-11:45:00
Green-B,Green-B-8-Sunday-e7e26-1-11:49:00
Green-B,Green-B-8-Sunday-e7e26-1-11:53:00
Green-B,Green-B-8-Sunday-e7e26-1-11:57:00
Green-B,Green-B-8-Sunday-e7e26-1-12:01:00
Green-B,Green-B-8-Sunday-e7e26-1-12:05:00
Green-B,Green-B-8-Sunday-e7e26-1-12:09:00
Green-B,Green-B-8-Sunday-e7e26-1-12:13:00
Green-B,Green-B-8-Sunday-e7e26-1-12:17:00
Green-B,Green-B-8-Sunday-e7e26-1-12:21:00
Green-B,Green-B-8-Sunday-e7e26-1-12:25:00
Green-B,Green-B-8-Sunday-e7e26-1-12:29:00
Green-B,Green-B-8-Sunday-e7e26-1-12:33:00
Green-B,Green-B-8-Sunday-e7e26-1-12:37:00
Green-B,Green-B-8-Sunday-e7e26-1-12:41:00
Green-B,Green-B-8-Sunday-e7e26-1-12:45:00
Green-B,Green-B-8-Sunday-e7e26-1-12:49:00
Green-B,Green-B-8-Sunday-e7e26-1-12:53:00
Green-B,Green-B-8-Sunday-e7e26-1-12:57:00
Green-B,Green-B-8-Sunday-e7e26-1-13:01:00
Green-B,Green-B-8-Sunday-e7e26-1-13:05:00
Green-B,Green-B-8-Sunday-e7e26-1-13:09:00
Green-B,Green-B-8-Sunday-e7e26-1-13:13:00
Green-B,Green-B-8-Sunday-e7e26-1-13:17:00
Green-B,Green-B-8-Sunday-e7e26-1-13:21:00
Green-B,Green-B-8-Sunday-e7e26-1-13:25:00
Green-B,Green-B-8-Sunday-e7e26-1-13:29:00
Green-B,Green-B-8-Sunday-e7e26-1-13:33:00
Green-B,Green-B-8-Sunday-e7e26-1-13:37:00
Green-B,Green-B-8-Sunday-e7e26-1-13:41:00
Green-B,Green-B-8-Sunday-e7e26-1-13:45:00
Green-B,Green-B-8-Sunday-e7e26-1-13:49:00
Green-B,Green-B-8-Sunday-e7e26-1-13:53:00
Green-B,Green-B-8-Sunday-e7e26-1-13:57:00
Green-B,Green-B-8-Sunday-e7e26-1-14:01:00
Green-B,Green-B-8-Sunday-e7e26-1-14:05:00
Green-B,Green-B-8-Sunday-e7e26-1-14:09:00
Green-B,Green-B-8-Sunday-e7e26-1-14:13:00
Green-B,Green-B-8-Sunday-e7e26-1-14:17:00
Green-B,Green-B-8-Sunday-e7e26-1-14:21:00
Green-B,Green-B-8-Sunday-e7e26-1-14:25:00
Green-B,Green-B-8-Sunday-e7e26-1-14:29:00
Green-B,Green-B-8-Sunday-e7e26-1-14:33:00
Green-B,Green-B-8-Sunday-e7e26-1-14:37:00
Green-B,Green-B-8-Sunday-e7e26-1-14:41:00
Green-B,Green-B-8-Sunday-e7e26-1-14:45:00
Green-B,Green-B-8-Sunday-e7e26-1-14:49:00
Green-B,Green-B-8-Sunday-e7e26-1-14:53:00
Green-B,Green-B-8-Sunday-e7e26-1-14:57:00
Green-B,Green-B-8-Sunday-e7e26-1-15:01:00
Green-B,Green-B-8-Sunday-e7e26-1-15:05:00
Green-B,Green-B-8-Sunday-e7e26-1-15:09:00
Green-B,Green-B-8-Sunday-e7e26-1-15:13:00
Green-B,Green-B-8-Sunday-e7e26-1-15:17:00
Green-B,Green-B-8-Sunday-e7e26-1-15:21:00
Green-B,Green-B-8-Sunday-e7e26-1-15:25:00
Green-B,Green-B-8-Sunday-e7e26-1-15:29:00
Green-B,Green-B-8-Sunday-e7e26-1-15:33:00
Green-B,Green-B-8-Sunday-e7e26-1-15:37:00
Green-B,Green-B-8-Sunday-e7e26-1-15:41:00
Green-B,Green-B-8-Sunday-e7e26-1-15:45:00
Green-B,Green-B-8-Sunday-e7e26-1-15:49:00
Green-B,Green-B-8-Sunday-e7e26-1-15:53:00
Green-B,Green-B-8-Sunday-e7e26-1-15:57:00
Green-B,Green-B-8-Sunday-e7e26-1-16:01:00
Green-B,Green-B-8-Sunday-e7e26-1-16:05:00
Green-B,Green-B-8-Sunday-e7e26-1-16:09:00
Green-B,Green-B-8-Sunday-e7e26-1-16:13:00
Green-B,Green-B-8-Sunday-e7e26-1-16:17:00
Green-B,Green-B-8-Sunday-e7e26-1-16:21:00
Green-B,Green-B-8-Sunday-e7e26-1-16:25:00
Green-B,Green-B-8-Sunday-e7e26-1-16:29:00
Green-B,Green-B-8-Sunday-e7e26-1-16:33:00
Green-B,Green-B-8-Sunday-e7e26-1-16:37:00
Green-B,Green-B-8-Sunday-e7e26-1-16:41:00
Green-B,Green-B-8-Sunday-e7e26-1-16:45:00
Green-B,Green-B-8-Sunday-e7e26-1-16:49:00
Green-B,Green-B-8-Sunday-e7e26-1-16:53:00
Green-B,Green-B-8-Sunday-e7e26-1-16:57:00
Green-B,Green-B-8-Sunday-e7e26-1-17:01:00
Green-B,Green-B-8-Sunday-e7e26-1-17:05:00
Green-B,Green-B-8-Sunday-e7e26-1-17:09:00
Green-B,Green-B-8-Sunday-e7e26-1-17:13:00
Green-B,Green-B-8-Sunday-e7e26-1-17:17:00
Green-B,Green-B-8-Sunday-e7e26-1-17:21:00
Green-B,Green-B-8-Sunday-e7e26-1-17:25:00
Green-B,Green-B-8-Sunday-e7e26-1-17:29:00
Green-B,Green-B-8-Sunday-e7e26-1-17:33:00
Green-B,Green-B-8-Sunday-e7e26-1-17:37:00
Green-B,Green-B-8-Sunday-e7e26-1-17:41:00
Green-B,Green-B-8-Sunday-e7e26-1-17:45:00
Green-B,Green-B-8-Sunday-e7e26-1-17:49:00
Green-B,Green-B-8-Sunday-e7e26-1-17:53:00
Green-B,Green-B-8-Sunday-e7e26-1-17:57:00
Green-B,Green-B-8-Sunday-e7e26-1-18:01:00
Green-B,Green-B-8-Sunday-e7e26-1-18:09:00
Green-B,Green-B-8-Sunday-e7e26-1-18:17:00
Green-B,Green-B-8-Sunday-e7e26-1-18:25:00
Green-B,Green-B-8-Sunday-e7e26-1-18:33:00
Green-B,Green-B-8-Sunday-e7e26-1-18:41:00
Green-B,Green-B-8-Sunday-e7e26-1-18:49:00
Green-B,Green-B-8-Sunday-e7e26-1-18:57:00
Green-B,Green-B-8-Sunday-e7e26-1-19:05:00
Green-B,Green-B-8-Sunday-e7e26-1-19:12:00
Green-B,Green-B-8-Sunday-e7e26-1-19:19:00
Green-B,Green-B-8-Sunday-e7e26-1-19:26:00
Green-B,Green-B-8-Sunday-e7e26-1-19:33:00
Green-B,Green-B-8-Sunday-e7e26-1-19:40:00
Green-B,Green-B-8-Sunday-e7e26-1-19:47:00
Green-B,Green-B-8-Sunday-e7e26-1-19:54:00
Green-B,Green-B-8-Sunday-e7e26-1-20:01:00
Green-B,Green-B-8-Sunday-e7e26-1-20:08:00
Green-B,Green-B-8-Sunday-e7e26-1-20:15:00
Green-B,Green-B-8-Sunday-e7e26-1-20:22:00
Green-B,Green-B-8-Sunday-e7e26-1-20:29:00
Green-B,Green-B-8-Sunday-e7e26-1-20:36:00
Green-B,Green-B-8-Sunday-e7e26-1-20:43:00
Green-B,Green-B-8-Sunday-e7e26-1-20:50:00
Green-B,Green-B-8-Sunday-e7e26-1-20:57:00
Green-B,Green-B-8-Sunday-e7e26-1-21:04:00
Green-B,Green-B-8-Sunday-e7e26-1-21:10:00
Green-B,Green-B-8-Sunday-e7e26-1-21:16:00
Green-B,Green-B-8-Sunday-e7e26-1-21:22:00
Green-B,Green-B-8-Sunday-e7e26-1-21:28:00
Green-B,Green-B-8-Sunday-e7e26-1-21:34:00
Green-B,Green-B-8-Sunday-e7e26-1-21:40:00
Green-B,Green-B-8-Sunday-e7e26-1-21:46:00
Green-B,Green-B-8-Sunday-e7e26-1-21:52:00
Green-B,Green-B-8-Sunday-e7e26-1-21:58:00
Green-B,Green-B-8-Sunday-e7e26-1-22:04:00
Green-B,Green-B-8-Sunday-e7e26-1-22:10:00
Green-B,Green-B-8-Sunday-e7e26-1-22:16:00
Green-B,Green-B-8-Sunday-e7e26-1-22:22:00
Green-B,Green-B-8-Sunday-e7e26-1-22:28:00
Green-B,Green-B-8-Sunday-e7e26-1-22:34:00
Green-B,Green-B-8-Sunday-e7e26-1-22:40:00
Green-B,Green-B-8-Sunday-e7e26-1-22:46:00
Green-B,Green-B-8-Sunday-e7e26-1-22:52:00
Green-B,Green-B-8-Sunday-e7e26-1-22:58:00
Green-B,Green-B-8-Sunday-e7e26-1-23:04:00
Green-B,Green-B-8-Sunday-e7e26-1-23:10:00
Green-B,Green-B-8-Sunday-e7e26-1-23:16:00
Green-B,Green-B-8-Sunday-e7e26-1-23:22:00
Green-B,Green-B-8-Sunday-e7e26-1-23:28:00
Green-B,Green-B-8-Sunday-e7e26-1-23:34:00
Green-B,Green-B-8-Sunday-e7e26-1-23:40:00
Green-B,Green-B-8-Sunday-e7e26-1-23:46:00
Green-B,Green-B-8-Sunday-e7e26-1-23:52:00
Green-B,Green-B-8-Sunday-e7e26-1-23:58:00
Green-B,Green-B-8-Sunday-e7e26-1-24:04:00
Green-B,Green-B-8-Sunday-e7e26-1-24:09:00
Green-B,Green-B-8-Sunday-e7e26-1-24:14:00
Green-B,Green-B-8-Sunday-e7e26-1-24:19:00
Green-B,Green-B-8-Sunday-e7e26-1-24:24:00
Green-B,Green-B-8-Sunday-e7e26-1-24:29:00
Green-B,Green-B-8-Sunday-e7e26-1-24:34:00
Green-B,Green-B-8-Sunday-e7e26-1-24:35:00
Green-B,Green-B-8-Saturday-e7e26-0-05:43:00
Green-B,Green-B-8-Saturday-e7e26-0-05:46:00
Green-B,Green-B-8-Saturday-e7e26-0-05:49:00
Green-B,Green-B-8-Saturday-e7e26-0-05:52:00
Green-B,Green-B-8-Saturday-e7e26-0-05:55:00
Green-B,Green-B-8-Saturday-e7e26-0-05:58:00
Green-B,Green-B-8-Saturday-e7e26-0-06:01:00
Green-B,Green-B-8-Saturday-e7e26-0-06:05:00
Green-B,Green-B-8-Saturday-e7e26-0-06:09:00
Green-B,Green-B-8-Saturday-e7e26-0-06:13:00
Green-B,Green-B-8-Saturday-e7e26-0-06:17:00
Green-B,Green-B-8-Saturday-e7e26-0-06:21:00
Green-B,Green-B-8-Saturday-e7e26-0-06:25:00
Green-B,Green-B-8-Saturday-e7e26-0-06:29:00
Green-B,Green-B-8-Saturday-e7e26-0-06:33:00
Green-B,Green-B-8-Saturday-e7e26-0-06:37:00
Green-B,Green-B-8-Saturday-e7e26-0-06:41:00
Green-B,Green-B-8-Saturday-e7e26-0-06:45:00
Green-B,Green-B-8-Saturday-e7e26-0-06:49:00
Green-B,Green-B-8-Saturday-e7e26-0-06:53:00
Green-B,Green-B-8-Saturday-e7e26-0-06:57:00
Green-B,Green-B-8-Saturday-e7e26-0-07:01:00
Green-B,Green-B-8-Saturday-e7e26-0-07:05:00
Green-B,Green-B-8-Saturday-e7e26-0-07:09:00
Green-B,Green-B-8-Saturday-e7e26-0-07:13:00
Green-B,Green-B-8-Saturday-e7e26-0-07:17:00
Green-B,Green-B-8-Saturday-e7e26-0-07:21:00
Green-B,Green-B-8-Saturday-e7e26-0-07:25:00
Green-B,Green-B-8-Saturday-e7e26-0-07:29:00
Green-B,Green-B-8-Saturday-e7e26-0-07:33:00
Green-B,Green-B-8-Saturday-e7e26-0-07:37:00
Green-B,Green-B-8-Saturday-e7e26-0-07:41:00
Green-B,Green-B-8-Saturday-e7e26-0-07:45:00
Green-B,Green-B-8-Saturday-e7e26-0-07:49:00
Green-B,Green-B-8-Saturday-e7e26-0-07:53:00
Green-B,Green-B-8-Saturday-e7e26-0-07:57:00
Green-B,Green-B-8-Saturday-e7e26-0-08:01:00
Green-B,Green-B-8-Saturday-e7e26-0-08:05:00
Green-B,Green-B-8-Saturday-e7e26-0-08:09:00
Green-B,Green-B-8-Saturday-e7e26-0-08:13:00
Green-B,Green-B-8-Saturday-e7e26-0-08:17:00
Green-B,Green-B-8-Saturday-e7e26-0-08:21:00
Green-B,Green-B-8-Saturday-e7e26-0-08:25:00
Green-B,Green-B-8-Saturday-e7e26-0-08:29:00
Green-B,Green-B-8-Saturday-e7e26-0-08:33:00
Green-B,Green-B-8-Saturday-e7e26-0-08:37:00
Green-B,Green-B-8-Saturday-e7e26-0-08:41:00
Green-B,Green-B-8-Saturday-e7e26-0-08:45:00
Green-B,Green-B-8-Saturday-e7e26-0-08:49:00
Green-B,Green-B-8-Saturday-e7e26-0-08:53:00
Green-B,Green-B-8-Saturday-e7e26-0-08:57:00
Green-B,Green-B-8-Saturday-e7e26-0-09:01:00
Green-B,Green-B-8-Saturday-e7e26-0-09:05:00
Green-B,Green-B-8-Saturday-e7e26-0-09:09:00
Green-B,Green-B-8-Saturday-e7e26-0-09:13:00
Green-B,Green-B-8-Saturday-e7e26-0-09:17:00
Green-B,Green-B-8-Saturday-e7e26-0-09:21:00
Green-B,Green-B-8-Saturday-e7e26-0-09:25:00
Green-B,Green-B-8-Saturday-e7e26-0-09:29:00
Green-B,Green-B-8-Saturday-e7e26-0-09:33:00
Green-B,Green-B-8-Saturday-e7e26-0-09:37:00
Green-B,Green-B-8-Saturday-e7e26-0-09:41:00
Green-B,Green-B-8-Saturday-e7e26-0-09:45:00
Green-B,Green-B-8-Saturday-e7e26-0-09:49:00
Green-B,Green-B-8-Saturday-e7e26-0-09:53:00
Green-B,Green-B-8-Saturday-e7e26-0-09:57:00
Green-B,Green-B-8-Saturday-e7e26-0-10:01:00
Green-B,Green-B-8-Saturday-e7e26-0-10:06:00
Green-B,Green-B-8-Saturday-e7e26-0-10:11:00
Green-B,Green-B-8-Saturday-e7e26-0-10:16:00
Green-B,Green-B-8-Saturday-e7e26-0-10:21:00
Green-B,Green-B-8-Saturday-e7e26-0-10:26:00
Green-B,Green-B-8-Saturday-e7e26-0-10:31:00
Green-B,Green-B-8-Saturday-e7e26-0-10:36:00
Green-B,Green-B-8-Saturday-e7e26-0-10:41:00
Green-B,Green-B-8-Saturday-e7e26-0-10:46:00
Green-B,Green-B-8-Saturday-e7e26-0-10:51:00
Green-B,Green-B-8-Saturday-e7e26-0-10:56:00
Green-B,Green-B-8-Saturday-e7e26-0-11:01:00
Green-B,Green-B-8-Saturday-e7e26-0-11:06:00
Green-B,Green-B-8-Saturday-e7e26-0-11:11:00
Green-B,Green-B-8-Saturday-e7e26-0-11:16:00
Green-B,Green-B-8-Saturday-e7e26-0-11:21:00
Green-B,Green-B-8-Saturday-e7e26-0-11:26:00
Green-B,Green-B-8-Saturday-e7e26-0-11:31:00
Green-B,Green-B-8-Saturday-e7e26-0-11:36:00
Green-B,Green-B-8-Saturday-e7e26-0-11:41:00
Green-B,Green-B-8-Saturday-e7e26-0-11:46:00
Green-B,Green-B-8-Saturday-e7e26-0-11:51:00
Green-B,Green-B-8-Saturday-e7e26-0-11:56:00
Green-B,Green-B-8-Saturday-e7e26-0-12:01:00
Green-B,Green-B-8-Saturday-e7e26-0-12:06:00
Green-B,Green-B-8-Saturday-e7e26-0-12:11:00
Green-B,Green-B-8-Saturday-e7e26-0-12:16:00
Green-B,Green-B-8-Saturday-e7e26-0-12:21:00
Green-B,Green-B-8-Saturday-e7e26-0-12:26:00
Green-B,Green-B-8-Saturday-e7e26-0-12:31:00
Green-B,Green-B-8-Saturday-e7e26-0-12:36:00
Green-B,Green-B-8-Saturday-e7e26-0-12:41:00
Green-B,Green-B-8-Saturday-e7e26-0-12:46:00
Green-B,Green-B-8-Saturday-e7e26-0-12:51:00
Green-B,Green-B-8-Saturday-e7e26-0-12:56:00
Green-B,Green-B-8-Saturday-e7e26-0-13:01:00
Green-B,Green-B-8-Saturday-e7e26-0-13:05:00
Green-B,Green-B-8-Saturday-e7e26-0-13:09:00
Green-B,Green-B-8-Saturday-e7e26-0-13:13:00
Green-B,Green-B-8-Saturday-e7e26-0-13:17:00
Green-B,Green-B-8-Saturday-e7e26-0-13:21:00
Green-B,Green-B-8-Saturday-e7e26-0-13:25:00
Green-B,Green-B-8-Saturday-e7e26-0-13:29:00
Green-B,Green-B-8-Saturday-e7e26-0-13:33:00
Green-B,Green-B-8-Saturday-e7e26-0-13:37:00
Green-B,Green-B-8-Saturday-e7e26-0-13:41:00
Green-B,Green-B-8-Saturday-e7e26-0-13:45:00
Green-B,Green-B-8-Saturday-e7e26-0-13:49:00
Green-B,Green-B-8-Saturday-e7e26-0-13:53:00
Green-B,Green-B-8-Saturday-e7e26-0-13:57:00
Green-B,Green-B-8-Saturday-e7e26-0-14:01:00
Green-B,Green-B-8-Saturday-e7e26-0-14:05:00
Green-B,Green-B-8-Saturday-e7e26-0-14:09:00
Green-B,Green-B-8-Saturday-e7e26-0-14:13:00
Green-B,Green-B-8-Saturday-e7e26-0-14:17:00
Green-B,Green-B-8-Saturday-e7e26-0-14:21:00
Green-B,Green-B-8-Saturday-e7e26-0-14:25:00
Green-B,Green-B-8-Saturday-e7e26-0-14:29:00
Green-B,Green-B-8-Saturday-e7e26-0-14:33:00
Green-B,Green-B-8-Saturday-e7e26-0-14:37:00
Green-B,Green-B-8-Saturday-e7e26-0-14:41:00
Green-B,Green-B-8-Saturday-e7e26-0-14:45:00
Green-B,Green-B-8-Saturday-e7e26-0-14:49:00
Green-B,Green-B-8-Saturday-e7e26-0-14:53:00
Green-B,Green-B-8-Saturday-e7e26-0-14:57:00
Green-B,Green-B-8-Saturday-e7e26-0-15:01:00
Green-B,Green-B-8-Saturday-e7e26-0-15:05:00
Green-B,Green-B-8-Saturday-e7e26-0-15:09:00
Green-B,Green-B-8-Saturday-e7e26-0-15:13:00
Green-B,Green-B-8-Saturday-e7e26-0-15:17:00
Green-B,Green-B-8-Saturday-e7e26-0-15:21:00
Green-B,Green-B-8-Saturday-e7e26-0-15:25:00
Green-B,Green-B-8-Saturday-e7e26-0-15:29:00
Green-B,Green-B-8-Saturday-e7e26-0-15:33:00
Green-B,Green-B-8-Saturday-e7e26-0-15:37:00
Green-B,Green-B-8-Saturday-e7e26-0-15:41:00
Green-B,Green-B-8-Saturday-e7e26-0-15:45:00
Green-B,Green-B-8-Saturday-e7e26-0-15:49:00
Green-B,Green-B-8-Saturday-e7e26-0-15:53:00
Green-B,Green-B-8-Saturday-e7e26-0-15:57:00
Green-B,Green-B-8-Saturday-e7e26-0-16:01:00
Green-B,Green-B-8-Saturday-e7e26-0-16:05:00
Green-B,Green-B-8-Saturday-e7e26-0-16:09:00
Green-B,Green-B-8-Saturday-e7e26-0-16:13:00
Green-B,Green-B-8-Saturday-e7e26-0-16:17:00
Green-B,Green-B-8-Saturday-e7e26-0-16:21:00
Green-B,Green-B-8-Saturday-e7e26-0-16:25:00
Green-B,Green-B-8-Saturday-e7e26-0-16:29:00
Green-B,Green-B-8-Saturday-e7e26-0-16:33:00
Green-B,Green-B-8-Saturday-e7e26-0-16:37:00
Green-B,Green-B-8-Saturday-e7e26-0-16:41:00
Green-B,Green-B-8-Saturday-e7e26-0-16:45:00
Green-B,Green-B-8-Saturday-e7e26-0-16:49:00
Green-B,Green-B-8-Saturday-e7e26-0-16:53:00
Green-B,Green-B-8-Saturday-e7e26-0-16:57:00
Green-B,Green-B-8-Saturday-e7e26-0-17:01:00
Green-B,Green-B-8-Saturday-e7e26-0-17:05:00
Green-B,Green-B-8-Saturday-e7e26-0-17:09:00
Green-B,Green-B-8-Saturday-e7e26-0-17:13:00
Green-B,Green-B-8-Saturday-e7e26-0-17:17:00
Green-B,Green-B-8-Saturday-e7e26-0-17:21:00
Green-B,Green-B-8-Saturday-e7e26-0-17:25:00
Green-B,Green-B-8-Saturday-e7e26-0-17:29:00
Green-B,Green-B-8-Saturday-e7e26-0-17:33:00
Green-B,Green-B-8-Saturday-e7e26-0-17:37:00
Green-B,Green-B-8-Saturday-e7e26-0-17:41:00
Green-B,Green-B-8-Saturday-e7e26-0-17:45:00
Green-B,Green-B-8-Saturday-e7e26-0-17:49:00
Green-B,Green-B-8-Saturday-e7e26-0-17:53:00
Green-B,Green-B-8-Saturday-e7e26-0-17:57:00
Green-B,Green-B-8-Saturday-e7e26-0-18:01:00
Green-B,Green-B-8-Saturday-e7e26-0-18:05:00
Green-B,Green-B-8-Saturday-e7e26-0-18:09:00
Green-B,Green-B-8-Saturday-e7e26-0-18:13:00
Green-B,Green-B-8-Saturday-e7e26-0-18:17:00
Green-B,Green-B-8-Saturday-e7e26-0-18:21:00
Green-B,Green-B-8-Saturday-e7e26-0-18:25:00
Green-B,Green-B-8-Saturday-e7e26-0-18:29:00
Green-B,Green-B-8-Saturday-e7e26-0-18:33:00
Green-B,Green-B-8-Saturday-e7e26-0-18:37:00
Green-B,Green-B-8-Saturday-e7e26-0-18:41:00
Green-B,Green-B-8-Saturday-e7e26-0-18:45:00
Green-B,Green-B-8-Saturday-e7e26-0-18:49:00
Green-B,Green-B-8-Saturday-e7e26-0-18:53:00
Green-B,Green-B-8-Saturday-e7e26-0-18:57:00
Green-B,Green-B-8-Saturday-e7e26-0-19:01:00
Green-B,Green-B-8-Saturday-e7e26-0-19:07:00
Green-B,Green-B-8-Saturday-e7e26-0-19:13:00
Green-B,Green-B-8-Saturday-e7e26-0-19:19:00
Green-B,Green-B-8-Saturday-e7e26-0-19:25:00
Green-B,Green-B-8-Saturday-e7e26-0-19:31:00
Green-B,Green-B-8-Saturday-e7e26-0-19:37:00
Green-B,Green-B-8-Saturday-e7e26-0-19:43:00
Green-B,Green-B-8-Saturday-e7e26-0-19:49:00
Green-B,Green-B-8-Saturday-e7e26-0-19:55:00
Green-B,Green-B-8-Saturday-e7e26-0-20:01:00
Green-B,Green-B-8-Saturday-e7e26-0-20:07:00
Green-B,Green-B-8-Saturday-e7e26-0-20:13:00
Green-B,Green-B-8-Saturday-e7e26-0-20:19:00
Green-B,Green-B-8-Saturday-e7e26-0-20:25:00
Green-B,Green-B-8-Saturday-e7e26-0-20:31:00
Green-B,Green-B-8-Saturday-e7e26-0-20:37:00
Green-B,Green-B-8-Saturday-e7e26-0-20:43:00
Green-B,Green-B-8-Saturday-e7e26-0-20:49:00
Green-B,Green-B-8-Saturday-e7e26-0-20:55:00
Green-B,Green-B-8-Saturday-e7e26-0-21:01:00
Green-B,Green-B-8-Saturday-e7e26-0-21:06:00
Green-B,Green-B-8-Saturday-e7e26-0-21:11:00
Green-B,Green-B-8-Saturday-e7e26-0-21:16:00
Green-B,Green-B-8-Saturday-e7e26-0-21:21:00
Green-B,Green-B-8-Saturday-e7e26-0-21:26:00
Green-B,Green-B-8-Saturday-e7e26-0-21:31:00
Green-B,Green-B-8-Saturday-e7e26-0-21:36:00
Green-B,Green-B-8-Saturday-e7e26-0-21:41:00
Green-B,Green-B-8-Saturday-e7e26-0-21:46:00
Green-B,Green-B-8-Saturday-e7e26-0-21:51:00
Green-B,Green-B-8-Saturday-e7e26-0-21:56:00
Green-B,Green-B-8-Saturday-e7e26-0-22:01:00
Green-B,Green-B-8-Saturday-e7e26-0-22:06:00
Green-B,Green-B-8-Saturday-e7e26-0-22:11:00
Green-B,Green-B-8-Saturday-e7e26-0-22:16:00
Green-B,Green-B-8-Saturday-e7e26-0-22:21:00
Green-B,Green-B-8-Saturday-e7e26-0-22:26:00
Green-B,Green-B-8-Saturday-e7e26-0-22:31:00
Green-B,Green-B-8-Saturday-e7e26-0-22:36:00
Green-B,Green-B-8-Saturday-e7e26-0-22:41:00
Green-B,Green-B-8-Saturday-e7e26-0-22:46:00
Green-B,Green-B-8-Saturday-e7e26-0-22:51:00
Green-B,Green-B-8-Saturday-e7e26-0-22:56:00
Green-B,Green-B-8-Saturday-e7e26-0-23:01:00
Green-B,Green-B-8-Saturday-e7e26-0-23:06:00
Green-B,Green-B-8-Saturday-e7e26-0-23:11:00
Green-B,Green-B-8-Saturday-e7e26-0-23:16:00
Green-B,Green-B-8-Saturday-e7e26-0-23:21:00
Green-B,Green-B-8-Saturday-e7e26-0-23:26:00
Green-B,Green-B-8-Saturday-e7e26-0-23:31:00
Green-B,Green-B-8-Saturday-e7e26-0-23:36:00
Green-B,Green-B-8-Saturday-e7e26-0-23:41:00
Green-B,Green-B-8-Saturday-e7e26-0-23:46:00
Green-B,Green-B-8-Saturday-e7e26-0-23:51:00
Green-B,Green-B-8-Saturday-e7e26-0-23:56:00
Green-B,Green-B-8-Saturday-e7e26-0-24:01:00
Green-B,Green-B-8-Saturday-e7e26-0-24:06:00
Green-B,Green-B-8-Saturday-e7e26-0-24:11:00
Green-B,Green-B-8-Saturday-e7e26-0-24:16:00
Green-B,Green-B-8-Saturday-e7e26-0-24:21:00
Green-B,Green-B-8-Saturday-e7e26-0-24:26:00
Green-B,Green-B-8-Saturday-e7e26-0-24:31:00
Green-B,Green-B-8-Saturday-e7e26-0-24:36:00
Green-B,Green-B-8-Saturday-e7e26-0-24:41:00
Green-B,Green-B-8-Saturday-e7e26-0-24:46:00
Green-B,Green-B-8-Saturday-e7e26-0-24:51:00
Green-B,Green-B-8-Saturday-e7e26-0-24:56:00
Green-B,Green-B-8-Saturday-e7e26-0-25:01:00
Green-B,Green-B-8-Saturday-e7e26-0-25:06:00
Green-B,Green-B-8-Saturday-e7e26-0-25:11:00
Green-B,Green-B-8-Saturday-e7e26-0-25:16:00
Green-B,Green-B-8-Saturday-e7e26-0-25:21:00
Green-B,Green-B-8-Saturday-e7e26-0-25:26:00
Green-B,Green-B-8-Saturday-e7e26-0-25:31:00
Green-B,Green-B-8-Saturday-e7e26-0-25:36:00
Green-B,Green-B-8-Saturday-e7e26-0-25:41:00
Green-B,Green-B-8-Saturday-e7e26-0-25:46:00
Green-B,Green-B-8-Saturday-e7e26-0-25:51:00
Green-B,Green-B-8-Saturday-e7e26-0-25:56:00
Green-B,Green-B-8-Saturday-e7e26-0-26:01:00
Green-B,Green-B-8-Saturday-e7e26-0-26:04:00
Green-B,Green-B-8-Saturday-e7e26-1-05:13:00
Green-B,Green-B-8-Saturday-e7e26-1-05:16:00
Green-B,Green-B-8-Saturday-e7e26-1-05:19:00
Green-B,Green-B-8-Saturday-e7e26-1-05:22:00
Green-B,Green-B-8-Saturday-e7e26-1-05:25:00
Green-B,Green-B-8-Saturday-e7e26-1-05:28:00
Green-B,Green-B-8-Saturday-e7e26-1-05:31:00
Green-B,Green-B-8-Saturday-e7e26-1-05:34:00
Green-B,Green-B-8-Saturday-e7e26-1-05:37:00
Green-B,Green-B-8-Saturday-e7e26-1-05:40:00
Green-B,Green-B-8-Saturday-e7e26-1-05:43:00
Green-B,Green-B-8-Saturday-e7e26-1-05:46:00
Green-B,Green-B-8-Saturday-e7e26-1-05:49:00
Green-B,Green-B-8-Saturday-e7e26-1-05:52:00
Green-B,Green-B-8-Saturday-e7e26-1-05:55:00
Green-B,Green-B-8-Saturday-e7e26-1-05:58:00
Green-B,Green-B-8-Saturday-e7e26-1-06:01:00
Green-B,Green-B-8-Saturday-e7e26-1-06:05:00
Green-B,Green-B-8-Saturday-e7e26-1-06:09:00
Green-B,Green-B-8-Saturday-e7e26-1-06:13:00
Green-B,Green-B-8-Saturday-e7e26-1-06:17:00
Green-B,Green-B-8-Saturday-e7e26-1-06:21:00
Green-B,Green-B-8-Saturday-e7e26-1-06:25:00
Green-B,Green-B-8-Saturday-e7e26-1-06:29:00
Green-B,Green-B-8-Saturday-e7e26-1-06:33:00
Green-B,Green-B-8-Saturday-e7e26-1-06:37:00
Green-B,Green-B-8-Saturday-e7e26-1-06:41:00
Green-B,Green-B-8-Saturday-e7e26-1-06:45:00
Green-B,Green-B-8-Saturday-e7e26-1-06:49:00
Green-B,Green-B-8-Saturday-e7e26-1-06:53:00
Green-B,Green-B-8-Saturday-e7e26-1-06:57:00
Green-B,Green-B-8-Saturday-e7e26-1-07:01:00
Green-B,Green-B-8-Saturday-e7e26-1-07:05:00
Green-B,Green-B-8-Saturday-e7e26-1-07:09:00
Green-B,Green-B-8-Saturday-e7e26-1-07:13:00
Green-B,Green-B-8-Saturday-e7e26-1-07:17:00
Green-B,Green-B-8-Saturday-e7e26-1-07:21:00
Green-B,Green-B-8-Saturday-e7e26-1-07:25:00
Green-B,Green-B-8-Saturday-e7e26-1-07:29:00
Green-B,Green-B-8-Saturday-e7e26-1-07:33:00
Green-B,Green-B-8-Saturday-e7e26-1-07:37:00
Green-B,Green-B-8-Saturday-e7e26-1-07:41:00
Green-B,Green-B-8-Saturday-e7e26-1-07:45:00
Green-B,Green-B-8-Saturday-e7e26-1-07:49:00
Green-B,Green-B-8-Saturday-e7e26-1-07:53:00
Green-B,Green-B-8-Saturday-e7e26-1-07:57:00
Green-B,Green-B-8-Saturday-e7e26-1-08:01:00
Green-B,Green-B-8-Saturday-e7e26-1-08:05:00
Green-B,Green-B-8-Saturday-e7e26-1-08:09:00
Green-B,Green-B-8-Saturday-e7e26-1-08:13:00
Green-B,Green-B-8-Saturday-e7e26-1-08:17:00
Green-B,Green-B-8-Saturday-e7e26-1-08:21:00
Green-B,Green-B-8-Saturday-e7e26-1-08:25:00
Green-B,Green-B-8-Saturday-e7e26-1-08:29:00
Green-B,Green-B-8-Saturday-e7e26-1-08:33:00
Green-B,Green-B-8-Saturday-e7e26-1-08:37:00
Green-B,Green-B-8-Saturday-e7e26-1-08:41:00
Green-B,Green-B-8-Saturday-e7e26-1-08:45:00
Green-B,Green-B-8-Saturday-e7e26-1-08:49:00
Green-B,Green-B-8-Saturday-e7e26-1-08:53:00
Green-B,Green-B-8-Saturday-e7e26-1-08:57:00
Green-B,Green-B-8-Saturday-e7e26-1-09:01:00
Green-B,Green-B-8-Saturday-e7e26-1-09:05:00
Green-B,Green-B-8-Saturday-e7e26-1-09:09:00
Green-B,Green-B-8-Saturday-e7e26-1-09:13:00
Green-B,Green-B-8-Saturday-e7e26-1-09:17:00
Green-B,Green-B-8-Saturday-e7e26-1-09:21:00
Green-B,Green-B-8-Saturday-e7e26-1-09:25:00
Green-B,Green-B-8-Saturday-e7e26-1-09:29:00
Green-B,Green-B-8-Saturday-e7e26-1-09:33:00
Green-B,Green-B-8-Saturday-e7e26-1-09:37:00
Green-B,Green-B-8-Saturday-e7e26-1-09:41:00
Green-B,Green-B-8-Saturday-e7e26-1-09:45:00
Green-B,Green-B-8-Saturday-e7e26-1-09:49:00
Green-B,Green-B-8-Saturday-e7e26-1-09:53:00
Green-B,Green-B-8-Saturday-e7e26-1-09:57:00
Green-B,Green-B-8-Saturday-e7e26-1-10:01:00
Green-B,Green-B-8-Saturday-e7e26-1-10:06:00
Green-B,Green-B-8-Saturday-e7e26-1-10:11:00
Green-B,Green-B-8-Saturday-e7e26-1-10:16:00
Green-B,Green-B-8-Saturday-e7e26-1-10:21:00
Green-B,Green-B-8-Saturday-e7e26-1-10:26:00
Green-B,Green-B-8-Saturday-e7e26-1-10:31:00
Green-B,Green-B-8-Saturday-e7e26-1-10:36:00
Green-B,Green-B-8-Saturday-e7e26-1-10:41:00
Green-B,Green-B-8-Saturday-e7e26-1-10:46:00
Green-B,Green-B-8-Saturday-e7e26-1-10:51:00
Green-B,Green-B-8-Saturday-e7e26-1-10:56:00
Green-B,Green-B-8-Saturday-e7e26-1-11:01:00
Green-B,Green-B-8-Saturday-e7e26-1-11:06:00
Green-B,Green-B-8-Saturday-e7e26-1-11:11:00
Green-B,Green-B-8-Saturday-e7e26-1-11:16:00
Green-B,Green-B-8-Saturday-e7e26-1-11:21:00
Green-B,Green-B-8-Saturday-e7e26-1-11:26:00
Green-B,Green-B-8-Saturday-e7e26-1-11:31:00
Green-B,Green-B-8-Saturday-e7e26-1-11:36:00
Green-B,Green-B-8-Saturday-e7e26-1-11:41:00
Green-B,Green-B-8-Saturday-e7e26-1-11:46:00
Green-B,Green-B-8-Saturday-e7e26-1-11:51:00
Green-B,Green-B-8-Saturday-e7e26-1-11:56:00
Green-B,Green-B-8-Saturday-e7e26-1-12:01:00
Green-B,Green-B-8-Saturday-e7e26-1-12:06:00
Green-B,Green-B-8-Saturday-e7e26-1-12:11:00
Green-B,Green-B-8-Saturday-e7e26-1-12:16:00
Green-B,Green-B-8-Saturday-e7e26-1-12:21:00
Green-B,Green-B-8-Saturday-e7e26-1-12:26:00
Green-B,Green-B-8-Saturday-e7e26-1-12:31:00
Green-B,Green-B-8-Saturday-e7e26-1-12:36:00
Green-B,Green-B-8-Saturday-e7e26-1-12:41:00
Green-B,Green-B-8-Saturday-e7e26-1-12:46:00
Green-B,Green-B-8-Saturday-e7e26-1-12:51:00
Green-B,Green-B-8-Saturday-e7e26-1-12:56:00
Green-B,Green-B-8-Saturday-e7e26-1-13:01:00
Green-B,Green-B-8-Saturday-e7e26-1-13:05:00
Green-B,Green-B-8-Saturday-e7e26-1-13:09:00
Green-B,Green-B-8-Saturday-e7e26-1-13:13:00
Green-B,Green-B-8-Saturday-e7e26-1-13:17:00
Green-B,Green-B-8-Saturday-e7e26-1-13:21:00
Green-B,Green-B-8-Saturday-e7e26-1-13:25:00
Green-B,Green-B-8-Saturday-e7e26-1-13:29:00
Green-B,Green-B-8-Saturday-e7e26-1-13:33:00
Green-B,Green-B-8-Saturday-e7e26-1-13:37:00
Green-B,Green-B-8-Saturday-e7e26-1-13:41:00
Green-B,Green-B-8-Saturday-e7e26-1-13:45:00
Green-B,Green-B-8-Saturday-e7e26-1-13:49:00
Green-B,Green-B-8-Saturday-e7e26-1-13:53:00
Green-B,Green-B-8-Saturday-e7e26-1-13:57:00
Green-B,Green-B-8-Saturday-e7e26-1-14:01:00
Green-B,Green-B-8-Saturday-e7e26-1-14:05:00
Green-B,Green-B-8-Saturday-e7e26-1-14:09:00
Green-B,Green-B-8-Saturday-e7e26-1-14:13:00
Green-B,Green-B-8-Saturday-e7e26-1-14:17:00
Green-B,Green-B-8-Saturday-e7e26-1-14:21:00
Green-B,Green-B-8-Saturday-e7e26-1-14:25:00
Green-B,Green-B-8-Saturday-e7e26-1-14:29:00
Green-B,Green-B-8-Saturday-e7e26-1-14:33:00
Green-B,Green-B-8-Saturday-e7e26-1-14:37:00
Green-B,Green-B-8-Saturday-e7e26-1-14:41:00
Green-B,Green-B-8-Saturday-e7e26-1-14:45:00
Green-B,Green-B-8-Saturday-e7e26-1-14:49:00
Green-B,Green-B-8-Saturday-e7e26-1-14:53:00
Green-B,Green-B-8-Saturday-e7e26-1-14:57:00
Green-B,Green-B-8-Saturday-e7e26-1-15:01:00
Green-B,Green-B-8-Saturday-e7e26-1-15:05:00
Green-B,Green-B-8-Saturday-e7e26-1-15:09:00
Green-B,Green-B-8-Saturday-e7e26-1-15:13:00
Green-B,Green-B-8-Saturday-e7e26-1-15:17:00
Green-B,Green-B-8-Saturday-e7e26-1-15:21:00
Green-B,Green-B-8-Saturday-e7e26-1-15:25:00
Green-B,Green-B-8-Saturday-e7e26-1-15:29:00
Green-B,Green-B-8-Saturday-e7e26-1-15:33:00
Green-B,Green-B-8-Saturday-e7e26-1-15:37:00
Green-B,Green-B-8-Saturday-e7e26-1-15:41:00
Green-B,Green-B-8-Saturday-e7e26-1-15:45:00
Green-B,Green-B-8-Saturday-e7e26-1-15:49:00
Green-B,Green-B-8-Saturday-e7e26-1-15:53:00
Green-B,Green-B-8-Saturday-e7e26-1-15:57:00
Green-B,Green-B-8-Saturday-e7e26-1-16:01:00
Green-B,Green-B-8-Saturday-e7e26-1-16:05:00
Green-B,Green-B-8-Saturday-e7e26-1-16:09:00
Green-B,Green-B-8-Saturday-e7e26-1-16:13:00
Green-B,Green-B-8-Saturday-e7e26-1-16:17:00
Green-B,Green-B-8-Saturday-e7e26-1-16:21:00
Green-B,Green-B-8-Saturday-e7e26-1-16:25:00
Green-B,Green-B-8-Saturday-e7e26-1-16:29:00
Green-B,Green-B-8-Saturday-e7e26-1-16:33:00
Green-B,Green-B-8-Saturday-e7e26-1-16:37:00
Green-B,Green-B-8-Saturday-e7e26-1-16:41:00
Green-B,Green-B-8-Saturday-e7e26-1-16:45:00
Green-B,Green-B-8-Saturday-e7e26-1-16:49:00
Green-B,Green-B-8-Saturday-e7e26-1-16:53:00
Green-B,Green-B-8-Saturday-e7e26-1-16:57:00
Green-B,Green-B-8-Saturday-e7e26-1-17:01:00
Green-B,Green-B-8-Saturday-e7e26-1-17:05:00
Green-B,Green-B-8-Saturday-e7e26-1-17:09:00
Green-B,Green-B-8-Saturday-e7e26-1-17:13:00
Green-B,Green-B-8-Saturday-e7e26-1-17:17:00
Green-B,Green-B-8-Saturday-e7e26-1-17:21:00
Green-B,Green-B-8-Saturday-e7e26-1-17:25:00
Green-B,Green-B-8-Saturday-e7e26-1-17:29:00
Green-B,Green-B-8-Saturday-e7e26-1-17:33:00
Green-B,Green-B-8-Saturday-e7e26-1-17:37:00
Green-B,Green-B-8-Saturday-e7e26-1-17:41:00
Green-B,Green-B-8-Saturday-e7e26-1-17:45:00
Green-B,Green-B-8-Saturday-e7e26-1-17:49:00
Green-B,Green-B-8-Saturday-e7e26-1-17:53:00
Green-B,Green-B-8-Saturday-e7e26-1-17:57:00
Green-B,Green-B-8-Saturday-e7e26-1-18:01:00
Green-B,Green-B-8-Saturday-e7e26-1-18:05:00
Green-B,Green-B-8-Saturday-e7e26-1-18:09:00
Green-B,Green-B-8-Saturday-e7e26-1-18:13:00
Green-B,Green-B-8-Saturday-e7e26-1-18:17:00
Green-B,Green-B-8-Saturday-e7e26-1-18:21:00
Green-B,Green-B-8-Saturday-e7e26-1-18:25:00
Green-B,Green-B-8-Saturday-e7e26-1-18:29:00
Green-B,Green-B-8-Saturday-e7e26-1-18:33:00
Green-B,Green-B-8-Saturday-e7e26-1-18:37:00
Green-B,Green-B-8-Saturday-e7e26-1-18:41:00
Green-B,Green-B-8-Saturday-e7e26-1-18:45:00
Green-B,Green-B-8-Saturday-e7e26-1-18:49:00
Green-B,Green-B-8-Saturday-e7e26-1-18:53:00
Green-B,Green-B-8-Saturday-e7e26-1-18:57:00
Green-B,Green-B-8-Saturday-e7e26-1-19:01:00
Green-B,Green-B-8-Saturday-e7e26-1-19:07:00
Green-B,Green-B-8-Saturday-e7e26-1-19:13:00
Green-B,Green-B-8-Saturday-e7e26-1-19:19:00
Green-B,Green-B-8-Saturday-e7e26-1-19:25:00
Green-B,Green-B-8-Saturday-e7e26-1-19:31:00
Green-B,Green-B-8-Saturday-e7e26-1-19:37:00
Green-B,Green-B-8-Saturday-e7e26-1-19:43:00
Green-B,Green-B-8-Saturday-e7e26-1-19:49:00
Green-B,Green-B-8-Saturday-e7e26-1-19:55:00
Green-B,Green-B-8-Saturday-e7e26-1-20:01:00
Green-B,Green-B-8-Saturday-e7e26-1-20:07:00
Green-B,Green-B-8-Saturday-e7e26-1-20:13:00
Green-B,Green-B-8-Saturday-e7e26-1-20:19:00
Green-B,Green-B-8-Saturday-e7e26-1-20:25:00
Green-B,Green-B-8-Saturday-e7e26-1-20:31:00
Green-B,Green-B-8-Saturday-e7e26-1-20:37:00
Green-B,Green-B-8-Saturday-e7e26-1-20:43:00
Green-B,Green-B-8-Saturday-e7e26-1-20:49:00
Green-B,Green-B-8-Saturday-e7e26-1-20:55:00
Green-B,Green-B-8-Saturday-e7e26-1-21:01:00
Green-B,Green-B-8-Saturday-e7e26-1-21:06:00
Green-B,Green-B-8-Saturday-e7e26-1-21:11:00
Green-B,Green-B-8-Saturday-e7e26-1-21:16:00
Green-B,Green-B-8-Saturday-e7e26-1-21:21:00
Green-B,Green-B-8-Saturday-e7e26-1-21:26:00
Green-B,Green-B-8-Saturday-e7e26-1-21:31:00
Green-B,Green-B-8-Saturday-e7e26-1-21:36:00
Green-B,Green-B-8-Saturday-e7e26-1-21:41:00
Green-B,Green-B-8-Saturday-e7e26-1-21:46:00
Green-B,Green-B-8-Saturday-e7e26-1-21:51:00
Green-B,Green-B-8-Saturday-e7e26-1-21:56:00
Green-B,Green-B-8-Saturday-e7e26-1-22:01:00
Green-B,Green-B-8-Saturday-e7e26-1-22:06:00
Green-B,Green-B-8-Saturday-e7e26-1-22:11:00
Green-B,Green-B-8-Saturday-e7e26-1-22:16:00
Green-B,Green-B-8-Saturday-e7e26-1-22:21:00
Green-B,Green-B-8-Saturday-e7e26-1-22:26:00
Green-B,Green-B-8-Saturday-e7e26-1-22:31:00
Green-B,Green-B-8-Saturday-e7e26-1-22:36:00
Green-B,Green-B-8-Saturday-e7e26-1-22:41:00
Green-B,Green-B-8-Saturday-e7e26-1-22:46:00
Green-B,Green-B-8-Saturday-e7e26-1-22:51:00
Green-B,Green-B-8-Saturday-e7e26-1-22:56:00
Green-B,Green-B-8-Saturday-e7e26-1-23:01:00
Green-B,Green-B-8-Saturday-e7e26-1-23:06:00
Green-B,Green-B-8-Saturday-e7e26-1-23:11:00
Green-B,Green-B-8-Saturday-e7e26-1-23:16:00
Green-B,Green-B-8-Saturday-e7e26-1-23:21:00
Green-B,Green-B-8-Saturday-e7e26-1-23:26:00
Green-B,Green-B-8-Saturday-e7e26-1-23:31:00
Green-B,Green-B-8-Saturday-e7e26-1-23:36:00
Green-B,Green-B-8-Saturday-e7e26-1-23:41:00
Green-B,Green-B-8-Saturday-e7e26-1-23:46:00
Green-B,Green-B-8-Saturday-e7e26-1-23:51:00
Green-B,Green-B-8-Saturday-e7e26-1-23:56:00
Green-B,Green-B-8-Saturday-e7e26-1-24:01:00
Green-B,Green-B-8-Saturday-e7e26-1-24:06:00
Green-B,Green-B-8-Saturday-e7e26-1-24:11:00
Green-B,Green-B-8-Saturday-e7e26-1-24:16:00
Green-B,Green-B-8-Saturday-e7e26-1-24:21:00
Green-B,Green-B-8-Saturday-e7e26-1-24:26:00
Green-B,Green-B-8-Saturday-e7e26-1-24:31:00
Green-B,Green-B-8-Saturday-e7e26-1-24:36:00
Green-B,Green-B-8-Saturday-e7e26-1-24:41:00
Green-B,Green-B-8-Saturday-e7e26-1-24:46:00
Green-B,Green-B-8-Saturday-e7e26-1-24:51:00
Green-B,Green-B-8-Saturday-e7e26-1-24:56:00
Green-B,Green-B-8-Saturday-e7e26-1-25:01:00
Green-B,Green-B-8-Saturday-e7e26-1-25:06:00
Green-B,Green-B-8-Saturday-e7e26-1-25:11:00
Green-B,Green-B-8-Saturday-e7e26-1-25:16:00
Green-B,Green-B-8-Saturday-e7e26-1-25:21:00
Green-B,Green-B-8-Saturday-e7e26-1-25:26:00
Green-B,Green-B-8-Saturday-e7e26-1-25:31:00
Green-B,Green-B-8-Saturday-e7e26-1-25:36:00
Green-B,Green-B-8-Friday-e7e26-0-05:43:00
Green-B,Green-B-8-Friday-e7e26-0-05:46:00
Green-B,Green-B-8-Friday-e7e26-0-05:49:00
Green-B,Green-B-8-Friday-e7e26-0-05:52:00
Green-B,Green-B-8-Friday-e7e26-0-05:55:00
Green-B,Green-B-8-Friday-e7e26-0-05:58:00
Green-B,Green-B-8-Friday-e7e26-0-06:01:00
Green-B,Green-B-8-Friday-e7e26-0-06:05:00
Green-B,Green-B-8-Friday-e7e26-0-06:09:00
Green-B,Green-B-8-Friday-e7e26-0-06:13:00
Green-B,Green-B-8-Friday-e7e26-0-06:17:00
Green-B,Green-B-8-Friday-e7e26-0-06:21:00
Green-B,Green-B-8-Friday-e7e26-0-06:25:00
Green-B,Green-B-8-Friday-e7e26-0-06:29:00
Green-B,Green-B-8-Friday-e7e26-0-06:33:00
Green-B,Green-B-8-Friday-e7e26-0-06:37:00
Green-B,Green-B-8-Friday-e7e26-0-06:41:00
Green-B,Green-B-8-Friday-e7e26-0-06:45:00
Green-B,Green-B-8-Friday-e7e26-0-06:49:00
Green-B,Green-B-8-Friday-e7e26-0-06:53:00
Green-B,Green-B-8-Friday-e7e26-0-06:57:00
Green-B,Green-B-8-Friday-e7e26-0-07:01:00
Green-B,Green-B-8-Friday-e7e26-0-07:04:00
Green-B,Green-B-8-Friday-e7e26-0-07:07:00
Green-B,Green-B-8-Friday-e7e26-0-07:10:00
Green-B,Green-B-8-Friday-e7e26-0-07:13:00
Green-B,Green-B-8-Friday-e7e26-0-07:16:00
Green-B,Green-B-8-Friday-e7e26-0-07:19:00
Green-B,Green-B-8-Friday-e7e26-0-07:22:00
Green-B,Green-B-8-Friday-e7e26-0-07:25:00
Green-B,Green-B-8-Friday-e7e26-0-07:28:00
Green-B,Green-B-8-Friday-e7e26-0-07:31:00
Green-B,Green-B-8-Friday-e7e26-0-07:34:00
Green-B,Green-B-8-Friday-e7e26-0-07:37:00
Green-B,Green-B-8-Friday-e7e26-0-07:40:00
Green-B,Green-B-8-Friday-e7e26-0-07:43:00
Green-B,Green-B-8-Friday-e7e26-0-07:46:00
Green-B,Green-B-8-Friday-e7e26-0-07:49:00
Green-B,Green-B-8-Friday-e7e26-0-07:52:00
Green-B,Green-B-8-Friday-e7e26-0-07:55:00
Green-B,Green-B-8-Friday-e7e26-0-07:58:00
Green-B,Green-B-8-Friday-e7e26-0-08:01:00
Green-B,Green-B-8-Friday-e7e26-0-08:04:00
Green-B,Green-B-8-Friday-e7e26-0-08:07:00
Green-B,Green-B-8-Friday-e7e26-0-08:10:00
Green-B,Green-B-8-Friday-e7e26-0-08:13:00
Green-B,Green-B-8-Friday-e7e26-0-08:16:00
Green-B,Green-B-8-Friday-e7e26-0-08:19:00
Green-B,Green-B-8-Friday-e7e26-0-08:22:00
Green-B,Green-B-8-Friday-e7e26-0-08:25:00
Green-B,Green-B-8-Friday-e7e26-0-08:28:00
Green-B,Green-B-8-Friday-e7e26-0-08:31:00
Green-B,Green-B-8-Friday-e7e26-0-08:34:00
Green-B,Green-B-8-Friday-e7e26-0-08:37:00
Green-B,Green-B-8-Friday-e7e26-0-08:40:00
Green-B,Green-B-8-Friday-e7e26-0-08:43:00
Green-B,Green-B-8-Friday-e7e26-0-08:46:00
Green-B,Green-B-8-Friday-e7e26-0-08:49:00
Green-B,Green-B-8-Friday-e7e26-0-08:52:00
Green-B,Green-B-8-Friday-e7e26-0-08:55:00
Green-B,Green-B-8-Friday-e7e26-0-08:58:00
Green-B,Green-B-8-Friday-e7e26-0-09:01:00
Green-B,Green-B-8-Friday-e7e26-0-09:04:00
Green-B,Green-B-8-Friday-e7e26-0-09:07:00
Green-B,Green-B-8-Friday-e7e26-0-09:10:00
Green-B,Green-B-8-Friday-e7e26-0-09:13:00
Green-B,Green-B-8-Friday-e7e26-0-09:16:00
Green-B,Green-B-8-Friday-e7e26-0-09:19:00
Green-B,Green-B-8-Friday-e7e26-0-09:22:00
Green-B,Green-B-8-Friday-e7e26-0-09:25:00
Green-B,Green-B-8-Friday-e7e26-0-09:28:00
Green-B,Green-B-8-Friday-e7e26-0-09:31:00
Green-B,Green-B-8-Friday-e7e26-0-09:34:00
Green-B,Green-B-8-Friday-e7e26-0-09:37:00
Green-B,Green-B-8-Friday-e7e26-0-09:40:00
Green-B,Green-B-8-Friday-e7e26-0-09:43:00
Green-B,Green-B-8-Friday-e7e26-0-09:46:00
Green-B,Green-B-8-Friday-e7e26-0-09:49:00
Green-B,Green-B-8-Friday-e7e26-0-09:52:00
Green-B,Green-B-8-Friday-e7e26-0-09:55:00
Green-B,Green-B-8-Friday-e7e26-0-09:58:00
Green-B,Green-B-8-Friday-e7e26-0-10:01:00
Green-B,Green-B-8-Friday-e7e26-0-10:05:00
Green-B,Green-B-8-Friday-e7e26-0-10:09:00
Green-B,Green-B-8-Friday-e7e26-0-10:13:00
Green-B,Green-B-8-Friday-e7e26-0-10:17:00
Green-B,Green-B-8-Friday-e7e26-0-10:21:00
Green-B,Green-B-8-Friday-e7e26-0-10:25:00
Green-B,Green-B-8-Friday-e7e26-0-10:29:00
Green-B,Green-B-8-Friday-e7e26-0-10:33:00
Green-B,Green-B-8-Friday-e7e26-0-10:37:00
Green-B,Green-B-8-Friday-e7e26-0-10:41:00
Green-B,Green-B-8-Friday-e7e26-0-10:45:00
Green-B,Green-B-8-Friday-e7e26-0-10:49:00
Green-B,Green-B-8-Friday-e7e26-0-10:53:00
Green-B,Green-B-8-Friday-e7e26-0-10:57:00
Green-B,Green-B-8-Friday-e7e26-0-11:01:00
Green-B,Green-B-8-Friday-e7e26-0-11:05:00
Green-B,Green-B-8-Friday-e7e26-0-11:09:00
Green-B,Green-B-8-Friday-e7e26-0-11:13:00
Green-B,Green-B-8-Friday-e7e26-0-11:17:00
Green-B,Green-B-8-Friday-e7e26-0-11:21:00
Green-B,Green-B-8-Friday-e7e26-0-11:25:00
Green-B,Green-B-8-Friday-e7e26-0-11:29:00
Green-B,Green-B-8-Friday-e7e26-0-11:33:00
Green-B,Green-B-8-Friday-e7e26-0-11:37:00
Green-B,Green-B-8-Friday-e7e26-0-11:41:00
Green-B,Green-B-8-Friday-e7e26-0-11:45:00
Green-B,Green-B-8-Friday-e7e26-0-11:49:00
Green-B,Green-B-8-Friday-e7e26-0-11:53:00
Green-B,Green-B-8-Friday-e7e26-0-11:57:00
Green-B,Green-B-8-Friday-e7e26-0-12:01:00
Green-B,Green-B-8-Friday-e7e26-0-12:06:00
Green-B,Green-B-8-Friday-e7e26-0-12:11:00
Green-B,Green-B-8-Friday-e7e26-0-12:16:00
Green-B,Green-B-8-Friday-e7e26-0-12:21:00
Green-B,Green-B-8-Friday-e7e26-0-12:26:00
Green-B,Green-B-8-Friday-e7e26-0-12:31:00
Green-B,Green-B-8-Friday-e7e26-0-12:36:00
Green-B,Green-B-8-Friday-e7e26-0-12:41:00
Green-B,Green-B-8-Friday-e7e26-0-12:46:00
Green-B,Green-B-8-Friday-e7e26-0-12:51:00
Green-B,Green-B-8-Friday-e7e26-0-12:56:00
Green-B,Green-B-8-Friday-e7e26-0-13:01:00
Green-B,Green-B-8-Friday-e7e26-0-13:06:00
Green-B,Green-B-8-Friday-e7e26-0-13:11:00
Green-B,Green-B-8-Friday-e7e26-0-13:16:00
Green-B,Green-B-8-Friday-e7e26-0-13:21:00
Green-B,Green-B-8-Friday-e7e26-0-13:26:00
Green-B,Green-B-8-Friday-e7e26-0-13:31:00
Green-B,Green-B-8-Friday-e7e26-0-13:36:00
Green-B,Green-B-8-Friday-e7e26-0-13:41:00
Green-B,Green-B-8-Friday-e7e26-0-13:46:00
Green-B,Green-B-8-Friday-e7e26-0-13:51:00
Green-B,Green-B-8-Friday-e7e26-0-13:56:00
Green-B,Green-B-8-Friday-e7e26-0-14:01:00
Green-B,Green-B-8-Friday-e7e26-0-14:05:00
Green-B,Green-B-8-Friday-e7e26-0-14:09:00
Green-B,Green-B-8-Friday-e7e26-0-14:13:00
Green-B,Green-B-8-Friday-e7e26-0-14:17:00
Green-B,Green-B-8-Friday-e7e26-0-14:21:00
Green-B,Green-B-8-Friday-e7e26-0-14:25:00
Green-B,Green-B-8-Friday-e7e26-0-14:29:00
Green-B,Green-B-8-Friday-e7e26-0-14:33:00
Green-B,Green-B-8-Friday-e7e26-0-14:37:00
Green-B,Green-B-8-Friday-e7e26-0-14:41:00
Green-B,Green-B-8-Friday-e7e26-0-14:45:00
Green-B,Green-B-8-Friday-e7e26-0-14:49:00
Green-B,Green-B-8-Friday-e7e26-0-14:53:00
Green-B,Green-B-8-Friday-e7e26-0-14:57:00
Green-B,Green-B-8-Friday-e7e26-0-15:01:00
Green-B,Green-B-8-Friday-e7e26-0-15:04:00
Green-B,Green-B-8-Friday-e7e26-0-15:07:00
Green-B,Green-B-8-Friday-e7e26-0-15:10:00
Green-B,Green-B-8-Friday-e7e26-0-15:13:00
Green-B,Green-B-8-Friday-e7e26-0-15:16:00
Green-B,Green-B-8-Friday-e7e26-0-15:19:00
Green-B,Green-B-8-Friday-e7e26-0-15:22:00
Green-B,Green-B-8-Friday-e7e26-0-15:25:00
Green-B,Green-B-8-Friday-e7e26-0-15:28:00
Green-B,Green-B-8-Friday-e7e26-0-15:31:00
Green-B,Green-B-8-Friday-e7e26-0-15:34:00
Green-B,Green-B-8-Friday-e7e26-0-15:37:00
Green-B,Green-B-8-Friday-e7e26-0-15:40:00
Green-B,Green-B-8-Friday-e7e26-0-15:43:00
Green-B,Green-B-8-Friday-e7e26-0-15:46:00
Green-B,Green-B-8-Friday-e7e26-0-15:49:00
Green-B,Green-B-8-Friday-e7e26-0-15:52:00
Green-B,Green-B-8-Friday-e7e26-0-15:55:00
Green-B,Green-B-8-Friday-e7e26-0-15:58:00
Green-B,Green-B-8-Friday-e7e26-0-16:01:00
Green-B,Green-B-8-Friday-e7e26-0-16:04:00
Green-B,Green-B-8-Friday-e7e26-0-16:07:00
Green-B,Green-B-8-Friday-e7e26-0-16:10:00
Green-B,Green-B-8-Friday-e7e26-0-16:13:00
Green-B,Green-B-8-Friday-e7e26-0-16:16:00
Green-B,Green-B-8-Friday-e7e26-0-16:19:00
Green-B,Green-B-8-Friday-e7e26-0-16:22:00
Green-B,Green-B-8-Friday-e7e26-0-16:25:00
Green-B,Green-B-8-Friday-e7e26-0-16:28:00
Green-B,Green-B-8-Friday-e7e26-0-16:31:00
Green-B,Green-B-8-Friday-e7e26-0-16:34:00
Green-B,Green-B-8-Friday-e7e26-0-16:37:00
Green-B,Green-B-8-Friday-e7e26-0-16:40:00
Green-B,Green-B-8-Friday-e7e26-0-16:43:00
Green-B,Green-B-8-Friday-e7e26-0-16:46:00
Green-B,Green-B-8-Friday-e7e26-0-16:49:00
Green-B,Green-B-8-Friday-e7e26-0-16:52:00
Green-B,Green-B-8-Friday-e7e26-0-16:55:00
Green-B,Green-B-8-Friday-e7e26-0-16:58:00
Green-B,Green-B-8-Friday-e7e26-0-17:01:00
Green-B,Green-B-8-Friday-e7e26-0-17:05:00
Green-B,Green-B-8-Friday-e7e26-0-17:09:00
Green-B,Green-B-8-Friday-e7e26-0-17:13:00
Green-B,Green-B-8-Friday-e7e26-0-17:17:00
Green-B,Green-B-8-Friday-e7e26-0-17:21:00
Green-B,Green-B-8-Friday-e7e26-0-17:25:00
Green-B,Green-B-8-Friday-e7e26-0-17:29:00
Green-B,Green-B-8-Friday-e7e26-0-17:33:00
Green-B,Green-B-8-Friday-e7e26-0-17:37:00
Green-B,Green-B-8-Friday-e7e26-0-17:41:00
Green-B,Green-B-8-Friday-e7e26-0-17:45:00
Green-B,Green-B-8-Friday-e7e26-0-17:49:00
Green-B,Green-B-8-Friday-e7e26-0-17:53:00
Green-B,Green-B-8-Friday-e7e26-0-17:57:00
Green-B,Green-B-8-Friday-e7e26-0-18:01:00
Green-B,Green-B-8-Friday-e7e26-0-18:04:00
Green-B,Green-B-8-Friday-e7e26-0-18:07:00
Green-B,Green-B-8-Friday-e7e26-0-18:10:00
Green-B,Green-B-8-Friday-e7e26-0-18:13:00
Green-B,Green-B-8-Friday-e7e26-0-18:16:00
Green-B,Green-B-8-Friday-e7e26-0-18:19:00
Green-B,Green-B-8-Friday-e7e26-0-18:22:00
Green-B,Green-B-8-Friday-e7e26-0-18:25:00
Green-B,Green-B-8-Friday-e7e26-0-18:28:00
Green-B,Green-B-8-Friday-e7e26-0-18:31:00
Green-B,Green-B-8-Friday-e7e26-0-18:34:00
Green-B,Green-B-8-Friday-e7e26-0-18:37:00
Green-B,Green-B-8-Friday-e7e26-0-18:40:00
Green-B,Green-B-8-Friday-e7e26-0-18:43:00
Green-B,Green-B-8-Friday-e7e26-0-18:46:00
Green-B,Green-B-8-Friday-e7e26-0-18:49:00
Green-B,Green-B-8-Friday-e7e26-0-18:52:00
Green-B,Green-B-8-Friday-e7e26-0-18:55:00
Green-B,Green-B-8-Friday-e7e26-0-18:58:00
Green-B,Green-B-8-Friday-e7e26-0-19:01:00
Green-B,Green-B-8-Friday-e7e26-0-19:06:00
Green-B,Green-B-8-Friday-e7e26-0-19:11:00
Green-B,Green-B-8-Friday-e7e26-0-19:16:00
Green-B,Green-B-8-Friday-e7e26-0-19:21:00
Green-B,Green-B-8-Friday-e7e26-0-19:26:00
Green-B,Green-B-8-Friday-e7e26-0-19:31:00
Green-B,Green-B-8-Friday-e7e26-0-19:36:00
Green-B,Green-B-8-Friday-e7e26-0-19:41:00
Green-B,Green-B-8-Friday-e7e26-0-19:46:00
Green-B,Green-B-8-Friday-e7e26-0-19:51:00
Green-B,Green-B-8-Friday-e7e26-0-19:56:00
Green-B,Green-B-8-Friday-e7e26-0-20:01:00
Green-B,Green-B-8-Friday-e7e26-0-20:06:00
Green-B,Green-B-8-Friday-e7e26-0-20:11:00
Green-B,Green-B-8-Friday-e7e26-0-20:16:00
Green-B,Green-B-8-Friday-e7e26-0-20:21:00
Green-B,Green-B-8-Friday-e7e26-0-20:26:00
Green-B,Green-B-8-Friday-e7e26-0-20:31:00
Green-B,Green-B-8-Friday-e7e26-0-20:36:00
Green-B,Green-B-8-Friday-e7e26-0-20:41:00
Green-B,Green-B-8-Friday-e7e26-0-20:46:00
Green-B,Green-B-8-Friday-e7e26-0-20:51:00
Green-B,Green-B-8-Friday-e7e26-0-20:56:00
Green-B,Green-B-8-Friday-e7e26-0-21:01:00
Green-B,Green-B-8-Friday-e7e26-0-21:05:00
Green-B,Green-B-8-Friday-e7e26-0-21:09:00
Green-B,Green-B-8-Friday-e7e26-0-21:13:00
Green-B,Green-B-8-Friday-e7e26-0-21:17:00
Green-B,Green-B-8-Friday-e7e26-0-21:21:00
Green-B,Green-B-8-Friday-e7e26-0-21:25:00
Green-B,Green-B-8-Friday-e7e26-0-21:29:00
Green-B,Green-B-8-Friday-e7e26-0-21:33:00
Green-B,Green-B-8-Friday-e7e26-0-21:37:00
Green-B,Green-B-8-Friday-e7e26-0-21:41:00
Green-B,Green-B-8-Friday-e7e26-0-21:45:00
Green-B,Green-B-8-Friday-e7e26-0-21:49:00
Green-B,Green-B-8-Friday-e7e26-0-21:53:00
Green-B,Green-B-8-Friday-e7e26-0-21:57:00
Green-B,Green-B-8-Friday-e7e26-0-22:01:00
Green-B,Green-B-8-Friday-e7e26-0-22:05:00
Green-B,Green-B-8-Friday-e7e26-0-22:09:00
Green-B,Green-B-8-Friday-e7e26-0-22:13:00
Green-B,Green-B-8-Friday-e7e26-0-22:17:00
Green-B,Green-B-8-Friday-e7e26-0-22:21:00
Green-B,Green-B-8-Friday-e7e26-0-22:25:00
Green-B,Green-B-8-Friday-e7e26-0-22:29:00
Green-B,Green-B-8-Friday-e7e26-0-22:33:00
Green-B,Green-B-8-Friday-e7e26-0-22:37:00
Green-B,Green-B-8-Friday-e7e26-0-22:41:00
Green-B,Green-B-8-Friday-e7e26-0-22:45:00
Green-B,Green-B-8-Friday-e7e26-0-22:49:00
Green-B,Green-B-8-Friday-e7e26-0-22:53:00
Green-B,Green-B-8-Friday-e7e26-0-22:57:00
Green-B,Green-B-8-Friday-e7e26-0-23:01:00
Green-B,Green-B-8-Friday-e7e26-0-23:05:00
Green-B,Green-B-8-Friday-e7e26-0-23:09:00
Green-B,Green-B-8-Friday-e7e26-0-23:13:00
Green-B,Green-B-8-Friday-e7e26-0-23:17:00
Green-B,Green-B-8-Friday-e7e26-0-23:21:00
Green-B,Green-B-8-Friday-e7e26-0-23:25:00
Green-B,Green-B-8-Friday-e7e26-0-23:29:00
Green-B,Green-B-8-Friday-e7e26-0-23:33:00
Green-B,Green-B-8-Friday-e7e26-0-23:37:00
Green-B,Green-B-8-Friday-e7e26-0-23:41:00
Green-B,Green-B-8-Friday-e7e26-0-23:45:00
Green-B,Green-B-8-Friday-e7e26-0-23:49:00
Green-B,Green-B-8-Friday-e7e26-0-23:53:00
Green-B,Green-B-8-Friday-e7e26-0-23:57:00
Green-B,Green-B-8-Friday-e7e26-0-24:01:00
Green-B,Green-B-8-Friday-e7e26-0-24:05:00
Green-B,Green-B-8-Friday-e7e26-0-24:09:00
Green-B,Green-B-8-Friday-e7e26-0-24:13:00
Green-B,Green-B-8-Friday-e7e26-0-24:17:00
Green-B,Green-B-8-Friday-e7e26-0-24:21:00
Green-B,Green-B-8-Friday-e7e26-0-24:25:00
Green-B,Green-B-8-Friday-e7e26-0-24:29:00
Green-B,Green-B-8-Friday-e7e26-0-24:33:00
Green-B,Green-B-8-Friday-e7e26-0-24:37:00
Green-B,Green-B-8-Friday-e7e26-0-24:41:00
Green-B,Green-B-8-Friday-e7e26-0-24:45:00
Green-B,Green-B-8-Friday-e7e26-0-24:49:00
Green-B,Green-B-8-Friday-e7e26-0-24:53:00
Green-B,Green-B-8-Friday-e7e26-0-24:57:00
Green-B,Green-B-8-Friday-e7e26-0-25:01:00
Green-B,Green-B-8-Friday-e7e26-0-25:04:00
Green-B,Green-B-8-Friday-e7e26-0-25:07:00
Green-B,Green-B-8-Friday-e7e26-0-25:10:00
Green-B,Green-B-8-Friday-e7e26-0-25:13:00
Green-B,Green-B-8-Friday-e7e26-0-25:16:00
Green-B,Green-B-8-Friday-e7e26-0-25:19:00
Green-B,Green-B-8-Friday-e7e26-0-25:22:00
Green-B,Green-B-8-Friday-e7e26-0-25:25:00
Green-B,Green-B-8-Friday-e7e26-0-25:28:00
Green-B,Green-B-8-Friday-e7e26-0-25:31:00
Green-B,Green-B-8-Friday-e7e26-0-25:34:00
Green-B,Green-B-8-Friday-e7e26-0-25:37:00
Green-B,Green-B-8-Friday-e7e26-0-25:40:00
Green-B,Green-B-8-Friday-e7e26-0-25:43:00
Green-B,Green-B-8-Friday-e7e26-0-25:46:00
Green-B,Green-B-8-Friday-e7e26-0-25:49:00
Green-B,Green-B-8-Friday-e7e26-0-25:52:00
Green-B,Green-B-8-Friday-e7e26-0-25:55:00
Green-B,Green-B-8-Friday-e7e26-0-25:58:00
Green-B,Green-B-8-Friday-e7e26-0-26:01:00
Green-B,Green-B-8-Friday-e7e26-0-26:04:00
Green-B,Green-B-8-Friday-e7e26-0-26:07:00
Green-B,Green-B-8-Friday-e7e26-0-26:10:00
Green-B,Green-B-8-Friday-e7e26-0-26:13:00
Green-B,Green-B-8-Friday-e7e26-1-05:18:00
Green-B,Green-B-8-Friday-e7e26-1-05:21:00
Green-B,Green-B-8-Friday-e7e26-1-05:24:00
Green-B,Green-B-8-Friday-e7e26-1-05:27:00
Green-B,Green-B-8-Friday-e7e26-1-05:30:00
Green-B,Green-B-8-Friday-e7e26-1-05:33:00
Green-B,Green-B-8-Friday-e7e26-1-05:36:00
Green-B,Green-B-8-Friday-e7e26-1-05:39:00
Green-B,Green-B-8-Friday-e7e26-1-05:42:00
Green-B,Green-B-8-Friday-e7e26-1-05:45:00
Green-B,Green-B-8-Friday-e7e26-1-05:48:00
Green-B,Green-B-8-Friday-e7e26-1-05:51:00
Green-B,Green-B-8-Friday-e7e26-1-05:54:00
Green-B,Green-B-8-Friday-e7e26-1-05:57:00
Green-B,Green-B-8-Friday-e7e26-1-06:00:00
Green-B,Green-B-8-Friday-e7e26-1-06:04:00
Green-B,Green-B-8-Friday-e7e26-1-06:08:00
Green-B,Green-B-8-Friday-e7e26-1-06:12:00
Green-B,Green-B-8-Friday-e7e26-1-06:16:00
Green-B,Green-B-8-Friday-e7e26-1-06:20:00
Green-B,Green-B-8-Friday-e7e26-1-06:24:00
Green-B,Green-B-8-Friday-e7e26-1-06:28:00
Green-B,Green-B-8-Friday-e7e26-1-06:32:00
Green-B,Green-B-8-Friday-e7e26-1-06:36:00
Green-B,Green-B-8-Friday-e7e26-1-06:40:00
Green-B,Green-B-8-Friday-e7e26-1-06:44:00
Green-B,Green-B-8-Friday-e7e26-1-06:48:00
Green-B,Green-B-8-Friday-e7e26-1-06:52:00
Green-B,Green-B-8-Friday-e7e26-1-06:56:00
Green-B,Green-B-8-Friday-e7e26-1-07:00:00
Green-B,Green-B-8-Friday-e7e26-1-07:03:00
Green-B,Green-B-8-Friday-e7e26-1-07:06:00
Green-B,Green-B-8-Friday-e7e26-1-07:09:00
Green-B,Green-B-8-Friday-e7e26-1-07:12:00
Green-B,Green-B-8-Friday-e7e26-1-07:15:00
Green-B,Green-B-8-Friday-e7e26-1-07:18:00
Green-B,Green-B-8-Friday-e7e26-1-07:21:00
Green-B,Green-B-8-Friday-e7e26-1-07:24:00
Green-B,Green-B-8-Friday-e7e26-1-07:27:00
Green-B,Green-B-8-Friday-e7e26-1-07:30:00
Green-B,Green-B-8-Friday-e7e26-1-07:33:00
Green-B,Green-B-8-Friday-e7e26-1-07:36:00
Green-B,Green-B-8-Friday-e7e26-1-07:39:00
Green-B,Green-B-8-Friday-e7e26-1-07:42:00
Green-B,Green-B-8-Friday-e7e26-1-07:45:00
Green-B,Green-B-8-Friday-e7e26-1-07:48:00
Green-B,Green-B-8-Friday-e7e26-1-07:51:00
Green-B,Green-B-8-Friday-e7e26-1-07:54:00
Green-B,Green-B-8-Friday-e7e26-1-07:57:00
Green-B,Green-B-8-Friday-e7e26-1-08:00:00
Green-B,Green-B-8-Friday-e7e26-1-08:03:00
Green-B,Green-B-8-Friday-e7e26-1-08:06:00
Green-B,Green-B-8-Friday-e7e26-1-08:09:00
Green-B,Green-B-8-Friday-e7e26-1-08:12:00
Green-B,Green-B-8-Friday-e7e26-1-08:15:00
Green-B,Green-B-8-Friday-e7e26-1-08:18:00
Green-B,Green-B-8-Friday-e7e26-1-08:21:00
Green-B,Green-B-8-Friday-e7e26-1-08:24:00
Green-B,Green-B-8-Friday-e7e26-1-08:27:00
Green-B,Green-B-8-Friday-e7e26-1-08:30:00
Green-B,Green-B-8-Friday-e7e26-1-08:33:00
Green-B,Green-B-8-Friday-e7e26-1-08:36:00
Green-B,Green-B-8-Friday-e7e26-1-08:39:00
Green-B,Green-B-8-Friday-e7e26-1-08:42:00
Green-B,Green-B-8-Friday-e7e26-1-08:45:00
Green-B,Green-B-8-Friday-e7e26-1-08:48:00
Green-B,Green-B-8-Friday-e7e26-1-08:51:00
Green-B,Green-B-8-Friday-e7e26-1-08:54:00
Green-B,Green-B-8-Friday-e7e26-1-08:57:00
Green-B,Green-B-8-Friday-e7e26-1-09:00:00
Green-B,Green-B-8-Friday-e7e26-1-09:03:00
Green-B,Green-B-8-Friday-e7e26-1-09:06:00
Green-B,Green-B-8-Friday-e7e26-1-09:09:00
Green-B,Green-B-8-Friday-e7e26-1-09:12:00
Green-B,Green-B-8-Friday-e7e26-1-09:15:00
Green-B,Green-B-8-Friday-e7e26-1-09:18:00
Green-B,Green-B-8-Friday-e7e26-1-09:21:00
Green-B,Green-B-8-Friday-e7e26-1-09:24:00
Green-B,Green-B-8-Friday-e7e26-1-09:27:00
Green-B,Green-B-8-Friday-e7e26-1-09:30:00
Green-B,Green-B-8-Friday-e7e26-1-09:33:00
Green-B,Green-B-8-Friday-e7e26-1-09:36:00
Green-B,Green-B-8-Friday-e7e26-1-09:39:00
Green-B,Green-B-8-Friday-e7e26-1-09:42:00
Green-B,Green-B-8-Friday-e7e26-1-09:45:00
Green-B,Green-B-8-Friday-e7e26-1-09:48:00
Green-B,Green-B-8-Friday-e7e26-1-09:51:00
Green-B,Green-B-8-Friday-e7e26-1-09:54:00
Green-B,Green-B-8-Friday-e7e26-1-09:57:00
Green-B,Green-B-8-Friday-e7e26-1-10:00:00
Green-B,Green-B-8-Friday-e7e26-1-10:04:00
Green-B,Green-B-8-Friday-e7e26-1-10:08:00
Green-B,Green-B-8-Friday-e7e26-1-10:12:00
Green-B,Green-B-8-Friday-e7e26-1-10:16:00
Green-B,Green-B-8-Friday-e7e26-1-10:20:00
Green-B,Green-B-8-Friday-e7e26-1-10:24:00
Green-B,Green-B-8-Friday-e7e26-1-10:28:00
Green-B,Green-B-8-Friday-e7e26-1-10:32:00
Green-B,Green-B-8-Friday-e7e26-1-10:36:00
Green-B,Green-B-8-Friday-e7e26-1-10:40:00
Green-B,Green-B-8-Friday-e7e26-1-10:44:00
Green-B,Green-B-8-Friday-e7e26-1-10:48:00
Green-B,Green-B-8-Friday-e7e26-1-10:52:00
Green-B,Green-B-8-Friday-e7e26-1-10:56:00
Green-B,Green-B-8-Friday-e7e26-1-11:00:00
Green-B,Green-B-8-Friday-e7e26-1-11:04:00
Green-B,Green-B-8-Friday-e7e26-1-11:08:00
Green-B,Green-B-8-Friday-e7e26-1-11:12:00
Green-B,Green-B-8-Friday-e7e26-1-11:16:00
Green-B,Green-B-8-Friday-e7e26-1-11:20:00
Green-B,Green-B-8-Friday-e7e26-1-11:24:00
Green-B,Green-B-8-Friday-e7e26-1-11:28:00
Green-B,Green-B-8-Friday-e7e26-1-11:32:00
Green-B,Green-B-8-Friday-e7e26-1-11:36:00
Green-B,Green-B-8-Friday-e7e26-1-11:40:00
Green-B,Green-B-8-Friday-e7e26-1-11:44:00
Green-B,Green-B-8-Friday-e7e26-1-11:48:00
Green-B,Green-B-8-Friday-e7e26-1-11:52:00
Green-B,Green-B-8-Friday-e7e26-1-11:56:00
Green-B,Green-B-8-Friday-e7e26-1-12:00:00
Green-B,Green-B-8-Friday-e7e26-1-12:05:00
Green-B,Green-B-8-Friday-e7e26-1-12:10:00
Green-B,Green-B-8-Friday-e7e26-1-12:15:00
Green-B,Green-B-8-Friday-e7e26-1-12:20:00
Green-B,Green-B-8-Friday-e7e26-1-12:25:00
Green-B,Green-B-8-Friday-e7e26-1-12:30:00
Green-B,Green-B-8-Friday-e7e26-1-12:35:00
Green-B,Green-B-8-Friday-e7e26-1-12:40:00
Green-B,Green-B-8-Friday-e7e26-1-12:45:00
Green-B,Green-B-8-Friday-e7e26-1-12:50:00
Green-B,Green-B-8-Friday-e7e26-1-12:55:00
Green-B,Green-B-8-Friday-e7e26-1-13:00:00
Green-B,Green-B-8-Friday-e7e26-1-13:05:00
Green-B,Green-B-8-Friday-e7e26-1-13:10:00
Green-B,Green-B-8-Friday-e7e26-1-13:15:00
Green-B,Green-B-8-Friday-e7e26-1-13:20:00
Green-B,Green-B-8-Friday-e7e26-1-13:25:00
Green-B,Green-B-8-Friday-e7e26-1-13:30:00
Green-B,Green-B-8-Friday-e7e26-1-13:35:00
Green-B,Green-B-8-Friday-e7e26-1-13:40:00
Green-B,Green-B-8-Friday-e7e26-1-13:45:00
Green-B,Green-B-8-Friday-e7e26-1-13:50:00
Green-B,Green-B-8-Friday-e7e26-1-13:55:00
Green-B,Green-B-8-Friday-e7e26-1-14:00:00
Green-B,Green-B-8-Friday-e7e26-1-14:04:00
Green-B,Green-B-8-Friday-e7e26-1-14:08:00
Green-B,Green-B-8-Friday-e7e26-1-14:12:00
Green-B,Green-B-8-Friday-e7e26-1-14:16:00
Green-B,Green-B-8-Friday-e7e26-1-14:20:00
Green-B,Green-B-8-Friday-e7e26-1-14:24:00
Green-B,Green-B-8-Friday-e7e26-1-14:28:00
Green-B,Green-B-8-Friday-e7e26-1-14:32:00
Green-B,Green-B-8-Friday-e7e26-1-14:36:00
Green-B,Green-B-8-Friday-e7e26-1-14:40:00
Green-B,Green-B-8-Friday-e7e26-1-14:44:00
Green-B,Green-B-8-Friday-e7e26-1-14:48:00
Green-B,Green-B-8-Friday-e7e26-1-14:52:00
Green-B,Green-B-8-Friday-e7e26-1-14:56:00
Green-B,Green-B-8-Friday-e7e26-1-15:00:00
Green-B,Green-B-8-Friday-e7e26-1-15:03:00
Green-B,Green-B-8-Friday-e7e26-1-15:06:00
Green-B,Green-B-8-Friday-e7e26-1-15:09:00
Green-B,Green-B-8-Friday-e7e26-1-15:12:00
Green-B,Green-B-8-Friday-e7e26-1-15:15:00
Green-B,Green-B-8-Friday-e7e26-1-15:18:00
Green-B,Green-B-8-Friday-e7e26-1-15:21:00
Green-B,Green-B-8-Friday-e7e26-1-15:24:00
Green-B,Green-B-8-Friday-e7e26-1-15:27:00
Green-B,Green-B-8-Friday-e7e26-1-15:30:00
Green-B,Green-B-8-Friday-e7e26-1-15:33:00
Green-B,Green-B-8-Friday-e7e26-1-15:36:00
Green-B,Green-B-8-Friday-e7e26-1-15:39:00
Green-B,Green-B-8-Friday-e7e26-1-15:42:00
Green-B,Green-B-8-Friday-e7e26-1-15:45:00
Green-B,Green-B-8-Friday-e7e26-1-15:48:00
Green-B,Green-B-8-Friday-e7e26-1-15:51:00
Green-B,Green-B-8-Friday-e7e26-1-15:54:00
Green-B,Green-B-8-Friday-e7e26-1-15:57:00
Green-B,Green-B-8-Friday-e7e26-1-16:00:00
Green-B,Green-B-8-Friday-e7e26-1-16:03:00
Green-B,Green-B-8-Friday-e7e26-1-16:06:00
Green-B,Green-B-8-Friday-e7e26-1-16:09:00
Green-B,Green-B-8-Friday-e7e26-1-16:12:00
Green-B,Green-B-8-Friday-e7e26-1-16:15:00
Green-B,Green-B-8-Friday-e7e26-1-16:18:00
Green-B,Green-B-8-Friday-e7e26-1-16:21:00
Green-B,Green-B-8-Friday-e7e26-1-16:24:00
Green-B,Green-B-8-Friday-e7e26-1-16:27:00
Green-B,Green-B-8-Friday-e7e26-1-16:30:00
Green-B,Green-B-8-Friday-e7e26-1-16:33:00
Green-B,Green-B-8-Friday-e7e26-1-16:36:00
Green-B,Green-B-8-Friday-e7e26-1-16:39:00
Green-B,Green-B-8-Friday-e7e26-1-16:42:00
Green-B,Green-B-8-Friday-e7e26-1-16:45:00
Green-B,Green-B-8-Friday-e7e26-1-16:48:00
Green-B,Green-B-8-Friday-e7e26-1-16:51:00
Green-B,Green-B-8-Friday-e7e26-1-16:54:00
Green-B,Green-B-8-Friday-e7e26-1-16:57:00
Green-B,Green-B-8-Friday-e7e26-1-17:00:00
Green-B,Green-B-8-Friday-e7e26-1-17:04:00
Green-B,Green-B-8-Friday-e7e26-1-17:08:00
Green-B,Green-B-8-Friday-e7e26-1-17:12:00
Green-B,Green-B-8-Friday-e7e26-1-17:16:00
Green-B,Green-B-8-Friday-e7e26-1-17:20:00
Green-B,Green-B-8-Friday-e7e26-1-17:24:00
Green-B,Green-B-8-Friday-e7e26-1-17:28:00
Green-B,Green-B-8-Friday-e7e26-1-17:32:00
Green-B,Green-B-8-Friday-e7e26-1-17:36:00
Green-B,Green-B-8-Friday-e7e26-1-17:40:00
Green-B,Green-B-8-Friday-e7e26-1-17:44:00
Green-B,Green-B-8-Friday-e7e26-1-17:48:00
Green-B,Green-B-8-Friday-e7e26-1-17:52:00
Green-B,Green-B-8-Friday-e7e26-1-17:56:00
Green-B,Green-B-8-Friday-e7e26-1-18:00:00
Green-B,Green-B-8-Friday-e7e26-1-18:03:00
Green-B,Green-B-8-Friday-e7e26-1-18:06:00
Green-B,Green-B-8-Friday-e7e26-1-18:09:00
Green-B,Green-B-8-Friday-e7e26-1-18:12:00
Green-B,Green-B-8-Friday-e7e26-1-18:15:00
Green-B,Green-B-8-Friday-e7e26-1-18:18:00
Green-B,Green-B-8-Friday-e7e26-1-18:21:00
Green-B,Green-B-8-Friday-e7e26-1-18:24:00
Green-B,Green-B-8-Friday-e7e26-1-18:27:00
Green-B,Green-B-8-Friday-e7e26-1-18:30:00
Green-B,Green-B-8-Friday-e7e26-1-18:33:00
Green-B,Green-B-8-Friday-e7e26-1-18:36:00
Green-B,Green-B-8-Friday-e7e26-1-18:39:00
Green-B,Green-B-8-Friday-e7e26-1-18:42:00
Green-B,Green-B-8-Friday-e7e26-1-18:45:00
Green-B,Green-B-8-Friday-e7e26-1-18:48:00
Green-B,Green-B-8-Friday-e7e26-1-18:51:00
Green-B,Green-B-8-Friday-e7e26-1-18:54:00
Green-B,Green-B-8-Friday-e7e26-1-18:57:00
Green-B,Green-B-8-Friday-e7e26-1-19:00:00
Green-B,Green-B-8-Friday-e7e26-1-19:05:00
Green-B,Green-B-8-Friday-e7e26-1-19:10:00
Green-B,Green-B-8-Friday-e7e26-1-19:15:00
Green-B,Green-B-8-Friday-e7e26-1-19:20:00
Green-B,Green-B-8-Friday-e7e26-1-19:25:00
Green-B,Green-B-8-Friday-e7e26-1-19:30:00
Green-B,Green-B-8-Friday-e7e26-1-19:35:00
Green-B,Green-B-8-Friday-e7e26-1-19:40:00
Green-B,Green-B-8-Friday-e7e26-1-19:45:00
Green-B,Green-B-8-Friday-e7e26-1-19:50:00
Green-B,Green-B-8-Friday-e7e26-1-19:55:00
Green-B,Green-B-8-Friday-e7e26-1-20:00:00
Green-B,Green-B-8-Friday-e7e26-1-20:05:00
Green-B,Green-B-8-Friday-e7e26-1-20:10:00
Green-B,Green-B-8-Friday-e7e26-1-20:15:00
Green-B,Green-B-8-Friday-e7e26-1-20:20:00
Green-B,Green-B-8-Friday-e7e26-1-20:25:00
Green-B,Green-B-8-Friday-e7e26-1-20:30:00
Green-B,Green-B-8-Friday-e7e26-1-20:35:00
Green-B,Green-B-8-Friday-e7e26-1-20:40:00
Green-B,Green-B-8-Friday-e7e26-1-20:45:00
Green-B,Green-B-8-Friday-e7e26-1-20:50:00
Green-B,Green-B-8-Friday-e7e26-1-20:55:00
Green-B,Green-B-8-Friday-e7e26-1-21:00:00
Green-B,Green-B-8-Friday-e7e26-1-21:04:00
Green-B,Green-B-8-Friday-e7e26-1-21:08:00
Green-B,Green-B-8-Friday-e7e26-1-21:12:00
Green-B,Green-B-8-Friday-e7e26-1-21:16:00
Green-B,Green-B-8-Friday-e7e26-1-21:20:00
Green-B,Green-B-8-Friday-e7e26-1-21:24:00
Green-B,Green-B-8-Friday-e7e26-1-21:28:00
Green-B,Green-B-8-Friday-e7e26-1-21:32:00
Green-B,Green-B-8-Friday-e7e26-1-21:36:00
Green-B,Green-B-8-Friday-e7e26-1-21:40:00
Green-B,Green-B-8-Friday-e7e26-1-21:44:00
Green-B,Green-B-8-Friday-e7e26-1-21:48:00
Green-B,Green-B-8-Friday-e7e26-1-21:52:00
Green-B,Green-B-8-Friday-e7e26-1-21:56:00
Green-B,Green-B-8-Friday-e7e26-1-22:00:00
Green-B,Green-B-8-Friday-e7e26-1-22:04:00
Green-B,Green-B-8-Friday-e7e26-1-22:08:00
Green-B,Green-B-8-Friday-e7e26-1-22:12:00
Green-B,Green-B-8-Friday-e7e26-1-22:16:00
Green-B,Green-B-8-Friday-e7e26-1-22:20:00
Green-B,Green-B-8-Friday-e7e26-1-22:24:00
Green-B,Green-B-8-Friday-e7e26-1-22:28:00
Green-B,Green-B-8-Friday-e7e26-1-22:32:00
Green-B,Green-B-8-Friday-e7e26-1-22:36:00
Green-B,Green-B-8-Friday-e7e26-1-22:40:00
Green-B,Green-B-8-Friday-e7e26-1-22:44:00
Green-B,Green-B-8-Friday-e7e26-1-22:48:00
Green-B,Green-B-8-Friday-e7e26-1-22:52:00
Green-B,Green-B-8-Friday-e7e26-1-22:56:00
Green-B,Green-B-8-Friday-e7e26-1-23:00:00
Green-B,Green-B-8-Friday-e7e26-1-23:04:00
Green-B,Green-B-8-Friday-e7e26-1-23:08:00
Green-B,Green-B-8-Friday-e7e26-1-23:12:00
Green-B,Green-B-8-Friday-e7e26-1-23:16:00
Green-B,Green-B-8-Friday-e7e26-1-23:20:00
Green-B,Green-B-8-Friday-e7e26-1-23:24:00
Green-B,Green-B-8-Friday-e7e26-1-23:28:00
Green-B,Green-B-8-Friday-e7e26-1-23:32:00
Green-B,Green-B-8-Friday-e7e26-1-23:36:00
Green-B,Green-B-8-Friday-e7e26-1-23:40:00
Green-B,Green-B-8-Friday-e7e26-1-23:44:00
Green-B,Green-B-8-Friday-e7e26-1-23:48:00
Green-B,Green-B-8-Friday-e7e26-1-23:52:00
Green-B,Green-B-8-Friday-e7e26-1-23:56:00
Green-B,Green-B-8-Friday-e7e26-1-24:00:00
Green-B,Green-B-8-Friday-e7e26-1-24:04:00
Green-B,Green-B-8-Friday-e7e26-1-24:08:00
Green-B,Green-B-8-Friday-e7e26-1-24:12:00
Green-B,Green-B-8-Friday-e7e26-1-24:16:00
Green-B,Green-B-8-Friday-e7e26-1-24:20:00
Green-B,Green-B-8-Friday-e7e26-1-24:24:00
Green-B,Green-B-8-Friday-e7e26-1-24:28:00
Green-B,Green-B-8-Friday-e7e26-1-24:32:00
Green-B,Green-B-8-Friday-e7e26-1-24:36:00
Green-B,Green-B-8-Friday-e7e26-1-24:40:00
Green-B,Green-B-8-Friday-e7e26-1-24:44:00
Green-B,Green-B-8-Friday-e7e26-1-24:48:00
Green-B,Green-B-8-Friday-e7e26-1-24:52:00
Green-B,Green-B-8-Friday-e7e26-1-24:56:00
Green-B,Green-B-8-Friday-e7e26-1-25:00:00
Green-B,Green-B-8-Friday-e7e26-1-25:03:00
Green-B,Green-B-8-Friday-e7e26-1-25:06:00
Green-B,Green-B-8-Friday-e7e26-1-25:09:00
Green-B,Green-B-8-Friday-e7e26-1-25:12:00
Green-B,Green-B-8-Friday-e7e26-1-25:15:00
Green-B,Green-B-8-Friday-e7e26-1-25:18:00
Green-B,Green-B-8-Friday-e7e26-1-25:21:00
Green-B,Green-B-8-Friday-e7e26-1-25:24:00
Green-B,Green-B-8-Friday-e7e26-1-25:27:00
Green-B,Green-B-8-Friday-e7e26-1-25:30:00
Green-B,Green-B-8-Friday-e7e26-1-25:31:00
Green-B,Green-B-8-Weekday-e7e26-0-05:43:00
Green-B,Green-B-8-Weekday-e7e26-0-05:46:00
Green-B,Green-B-8-Weekday-e7e26-0-05:49:00
Green-B,Green-B-8-Weekday-e7e26-0-05:52:00
Green-B,Green-B-8-Weekday-e7e26-0-05:55:00
Green-B,Green-B-8-Weekday-e7e26-0-05:58:00
Green-B,Green-B-8-Weekday-e7e26-0-06:01:00
Green-B,Green-B-8-Weekday-e7e26-0-06:05:00
Green-B,Green-B-8-Weekday-e7e26-0-06:09:00
Green-B,Green-B-8-Weekday-e7e26-0-06:13:00
Green-B,Green-B-8-Weekday-e7e26-0-06:17:00
Green-B,Green-B-8-Weekday-e7e26-0-06:21:00
Green-B,Green-B-8-Weekday-e7e26-0-06:25:00
Green-B,Green-B-8-Weekday-e7e26-0-06:29:00
Green-B,Green-B-8-Weekday-e7e26-0-06:33:00
Green-B,Green-B-8-Weekday-e7e26-0-06:37:00
Green-B,Green-B-8-Weekday-e7e26-0-06:41:00
Green-B,Green-B-8-Weekday-e7e26-0-06:45:00
Green-B,Green-B-8-Weekday-e7e26-0-06:49:00
Green-B,Green-B-8-Weekday-e7e26-0-06:53:00
Green-B,Green-B-8-Weekday-e7e26-0-06:57:00
Green-B,Green-B-8-Weekday-e7e26-0-07:01:00
Green-B,Green-B-8-Weekday-e7e26-0-07:04:00
Green-B,Green-B-8-Weekday-e7e26-0-07:07:00
Green-B,Green-B-8-Weekday-e7e26-0-07:10:00
Green-B,Green-B-8-Weekday-e7e26-0-07:13:00
Green-B,Green-B-8-Weekday-e7e26-0-07:16:00
Green-B,Green-B-8-Weekday-e7e26-0-07:19:00
Green-B,Green-B-8-Weekday-e7e26-0-07:22:00
Green-B,Green-B-8-Weekday-e7e26-0-07:25:00
Green-B,Green-B-8-Weekday-e7e26-0-07:28:00
Green-B,Green-B-8-Weekday-e7e26-0-07:31:00
Green-B,Green-B-8-Weekday-e7e26-0-07:34:00
Green-B,Green-B-8-Weekday-e7e26-0-07:37:00
Green-B,Green-B-8-Weekday-e7e26-0-07:40:00
Green-B,Green-B-8-Weekday-e7e26-0-07:43:00
Green-B,Green-B-8-Weekday-e7e26-0-07:46:00
Green-B,Green-B-8-Weekday-e7e26-0-07:49:00
Green-B,Green-B-8-Weekday-e7e26-0-07:52:00
Green-B,Green-B-8-Weekday-e7e26-0-07:55:00
Green-B,Green-B-8-Weekday-e7e26-0-07:58:00
Green-B,Green-B-8-Weekday-e7e26-0-08:01:00
Green-B,Green-B-8-Weekday-e7e26-0-08:04:00
Green-B,Green-B-8-Weekday-e7e26-0-08:07:00
Green-B,Green-B-8-Weekday-e7e26-0-08:10:00
Green-B,Green-B-8-Weekday-e7e26-0-08:13:00
Green-B,Green-B-8-Weekday-e7e26-0-08:16:00
Green-B,Green-B-8-Weekday-e7e26-0-08:19:00
Green-B,Green-B-8-Weekday-e7e26-0-08:22:00
Green-B,Green-B-8-Weekday-e7e26-0-08:25:00
Green-B,Green-B-8-Weekday-e7e26-0-08:28:00
Green-B,Green-B-8-Weekday-e7e26-0-08:31:00
Green-B,Green-B-8-Weekday-e7e26-0-08:34:00
Green-B,Green-B-8-Weekday-e7e26-0-08:37:00
Green-B,Green-B-8-Weekday-e7e26-0-08:40:00
Green-B,Green-B-8-Weekday-e7e26-0-08:43:00
Green-B,Green-B-8-Weekday-e7e26-0-08:46:00
Green-B,Green-B-8-Weekday-e7e26-0-08:49:00
Green-B,Green-B-8-Weekday-e7e26-0-08:52:00
Green-B,Green-B-8-Weekday-e7e26-0-08:55:00
Green-B,Green-B-8-Weekday-e7e26-0-08:58:00
Green-B,Green-B-8-Weekday-e7e26-0-09:01:00
Green-B,Green-B-8-Weekday-e7e26-0-09:04:00
Green-B,Green-B-8-Weekday-e7e26-0-09:07:00
Green-B,Green-B-8-Weekday-e7e26-0-09:10:00
Green-B,Green-B-8-Weekday-e7e26-0-09:13:00
Green-B,Green-B-8-Weekday-e7e26-0-09:16:00
Green-B,Green-B-8-Weekday-e7e26-0-09:19:00
Green-B,Green-B-8-Weekday-e7e26-0-09:22:00
Green-B,Green-B-8-Weekday-e7e26-0-09:25:00
Green-B,Green-B-8-Weekday-e7e26-0-09:28:00
Green-B,Green-B-8-Weekday-e7e26-0-09:31:00
Green-B,Green-B-8-Weekday-e7e26-0-09:34:00
Green-B,Green-B-8-Weekday-e7e26-0-09:37:00
Green-B,Green-B-8-Weekday-e7e26-0-09:40:00
Green-B,Green-B-8-Weekday-e7e26-0-09:43:00
Green-B,Green-B-8-Weekday-e7e26-0-09:46:00
Green-B,Green-B-8-Weekday-e7e26-0-09:49:00
Green-B,Green-B-8-Weekday-e7e26-0-09:52:00
Green-B,Green-B-8-Weekday-e7e26-0-09:55:00
Green-B,Green-B-8-Weekday-e7e26-0-09:58:00
Green-B,Green-B-8-Weekday-e7e26-0-10:01:00
Green-B,Green-B-8-Weekday-e7e26-0-10:05:00
Green-B,Green-B-8-Weekday-e7e26-0-10:09:00
Green-B,Green-B-8-Weekday-e7e26-0-10:13:00
Green-B,Green-B-8-Weekday-e7e26-0-10:17:00
Green-B,Green-B-8-Weekday-e7e26-0-10:21:00
Green-B,Green-B-8-Weekday-e7e26-0-10:25:00
Green-B,Green-B-8-Weekday-e7e26-0-10:29:00
Green-B,Green-B-8-Weekday-e7e26-0-10:33:00
Green-B,Green-B-8-Weekday-e7e26-0-10:37:00
Green-B,Green-B-8-Weekday-e7e26-0-10:41:00
Green-B,Green-B-8-Weekday-e7e26-0-10:45:00
Green-B,Green-B-8-Weekday-e7e26-0-10:49:00
Green-B,Green-B-8-Weekday-e7e26-0-10:53:00
Green-B,Green-B-8-Weekday-e7e26-0-10:57:00
Green-B,Green-B-8-Weekday-e7e26-0-11:01:00
Green-B,Green-B-8-Weekday-e7e26-0-11:05:00
Green-B,Green-B-8-Weekday-e7e26-0-11:09:00
Green-B,Green-B-8-Weekday-e7e26-0-11:13:00
Green-B,Green-B-8-Weekday-e7e26-0-11:17:00
Green-B,Green-B-8-Weekday-e7e26-0-11:21:00
Green-B,Green-B-8-Weekday-e7e26-0-11:25:00
Green-B,Green-B-8-Weekday-e7e26-0-11:29:00
Green-B,Green-B-8-Weekday-e7e26-0-11:33:00
Green-B,Green-B-8-Weekday-e7e26-0-11:37:00
Green-B,Green-B-8-Weekday-e7e26-0-11:41:00
Green-B,Green-B-8-Weekday-e7e26-0-11:45:00
Green-B,Green-B-8-Weekday-e7e26-0-11:49:00
Green-B,Green-B-8-Weekday-e7e26-0-11:53:00
Green-B,Green-B-8-Weekday-e7e26-0-11:57:00
Green-B,Green-B-8-Weekday-e7e26-0-12:01:00
Green-B,Green-B-8-Weekday-e7e26-0-12:06:00
Green-B,Green-B-8-Weekday-e7e26-0-12:11:00
Green-B,Green-B-8-Weekday-e7e26-0-12:16:00
Green-B,Green-B-8-Weekday-e7e26-0-12:21:00
Green-B,Green-B-8-Weekday-e7e26-0-12:26:00
Green-B,Green-B-8-Weekday-e7e26-0-12:31:00
Green-B,Green-B-8-Weekday-e7e26-0-12:36:00
Green-B,Green-B-8-Weekday-e7e26-0-12:41:00
Green-B,Green-B-8-Weekday-e7e26-0-12:46:00
Green-B,Green-B-8-Weekday-e7e26-0-12:51:00
Green-B,Green-B-8-Weekday-e7e26-0-12:56:00
Green-B,Green-B-8-Weekday-e7e26-0-13:01:00
Green-B,Green-B-8-Weekday-e7e26-0-13:06:00
Green-B,Green-B-8-Weekday-e7e26-0-13:11:00
Green-B,Green-B-8-Weekday-e7e26-0-13:16:00
Green-B,Green-B-8-Weekday-e7e26-0-13:21:00
Green-B,Green-B-8-Weekday-e7e26-0-13:26:00
Green-B,Green-B-8-Weekday-e7e26-0-13:31:00
Green-B,Green-B-8-Weekday-e7e26-0-13:36:00
Green-B,Green-B-8-Weekday-e7e26-0-13:41:00
Green-B,Green-B-8-Weekday-e7e26-0-13:46:00
Green-B,Green-B-8-Weekday-e7e26-0-13:51:00
Green-B,Green-B-8-Weekday-e7e26-0-13:56:00
Green-B,Green-B-8-Weekday-e7e26-0-14:01:00
Green-B,Green-B-8-Weekday-e7e26-0-14:05:00
Green-B,Green-B-8-Weekday-e7e26-0-14:09:00
Green-B,Green-B-8-Weekday-e7e26-0-14:13:00
Green-B,Green-B-8-Weekday-e7e26-0-14:17:00
Green-B,Green-B-8-Weekday-e7e26-0-14:21:00
Green-B,Green-B-8-Weekday-e7e26-0-14:25:00
Green-B,Green-B-8-Weekday-e7e26-0-14:29:00
Green-B,Green-B-8-Weekday-e7e26-0-14:33:00
Green-B,Green-B-8-Weekday-e7e26-0-14:37:00
Green-B,Green-B-8-Weekday-e7e26-0-14:41:00
Green-B,Green-B-8-Weekday-e7e26-0-14:45:00
Green-B,Green-B-8-Weekday-e7e26-0-14:49:00
Green-B,Green-B-8-Weekday-e7e26-0-14:53:00
Green-B,Green-B-8-Weekday-e7e26-0-14:57:00
Green-B,Green-B-8-Weekday-e7e26-0-15:01:00
Green-B,Green-B-8-Weekday-e7e26-0-15:04:00
Green-B,Green-B-8-Weekday-e7e26-0-15:07:00
Green-B,Green-B-8-Weekday-e7e26-0-15:10:00
Green-B,Green-B-8-Weekday-e7e26-0-15:13:00
Green-B,Green-B-8-Weekday-e7e26-0-15:16:00
Green-B,Green-B-8-Weekday-e7e26-0-15:19:00
Green-B,Green-B-8-Weekday-e7e26-0-15:22:00
Green-B,Green-B-8-Weekday-e7e26-0-15:25:00
Green-B,Green-B-8-Weekday-e7e26-0-15:28:00
Green-B,Green-B-8-Weekday-e7e26-0-15:31:00
Green-B,Green-B-8-Weekday-e7e26-0-15:34:00
Green-B,Green-B-8-Weekday-e7e26-0-15:37:00
Green-B,Green-B-8-Weekday-e7e26-0-15:40:00
Green-B,Green-B-8-Weekday-e7e26-0-15:43:00
Green-B,Green-B-8-Weekday-e7e26-0-15:46:00
Green-B,Green-B-8-Weekday-e7e26-0-15:49:00
Green-B,Green-B-8-Weekday-e7e26-0-15:52:00
Green-B,Green-B-8-Weekday-e7e26-0-15:55:00
Green-B,Green-B-8-Weekday-e7e26-0-15:58:00
Green-B,Green-B-8-Weekday-e7e26-0-16:01:00
Green-B,Green-B-8-Weekday-e7e26-0-16:04:00
Green-B,Green-B-8-Weekday-e7e26-0-16:07:00
Green-B,Green-B-8-Weekday-e7e26-0-16:10:00
Green-B,Green-B-8-Weekday-e7e26-0-16:13:00
Green-B,Green-B-8-Weekday-e7e26-0-16:16:00
Green-B,Green-B-8-Weekday-e7e26-0-16:19:00
Green-B,Green-B-8-Weekday-e7e26-0-16:22:00
Green-B,Green-B-8-Weekday-e7e26-0-16:25:00
Green-B,Green-B-8-Weekday-e7e26-0-16:28:00
Green-B,Green-B-8-Weekday-e7e26-0-16:31:00
Green-B,Green-B-8-Weekday-e7e26-0-16:34:00
Green-B,Green-B-8-Weekday-e7e26-0-16:37:00
Green-B,Green-B-8-Weekday-e7e26-0-16:40:00
Green-B,Green-B-8-Weekday-e7e26-0-16:43:00
Green-B,Green-B-8-Weekday-e7e26-0-16:46:00
Green-B,Green-B-8-Weekday-e7e26-0-16:49:00
Green-B,Green-B-8-Weekday-e7e26-0-16:52:00
Green-B,Green-B-8-Weekday-e7e26-0-16:55:00
Green-B,Green-B-8-Weekday-e7e26-0-16:58:00
Green-B,Green-B-8-Weekday-e7e26-0-17:01:00
Green-B,Green-B-8-Weekday-e7e26-0-17:05:00
Green-B,Green-B-8-Weekday-e7e26-0-17:09:00
Green-B,Green-B-8-Weekday-e7e26-0-17:13:00
Green-B,Green-B-8-Weekday-e7e26-0-17:17:00
Green-B,Green-B-8-Weekday-e7e26-0-17:21:00
Green-B,Green-B-8-Weekday-e7e26-0-17:25:00
Green-B,Green-B-8-Weekday-e7e26-0-17:29:00
Green-B,Green-B-8-Weekday-e7e26-0-17:33:00
Green-B,Green-B-8-Weekday-e7e26-0-17:37:00
Green-B,Green-B-8-Weekday-e7e26-0-17:41:00
Green-B,Green-B-8-Weekday-e7e26-0-17:45:00
Green-B,Green-B-8-Weekday-e7e26-0-17:49:00
Green-B,Green-B-8-Weekday-e7e26-0-17:53:00
Green-B,Green-B-8-Weekday-e7e26-0-17:57:00
Green-B,Green-B-8-Weekday-e7e26-0-18:01:00
Green-B,Green-B-8-Weekday-e7e26-0-18:04:00
Green-B,Green-B-8-Weekday-e7e26-0-18:07:00
Green-B,Green-B-8-Weekday-e7e26-0-18:10:00
Green-B,Green-B-8-Weekday-e7e26-0-18:13:00
Green-B,Green-B-8-Weekday-e7e26-0-18:16:00
Green-B,Green-B-8-Weekday-e7e26-0-18:19:00
Green-B,Green-B-8-Weekday-e7e26-0-18:22:00
Green-B,Green-B-8-Weekday-e7e26-0-18:25:00
Green-B,Green-B-8-Weekday-e7e26-0-18:28:00
Green-B,Green-B-8-Weekday-e7e26-0-18:31:00
Green-B,Green-B-8-Weekday-e7e26-0-18:34:00
Green-B,Green-B-8-Weekday-e7e26-0-18:37:00
Green-B,Green-B-8-Weekday-e7e26-0-18:40:00
Green-B,Green-B-8-Weekday-e7e26-0-18:43:00
Green-B,Green-B-8-Weekday-e7e26-0-18:46:00
Green-B,Green-B-8-Weekday-e7e26-0-18:49:00
Green-B,Green-B-8-Weekday-e7e26-0-18:52:00
Green-B,Green-B-8-Weekday-e7e26-0-18:55:00
Green-B,Green-B-8-Weekday-e7e26-0-18:58:00
Green-B,Green-B-8-Weekday-e7e26-0-19:01:00
Green-B,Green-B-8-Weekday-e7e26-0-19:06:00
Green-B,Green-B-8-Weekday-e7e26-0-19:11:00
Green-B,Green-B-8-Weekday-e7e26-0-19:16:00
Green-B,Green-B-8-Weekday-e7e26-0-19:21:00
Green-B,Green-B-8-Weekday-e7e26-0-19:26:00
Green-B,Green-B-8-Weekday-e7e26-0-19:31:00
Green-B,Green-B-8-Weekday-e7e26-0-19:36:00
Green-B,Green-B-8-Weekday-e7e26-0-19:41:00
Green-B,Green-B-8-Weekday-e7e26-0-19:46:00
Green-B,Green-B-8-Weekday-e7e26-0-19:51:00
Green-B,Green-B-8-Weekday-e7e26-0-19:56:00
Green-B,Green-B-8-Weekday-e7e26-0-20:01:00
Green-B,Green-B-8-Weekday-e7e26-0-20:06:00
Green-B,Green-B-8-Weekday-e7e26-0-20:11:00
Green-B,Green-B-8-Weekday-e7e26-0-20:16:00
Green-B,Green-B-8-Weekday-e7e26-0-20:21:00
Green-B,Green-B-8-Weekday-e7e26-0-20:26:00
Green-B,Green-B-8-Weekday-e7e26-0-20:31:00
Green-B,Green-B-8-Weekday-e7e26-0-20:36:00
Green-B,Green-B-8-Weekday-e7e26-0-20:41:00
Green-B,Green-B-8-Weekday-e7e26-0-20:46:00
Green-B,Green-B-8-Weekday-e7e26-0-20:51:00
Green-B,Green-B-8-Weekday-e7e26-0-20:56:00
Green-B,Green-B-8-Weekday-e7e26-0-21:01:00
Green-B,Green-B-8-Weekday-e7e26-0-21:05:00
Green-B,Green-B-8-Weekday-e7e26-0-21:09:00
Green-B,Green-B-8-Weekday-e7e26-0-21:13:00
Green-B,Green-B-8-Weekday-e7e26-0-21:17:00
Green-B,Green-B-8-Weekday-e7e26-0-21:21:00
Green-B,Green-B-8-Weekday-e7e26-0-21:25:00
Green-B,Green-B-8-Weekday-e7e26-0-21:29:00
Green-B,Green-B-8-Weekday-e7e26-0-21:33:00
Green-B,Green-B-8-Weekday-e7e26-0-21:37:00
Green-B,Green-B-8-Weekday-e7e26-0-21:41:00
Green-B,Green-B-8-Weekday-e7e26-0-21:45:00
Green-B,Green-B-8-Weekday-e7e26-0-21:49:00
Green-B,Green-B-8-Weekday-e7e26-0-21:53:00
Green-B,Green-B-8-Weekday-e7e26-0-21:57:00
Green-B,Green-B-8-Weekday-e7e26-0-22:01:00
Green-B,Green-B-8-Weekday-e7e26-0-22:05:00
Green-B,Green-B-8-Weekday-e7e26-0-22:09:00
Green-B,Green-B-8-Weekday-e7e26-0-22:13:00
Green-B,Green-B-8-Weekday-e7e26-0-22:17:00
Green-B,Green-B-8-Weekday-e7e26-0-22:21:00
Green-B,Green-B-8-Weekday-e7e26-0-22:25:00
Green-B,Green-B-8-Weekday-e7e26-0-22:29:00
Green-B,Green-B-8-Weekday-e7e26-0-22:33:00
Green-B,Green-B-8-Weekday-e7e26-0-22:37:00
Green-B,Green-B-8-Weekday-e7e26-0-22:41:00
Green-B,Green-B-8-Weekday-e7e26-0-22:45:00
Green-B,Green-B-8-Weekday-e7e26-0-22:49:00
Green-B,Green-B-8-Weekday-e7e26-0-22:53:00
Green-B,Green-B-8-Weekday-e7e26-0-22:57:00
Green-B,Green-B-8-Weekday-e7e26-0-23:01:00
Green-B,Green-B-8-Weekday-e7e26-0-23:05:00
Green-B,Green-B-8-Weekday-e7e26-0-23:09:00
Green-B,Green-B-8-Weekday-e7e26-0-23:13:00
Green-B,Green-B-8-Weekday-e7e26-0-23:17:00
Green-B,Green-B-8-Weekday-e7e26-0-23:21:00
Green-B,Green-B-8-Weekday-e7e26-0-23:25:00
Green-B,Green-B-8-Weekday-e7e26-0-23:29:00
Green-B,Green-B-8-Weekday-e7e26-0-23:33:00
Green-B,Green-B-8-Weekday-e7e26-0-23:37:00
Green-B,Green-B-8-Weekday-e7e26-0-23:41:00
Green-B,Green-B-8-Weekday-e7e26-0-23:45:00
Green-B,Green-B-8-Weekday-e7e26-0-23:49:00
Green-B,Green-B-8-Weekday-e7e26-0-23:53:00
Green-B,Green-B-8-Weekday-e7e26-0-23:57:00
Green-B,Green-B-8-Weekday-e7e26-0-24:01:00
Green-B,Green-B-8-Weekday-e7e26-0-24:05:00
Green-B,Green-B-8-Weekday-e7e26-0-24:09:00
Green-B,Green-B-8-Weekday-e7e26-0-24:13:00
Green-B,Green-B-8-Weekday-e7e26-0-24:17:00
Green-B,Green-B-8-Weekday-e7e26-0-24:21:00
Green-B,Green-B-8-Weekday-e7e26-0-24:25:00
Green-B,Green-B-8-Weekday-e7e26-0-24:29:00
Green-B,Green-B-8-Weekday-e7e26-0-24:33:00
Green-B,Green-B-8-Weekday-e7e26-0-24:37:00
Green-B,Green-B-8-Weekday-e7e26-0-24:41:00
Green-B,Green-B-8-Weekday-e7e26-0-24:45:00
Green-B,Green-B-8-Weekday-e7e26-0-24:49:00
Green-B,Green-B-8-Weekday-e7e26-0-24:53:00
Green-B,Green-B-8-Weekday-e7e26-0-24:57:00
Green-B,Green-B-8-Weekday-e7e26-0-25:01:00
Green-B,Green-B-8-Weekday-e7e26-0-25:05:00
Green-B,Green-B-8-Weekday-e7e26-0-25:09:00
Green-B,Green-B-8-Weekday-e7e26-0-25:13:00
Green-B,Green-B-8-Weekday-e7e26-0-25:17:00
Green-B,Green-B-8-Weekday-e7e26-0-25:19:00
Green-B,Green-B-8-Weekday-e7e26-1-05:18:00
Green-B,Green-B-8-Weekday-e7e26-1-05:21:00
Green-B,Green-B-8-Weekday-e7e26-1-05:24:00
Green-B,Green-B-8-Weekday-e7e26-1-05:27:00
Green-B,Green-B-8-Weekday-e7e26-1-05:30:00
Green-B,Green-B-8-Weekday-e7e26-1-05:33:00
Green-B,Green-B-8-Weekday-e7e26-1-05:36:00
Green-B,Green-B-8-Weekday-e7e26-1-05:39:00
Green-B,Green-B-8-Weekday-e7e26-1-05:42:00
Green-B,Green-B-8-Weekday-e7e26-1-05:45:00
Green-B,Green-B-8-Weekday-e7e26-1-05:48:00
Green-B,Green-B-8-Weekday-e7e26-1-05:51:00
Green-B,Green-B-8-Weekday-e7e26-1-05:54:00
Green-B,Green-B-8-Weekday-e7e26-1-05:57:00
Green-B,Green-B-8-Weekday-e7e26-1-06:00:00
Green-B,Green-B-8-Weekday-e7e26-1-06:04:00
Green-B,Green-B-8-Weekday-e7e26-1-06:08:00
Green-B,Green-B-8-Weekday-e7e26-1-06:12:00
Green-B,Green-B-8-Weekday-e7e26-1-06:16:00
Green-B,Green-B-8-Weekday-e7e26-1-06:20:00
Green-B,Green-B-8-Weekday-e7e26-1-06:24:00
Green-B,Green-B-8-Weekday-e7e26-1-06:28:00
Green-B,Green-B-8-Weekday-e7e26-1-06:32:00
Green-B,Green-B-8-Weekday-e7e26-1-06:36:00
Green-B,Green-B-8-Weekday-e7e26-1-06:40:00
Green-B,Green-B-8-Weekday-e7e26-1-06:44:00
Green-B,Green-B-8-Weekday-e7e26-1-06:48:00
Green-B,Green-B-8-Weekday-e7e26-1-06:52:00
Green-B,Green-B-8-Weekday-e7e26-1-06:56:00
Green-B,Green-B-8-Weekday-e7e26-1-07:00:00
Green-B,Green-B-8-Weekday-e7e26-1-07:03:00
Green-B,Green-B-8-Weekday-e7e26-1-07:06:00
Green-B,Green-B-8-Weekday-e7e26-1-07:09:00
Green-B,Green-B-8-Weekday-e7e26-1-07:12:00
Green-B,Green-B-8-Weekday-e7e26-1-07:15:00
Green-B,Green-B-8-Weekday-e7e26-1-07:18:00
Green-B,Green-B-8-Weekday-e7e26-1-07:21:00
Green-B,Green-B-8-Weekday-e7e26-1-07:24:00
Green-B,Green-B-8-Weekday-e7e26-1-07:27:00
Green-B,Green-B-8-Weekday-e7e26-1-07:30:00
Green-B,Green-B-8-Weekday-e7e26-1-07:33:00
Green-B,Green-B-8-Weekday-e7e26-1-07:36:00
Green-B,Green-B-8-Weekday-e7e26-1-07:39:00
Green-B,Green-B-8-Weekday-e7e26-1-07:42:00
Green-B,Green-B-8-Weekday-e7e26-1-07:45:00
Green-B,Green-B-8-Weekday-e7e26-1-07:48:00
Green-B,Green-B-8-Weekday-e7e26-1-07:51:00
Green-B,Green-B-8-Weekday-e7e26-1-07:54:00
Green-B,Green-B-8-Weekday-e7e26-1-07:57:00
Green-B,Green-B-8-Weekday-e7e26-1-08:00:00
Green-B,Green-B-8-Weekday-e7e26-1-08:03:00
Green-B,Green-B-8-Weekday-e7e26-1-08:06:00
Green-B,Green-B-8-Weekday-e7e26-1-08:09:00
Green-B,Green-B-8-Weekday-e7e26-1-08:12:00
Green-B,Green-B-8-Weekday-e7e26-1-08:15:00
Green-B,Green-B-8-Weekday-e7e26-1-08:18:00
Green-B,Green-B-8-Weekday-e7e26-1-08:21:00
Green-B,Green-B-8-Weekday-e7e26-1-08:24:00
Green-B,Green-B-8-Weekday-e7e26-1-08:27:00
Green-B,Green-B-8-Weekday-e7e26-1-08:30:00
Green-B,Green-B-8-Weekday-e7e26-1-08:33:00
Green-B,Green-B-8-Weekday-e7e26-1-08:36:00
Green-B,Green-B-8-Weekday-e7e26-1-08:39:00
Green-B,Green-B-8-Weekday-e7e26-1-08:42:00
Green-B,Green-B-8-Weekday-e7e26-1-08:45:00
Green-B,Green-B-8-Weekday-e7e26-1-08:48:00
Green-B,Green-B-8-Weekday-e7e26-1-08:51:00
Green-B,Green-B-8-Weekday-e7e26-1-08:54:00
Green-B,Green-B-8-Weekday-e7e26-1-08:57:00
Green-B,Green-B-8-Weekday-e7e26-1-09:00:00
Green-B,Green-B-8-Weekday-e7e26-1-09:03:00
Green-B,Green-B-8-Weekday-e7e26-1-09:06:00
Green-B,Green-B-8-Weekday-e7e26-1-09:09:00
Green-B,Green-B-8-Weekday-e7e26-1-09:12:00
Green-B,Green-B-8-Weekday-e7e26-1-09:15:00
Green-B,Green-B-8-Weekday-e7e26-1-09:18:00
Green-B,Green-B-8-Weekday-e7e26-1-09:21:00
Green-B,Green-B-8-Weekday-e7e26-1-09:24:00
Green-B,Green-B-8-Weekday-e7e26-1-09:27:00
Green-B,Green-B-8-Weekday-e7e26-1-09:30:00
Green-B,Green-B-8-Weekday-e7e26-1-09:33:00
Green-B,Green-B-8-Weekday-e7e26-1-09:36:00
Green-B,Green-B-8-Weekday-e7e26-1-09:39:00
Green-B,Green-B-8-Weekday-e7e26-1-09:42:00
Green-B,Green-B-8-Weekday-e7e26-1-09:45:00
Green-B,Green-B-8-Weekday-e7e26-1-09:48:00
Green-B,Green-B-8-Weekday-e7e26-1-09:51:00
Green-B,Green-B-8-Weekday-e7e26-1-09:54:00
Green-B,Green-B-8-Weekday-e7e26-1-09:57:00
Green-B,Green-B-8-Weekday-e7e26-1-10:00:00
Green-B,Green-B-8-Weekday-e7e26-1-10:04:00
Green-B,Green-B-8-Weekday-e7e26-1-10:08:00
Green-B,Green-B-8-Weekday-e7e26-1-10:12:00
Green-B,Green-B-8-Weekday-e7e26-1-10:16:00
Green-B,Green-B-8-Weekday-e7e26-1-10:20:00
Green-B,Green-B-8-Weekday-e7e26-1-10:24:00
Green-B,Green-B-8-Weekday-e7e26-1-10:28:00
Green-B,Green-B-8-Weekday-e7e26-1-10:32:00
Green-B,Green-B-8-Weekday-e7e26-1-10:36:00
Green-B,Green-B-8-Weekday-e7e26-1-10:40:00
Green-B,Green-B-8-Weekday-e7e26-1-10:44:00
Green-B,Green-B-8-Weekday-e7e26-1-10:48:00
Green-B,Green-B-8-Weekday-e7e26-1-10:52:00
Green-B,Green-B-8-Weekday-e7e26-1-10:56:00
Green-B,Green-B-8-Weekday-e7e26-1-11:00:00
Green-B,Green-B-8-Weekday-e7e26-1-11:04:00
Green-B,Green-B-8-Weekday-e7e26-1-11:08:00
Green-B,Green-B-8-Weekday-e7e26-1-11:12:00
Green-B,Green-B-8-Weekday-e7e26-1-11:16:00
Green-B,Green-B-8-Weekday-e7e26-1-11:20:00
Green-B,Green-B-8-Weekday-e7e26-1-11:24:00
Green-B,Green-B-8-Weekday-e7e26-1-11:28:00
Green-B,Green-B-8-Weekday-e7e26-1-11:32:00
Green-B,Green-B-8-Weekday-e7e26-1-11:36:00
Green-B,Green-B-8-Weekday-e7e26-1-11:40:00
Green-B,Green-B-8-Weekday-e7e26-1-11:44:00
Green-B,Green-B-8-Weekday-e7e26-1-11:48:00
Green-B,Green-B-8-Weekday-e7e26-1-11:52:00
Green-B,Green-B-8-Weekday-e7e26-1-11:56:00
Green-B,Green-B-8-Weekday-e7e26-1-12:00:00
Green-B,Green-B-8-Weekday-e7e26-1-12:05:00
Green-B,Green-B-8-Weekday-e7e26-1-12:10:00
Green-B,Green-B-8-Weekday-e7e26-1-12:15:00
Green-B,Green-B-8-Weekday-e7e26-1-12:20:00
Green-B,Green-B-8-Weekday-e7e26-1-12:25:00
Green-B,Green-B-8-Weekday-e7e26-1-12:30:00
Green-B,Green-B-8-Weekday-e7e26-1-12:35:00
Green-B,Green-B-8-Weekday-e7e26-1-12:40:00
Green-B,Green-B-8-Weekday-e7e26-1-12:45:00
Green-B,Green-B-8-Weekday-e7e26-1-12:50:00
Green-B,Green-B-8-Weekday-e7e26-1-12:55:00
Green-B,Green-B-8-Weekday-e7e26-1-13:00:00
Green-B,Green-B-8-Weekday-e7e26-1-13:05:00
Green-B,Green-B-8-Weekday-e7e26-1-13:10:00
Green-B,Green-B-8-Weekday-e7e26-1-13:15:00
Green-B,Green-B-8-Weekday-e7e26-1-13:20:00
Green-B,Green-B-8-Weekday-e7e26-1-13:25:00
Green-B,Green-B-8-Weekday-e7e26-1-13:30:00
Green-B,Green-B-8-Weekday-e7e26-1-13:35:00
Green-B,Green-B-8-Weekday-e7e26-1-13:40:00
Green-B,Green-B-8-Weekday-e7e26-1-13:45:00
Green-B,Green-B-8-Weekday-e7e26-1-13:50:00
Green-B,Green-B-8-Weekday-e7e26-1-13:55:00
Green-B,Green-B-8-Weekday-e7e26-1-14:00:00
Green-B,Green-B-8-Weekday-e7e26-1-14:04:00
Green-B,Green-B-8-Weekday-e7e26-1-14:08:00
Green-B,Green-B-8-Weekday-e7e26-1-14:12:00
Green-B,Green-B-8-Weekday-e7e26-1-14:16:00
Green-B,Green-B-8-Weekday-e7e26-1-14:20:00
Green-B,Green-B-8-Weekday-e7e26-1-14:24:00
Green-B,Green-B-8-Weekday-e7e26-1-14:28:00
Green-B,Green-B-8-Weekday-e7e26-1-14:32:00
Green-B,Green-B-8-Weekday-e7e26-1-14:36:00
Green-B,Green-B-8-Weekday-e7e26-1-14:40:00
Green-B,Green-B-8-Weekday-e7e26-1-14:44:00
Green-B,Green-B-8-Weekday-e7e26-1-14:48:00
Green-B,Green-B-8-Weekday-e7e26-1-14:52:00
Green-B,Green-B-8-Weekday-e7e26-1-14:56:00
Green-B,Green-B-8-Weekday-e7e26-1-15:00:00
Green-B,Green-B-8-Weekday-e7e26-1-15:03:00
Green-B,Green-B-8-Weekday-e7e26-1-15:06:00
Green-B,Green-B-8-Weekday-e7e26-1-15:09:00
Green-B,Green-B-8-Weekday-e7e26-1-15:12:00
Green-B,Green-B-8-Weekday-e7e26-1-15:15:00
Green-B,Green-B-8-Weekday-e7e26-1-15:18:00
Green-B,Green-B-8-Weekday-e7e26-1-15:21:00
Green-B,Green-B-8-Weekday-e7e26-1-15:24:00
Green-B,Green-B-8-Weekday-e7e26-1-15:27:00
Green-B,Green-B-8-Weekday-e7e26-1-15:30:00
Green-B,Green-B-8-Weekday-e7e26-1-15:33:00
Green-B,Green-B-8-Weekday-e7e26-1-15:36:00
Green-B,Green-B-8-Weekday-e7e26-1-15:39:00
Green-B,Green-B-8-Weekday-e7e26-1-15:42:00
Green-B,Green-B-8-Weekday-e7e26-1-15:45:00
Green-B,Green-B-8-Weekday-e7e26-1-15:48:00
Green-B,Green-B-8-Weekday-e7e26-1-15:51:00
Green-B,Green-B-8-Weekday-e7e26-1-15:54:00
Green-B,Green-B-8-Weekday-e7e26-1-15:57:00
Green-B,Green-B-8-Weekday-e7e26-1-16:00:00
Green-B,Green-B-8-Weekday-e7e26-1-16:03:00
Green-B,Green-B-8-Weekday-e7e26-1-16:06:00
Green-B,Green-B-8-Weekday-e7e26-1-16:09:00
Green-B,Green-B-8-Weekday-e7e26-1-16:12:00
Green-B,Green-B-8-Weekday-e7e26-1-16:15:00
Green-B,Green-B-8-Weekday-e7e26-1-16:18:00
Green-B,Green-B-8-Weekday-e7e26-1-16:21:00
Green-B,Green-B-8-Weekday-e7e26-1-16:24:00
Green-B,Green-B-8-Weekday-e7e26-1-16:27:00
Green-B,Green-B-8-Weekday-e7e26-1-16:30:00
Green-B,Green-B-8-Weekday-e7e26-1-16:33:00
Green-B,Green-B-8-Weekday-e7e26-1-16:36:00
Green-B,Green-B-8-Weekday-e7e26-1-16:39:00
Green-B,Green-B-8-Weekday-e7e26-1-16:42:00
Green-B,Green-B-8-Weekday-e7e26-1-16:45:00
Green-B,Green-B-8-Weekday-e7e26-1-16:48:00
Green-B,Green-B-8-Weekday-e7e26-1-16:51:00
Green-B,Green-B-8-Weekday-e7e26-1-16:54:00
Green-B,Green-B-8-Weekday-e7e26-1-16:57:00
Green-B,Green-B-8-Weekday-e7e26-1-17:00:00
Green-B,Green-B-8-Weekday-e7e26-1-17:04:00
Green-B,Green-B-8-Weekday-e7e26-1-17:08:00
Green-B,Green-B-8-Weekday-e7e26-1-17:12:00
Green-B,Green-B-8-Weekday-e7e26-1-17:16:00
Green-B,Green-B-8-Weekday-e7e26-1-17:20:00
Green-B,Green-B-8-Weekday-e7e26-1-17:24:00
Green-B,Green-B-8-Weekday-e7e26-1-17:28:00
Green-B,Green-B-8-Weekday-e7e26-1-17:32:00
Green-B,Green-B-8-Weekday-e7e26-1-17:36:00
Green-B,Green-B-8-Weekday-e7e26-1-17:40:00
Green-B,Green-B-8-Weekday-e7e26-1-17:44:00
Green-B,Green-B-8-Weekday-e7e26-1-17:48:00
Green-B,Green-B-8-Weekday-e7e26-1-17:52:00
Green-B,Green-B-8-Weekday-e7e26-1-17:56:00
Green-B,Green-B-8-Weekday-e7e26-1-18:00:00
Green-B,Green-B-8-Weekday-e7e26-1-18:03:00
Green-B,Green-B-8-Weekday-e7e26-1-18:06:00
Green-B,Green-B-8-Weekday-e7e26-1-18:09:00
Green-B,Green-B-8-Weekday-e7e26-1-18:12:00
Green-B,Green-B-8-Weekday-e7e26-1-18:15:00
Green-B,Green-B-8-Weekday-e7e26-1-18:18:00
Green-B,Green-B-8-Weekday-e7e26-1-18:21:00
Green-B,Green-B-8-Weekday-e7e26-1-18:24:00
Green-B,Green-B-8-Weekday-e7e26-1-18:27:00
Green-B,Green-B-8-Weekday-e7e26-1-18:30:00
Green-B,Green-B-8-Weekday-e7e26-1-18:33:00
Green-B,Green-B-8-Weekday-e7e26-1-18:36:00
Green-B,Green-B-8-Weekday-e7e26-1-18:39:00
Green-B,Green-B-8-Weekday-e7e26-1-18:42:00
Green-B,Green-B-8-Weekday-e7e26-1-18:45:00
Green-B,Green-B-8-Weekday-e7e26-1-18:48:00
Green-B,Green-B-8-Weekday-e7e26-1-18:51:00
Green-B,Green-B-8-Weekday-e7e26-1-18:54:00
Green-B,Green-B-8-Weekday-e7e26-1-18:57:00
Green-B,Green-B-8-Weekday-e7e26-1-19:00:00
Green-B,Green-B-8-Weekday-e7e26-1-19:05:00
Green-B,Green-B-8-Weekday-e7e26-1-19:10:00
Green-B,Green-B-8-Weekday-e7e26-1-19:15:00
Green-B,Green-B-8-Weekday-e7e26-1-19:20:00
Green-B,Green-B-8-Weekday-e7e26-1-19:25:00
Green-B,Green-B-8-Weekday-e7e26-1-19:30:00
Green-B,Green-B-8-Weekday-e7e26-1-19:35:00
Green-B,Green-B-8-Weekday-e7e26-1-19:40:00
Green-B,Green-B-8-Weekday-e7e26-1-19:45:00
Green-B,Green-B-8-Weekday-e7e26-1-19:50:00
Green-B,Green-B-8-Weekday-e7e26-1-19:55:00
Green-B,Green-B-8-Weekday-e7e26-1-20:00:00
Green-B,Green-B-8-Weekday-e7e26-1-20:05:00
Green-B,Green-B-8-Weekday-e7e26-1-20:10:00
Green-B,Green-B-8-Weekday-e7e26-1-20:15:00
Green-B,Green-B-8-Weekday-e7e26-1-20:20:00
Green-B,Green-B-8-Weekday-e7e26-1-20:25:00
Green-B,Green-B-8-Weekday-e7e26-1-20:30:00
Green-B,Green-B-8-Weekday-e7e26-1-20:35:00
Green-B,Green-B-8-Weekday-e7e26-1-20:40:00
Green-B,Green-B-8-Weekday-e7e26-1-20:45:00
Green-B,Green-B-8-Weekday-e7e26-1-20:50:00
Green-B,Green-B-8-Weekday-e7e26-1-20:55:00
Green-B,Green-B-8-Weekday-e7e26-1-21:00:00
Green-B,Green-B-8-Weekday-e7e26-1-21:04:00
Green-B,Green-B-8-Weekday-e7e26-1-21:08:00
Green-B,Green-B-8-Weekday-e7e26-1-21:12:00
Green-B,Green-B-8-Weekday-e7e26-1-21:16:00
Green-B,Green-B-8-Weekday-e7e26-1-21:20:00
Green-B,Green-B-8-Weekday-e7e26-1-21:24:00
Green-B,Green-B-8-Weekday-e7e26-1-21:28:00
Green-B,Green-B-8-Weekday-e7e26-1-21:32:00
Green-B,Green-B-8-Weekday-e7e26-1-21:36:00
Green-B,Green-B-8-Weekday-e7e26-1-21:40:00
Green-B,Green-B-8-Weekday-e7e26-1-21:44:00
Green-B,Green-B-8-Weekday-e7e26-1-21:48:00
Green-B,Green-B-8-Weekday-e7e26-1-21:52:00
Green-B,Green-B-8-Weekday-e7e26-1-21:56:00
Green-B,Green-B-8-Weekday-e7e26-1-22:00:00
Green-B,Green-B-8-Weekday-e7e26-1-22:04:00
Green-B,Green-B-8-Weekday-e7e26-1-22:08:00
Green-B,Green-B-8-Weekday-e7e26-1-22:12:00
Green-B,Green-B-8-Weekday-e7e26-1-22:16:00
Green-B,Green-B-8-Weekday-e7e26-1-22:20:00
Green-B,Green-B-8-Weekday-e7e26-1-22:24:00
Green-B,Green-B-8-Weekday-e7e26-1-22:28:00
Green-B,Green-B-8-Weekday-e7e26-1-22:32:00
Green-B,Green-B-8-Weekday-e7e26-1-22:36:00
Green-B,Green-B-8-Weekday-e7e26-1-22:40:00
Green-B,Green-B-8-Weekday-e7e26-1-22:44:00
Green-B,Green-B-8-Weekday-e7e26-1-22:48:00
Green-B,Green-B-8-Weekday-e7e26-1-22:52:00
Green-B,Green-B-8-Weekday-e7e26-1-22:56:00
Green-B,Green-B-8-Weekday-e7e26-1-23:00:00
Green-B,Green-B-8-Weekday-e7e26-1-23:04:00
Green-B,Green-B-8-Weekday-e7e26-1-23:08:00
Green-B,Green-B-8-Weekday-e7e26-1-23:12:00
Green-B,Green-B-8-Weekday-e7e26-1-23:16:00
Green-B,Green-B-8-Weekday-e7e26-1-23:20:00
Green-B,Green-B-8-Weekday-e7e26-1-23:24:00
Green-B,Green-B-8-Weekday-e7e26-1-23:28:00
Green-B,Green-B-8-Weekday-e7e26-1-23:32:00
Green-B,Green-B-8-Weekday-e7e26-1-23:36:00
Green-B,Green-B-8-Weekday-e7e26-1-23:40:00
Green-B,Green-B-8-Weekday-e7e26-1-23:44:00
Green-B,Green-B-8-Weekday-e7e26-1-23:48:00
Green-B,Green-B-8-Weekday-e7e26-1-23:52:00
Green-B,Green-B-8-Weekday-e7e26-1-23:56:00
Green-B,Green-B-8-Weekday-e7e26-1-24:00:00
Green-B,Green-B-8-Weekday-e7e26-1-24:04:00
Green-B,Green-B-8-Weekday-e7e26-1-24:08:00
Green-B,Green-B-8-Weekday-e7e26-1-24:12:00
Green-B,Green-B-8-Weekday-e7e26-1-24:16:00
Green-B,Green-B-8-Weekday-e7e26-1-24:20:00
Green-B,Green-B-8-Weekday-e7e26-1-24:24:00
Green-B,Green-B-8-Weekday-e7e26-1-24:28:00
Green-B,Green-B-8-Weekday-e7e26-1-24:32:00
Green-B,Green-B-8-Weekday-e7e26-1-24:36:00
Green-B,Green-B-8-Weekday-e7e26-1-24:37:00
Green-B,Green-B-9-Sunday-e7e26-0-06:13:00
Green-B,Green-B-9-Sunday-e7e26-0-06:22:00
Green-B,Green-B-9-Sunday-e7e26-0-06:31:00
Green-B,Green-B-9-Sunday-e7e26-0-06:40:00
Green-B,Green-B-9-Sunday-e7e26-0-06:49:00
Green-B,Green-B-9-Sunday-e7e26-0-06:58:00
Green-B,Green-B-9-Sunday-e7e26-0-07:07:00
Green-B,Green-B-9-Sunday-e7e26-0-07:16:00
Green-B,Green-B-9-Sunday-e7e26-0-07:25:00
Green-B,Green-B-9-Sunday-e7e26-0-07:34:00
Green-B,Green-B-9-Sunday-e7e26-0-07:43:00
Green-B,Green-B-9-Sunday-e7e26-0-07:52:00
Green-B,Green-B-9-Sunday-e7e26-0-08:01:00
Green-B,Green-B-9-Sunday-e7e26-0-08:11:00
Green-B,Green-B-9-Sunday-e7e26-0-08:21:00
Green-B,Green-B-9-Sunday-e7e26-0-08:31:00
Green-B,Green-B-9-Sunday-e7e26-0-08:41:00
Green-B,Green-B-9-Sunday-e7e26-0-08:51:00
Green-B,Green-B-9-Sunday-e7e26-0-09:01:00
Green-B,Green-B-9-Sunday-e7e26-0-09:11:00
Green-B,Green-B-9-Sunday-e7e26-0-09:21:00
Green-B,Green-B-9-Sunday-e7e26-0-09:31:00
Green-B,Green-B-9-Sunday-e7e26-0-09:41:00
Green-B,Green-B-9-Sunday-e7e26-0-09:51:00
Green-B,Green-B-9-Sunday-e7e26-0-10:01:00
Green-B,Green-B-9-Sunday-e7e26-0-10:10:00
Green-B,Green-B-9-Sunday-e7e26-0-10:19:00
Green-B,Green-B-9-Sunday-e7e26-0-10:28:00
Green-B,Green-B-9-Sunday-e7e26-0-10:37:00
Green-B,Green-B-9-Sunday-e7e26-0-10:46:00
Green-B,Green-B-9-Sunday-e7e26-0-10:55:00
Green-B,Green-B-9-Sunday-e7e26-0-11:04:00
Green-B,Green-B-9-Sunday-e7e26-0-11:12:00
Green-B,Green-B-9-Sunday-e7e26-0-11:20:00
Green-B,Green-B-9-Sunday-e7e26-0-11:28:00
Green-B,Green-B-9-Sunday-e7e26-0-11:36:00
Green-B,Green-B-9-Sunday-e7e26-0-11:44:00
Green-B,Green-B-9-Sunday-e7e26-0-11:52:00
Green-B,Green-B-9-Sunday-e7e26-0-12:00:00
Green-B,Green-B-9-Sunday-e7e26-0-12:09:00
Green-B,Green-B-9-Sunday-e7e26-0-12:18:00
Green-B,Green-B-9-Sunday-e7e26-0-12:27:00
Green-B,Green-B-9-Sunday-e7e26-0-12:36:00
Green-B,Green-B-9-Sunday-e7e26-0-12:45:00
Green-B,Green-B-9-Sunday-e7e26-0-12:54:00
Green-B,Green-B-9-Sunday-e7e26-0-13:03:00
Green-B,Green-B-9-Sunday-e7e26-0-13:11:00
Green-B,Green-B-9-Sunday-e7e26-0-13:19:00
Green-B,Green-B-9-Sunday-e7e26-0-13:27:00
Green-B,Green-B-9-Sunday-e7e26-0-13:35:00
Green-B,Green-B-9-Sunday-e7e26-0-13:43:00
Green-B,Green-B-9-Sunday-e7e26-0-13:51:00
Green-B,Green-B-9-Sunday-e7e26-0-13:59:00
Green-B,Green-B-9-Sunday-e7e26-0-14:07:00
Green-B,Green-B-9-Sunday-e7e26-0-14:15:00
Green-B,Green-B-9-Sunday-e7e26-0-14:23:00
Green-B,Green-B-9-Sunday-e7e26-0-14:31:00
Green-B,Green-B-9-Sunday-e7e26-0-14:39:00
Green-B,Green-B-9-Sunday-e7e26-0-14:47:00
Green-B,Green-B-9-Sunday-e7e26-0-14:55:00
Green-B,Green-B-9-Sunday-e7e26-0-15:03:00
Green-B,Green-B-9-Sunday-e7e26-0-15:10:00
Green-B,Green-B-9-Sunday-e7e26-0-15:17:00
Green-B,Green-B-9-Sunday-e7e26-0-15:24:00
Green-B,Green-B-9-Sunday-e7e26-0-15:31:00
Green-B,Green-B-9-Sunday-e7e26-0-15:38:00
Green-B,Green-B-9-Sunday-e7e26-0-15:45:00
Green-B,Green-B-9-Sunday-e7e26-0-15:52:00
Green-B,Green-B-9-Sunday-e7e26-0-15:59:00
Green-B,Green-B-9-Sunday-e7e26-0-16:06:00
Green-B,Green-B-9-Sunday-e7e26-0-16:13:00
Green-B,Green-B-9-Sunday-e7e26-0-16:20:00
Green-B,Green-B-9-Sunday-e7e26-0-16:27:00
Green-B,Green-B-9-Sunday-e7e26-0-16:34:00
Green-B,Green-B-9-Sunday-e7e26-0-16:41:00
Green-B,Green-B-9-Sunday-e7e26-0-16:48:00
Green-B,Green-B-9-Sunday-e7e26-0-16:55:00
Green-B,Green-B-9-Sunday-e7e26-0-17:02:00
Green-B,Green-B-9-Sunday-e7e26-0-17:09:00
Green-B,Green-B-9-Sunday-e7e26-0-17:16:00
Green-B,Green-B-9-Sunday-e7e26-0-17:23:00
Green-B,Green-B-9-Sunday-e7e26-0-17:30:00
Green-B,Green-B-9-Sunday-e7e26-0-17:37:00
Green-B,Green-B-9-Sunday-e7e26-0-17:44:00
Green-B,Green-B-9-Sunday-e7e26-0-17:51:00
Green-B,Green-B-9-Sunday-e7e26-0-17:58:00
Green-B,Green-B-9-Sunday-e7e26-0-18:05:00
Green-B,Green-B-9-Sunday-e7e26-0-18:17:00
Green-B,Green-B-9-Sunday-e7e26-0-18:29:00
Green-B,Green-B-9-Sunday-e7e26-0-18:41:00
Green-B,Green-B-9-Sunday-e7e26-0-18:53:00
Green-B,Green-B-9-Sunday-e7e26-0-19:05:00
Green-B,Green-B-9-Sunday-e7e26-0-19:17:00
Green-B,Green-B-9-Sunday-e7e26-0-19:29:00
Green-B,Green-B-9-Sunday-e7e26-0-19:41:00
Green-B,Green-B-9-Sunday-e7e26-0-19:53:00
Green-B,Green-B-9-Sunday-e7e26-0-20:05:00
Green-B,Green-B-9-Sunday-e7e26-0-20:16:00
Green-B,Green-B-9-Sunday-e7e26-0-20:27:00
Green-B,Green-B-9-Sunday-e7e26-0-20:38:00
Green-B,Green-B-9-Sunday-e7e26-0-20:49:00
Green-B,Green-B-9-Sunday-e7e26-0-21:00:00
Green-B,Green-B-9-Sunday-e7e26-0-21:11:00
Green-B,Green-B-9-Sunday-e7e26-0-21:22:00
Green-B,Green-B-9-Sunday-e7e26-0-21:33:00
Green-B,Green-B-9-Sunday-e7e26-0-21:44:00
Green-B,Green-B-9-Sunday-e7e26-0-21:55:00
Green-B,Green-B-9-Sunday-e7e26-0-22:06:00
Green-B,Green-B-9-Sunday-e7e26-0-22:17:00
Green-B,Green-B-9-Sunday-e7e26-0-22:28:00
Green-B,Green-B-9-Sunday-e7e26-0-22:39:00
Green-B,Green-B-9-Sunday-e7e26-0-22:50:00
Green-B,Green-B-9-Sunday-e7e26-0-23:01:00
Green-B,Green-B-9-Sunday-e7e26-0-23:11:00
Green-B,Green-B-9-Sunday-e7e26-0-23:21:00
Green-B,Green-B-9-Sunday-e7e26-0-23:31:00
Green-B,Green-B-9-Sunday-e7e26-0-23:41:00
Green-B,Green-B-9-Sunday-e7e26-0-23:51:00
Green-B,Green-B-9-Sunday-e7e26-0-24:01:00
Green-B,Green-B-9-Sunday-e7e26-0-24:11:00
Green-B,Green-B-9-Sunday-e7e26-0-24:21:00
Green-B,Green-B-9-Sunday-e7e26-0-24:31:00
Green-B,Green-B-9-Sunday-e7e26-0-24:41:00
Green-B,Green-B-9-Sunday-e7e26-0-24:51:00
Green-B,Green-B-9-Sunday-e7e26-0-25:01:00
Green-B,Green-B-9-Sunday-e7e26-0-25:10:00
Green-B,Green-B-9-Sunday-e7e26-0-25:11:00
Green-B,Green-B-9-Sunday-e7e26-1-05:38:00
Green-B,Green-B-9-Sunday-e7e26-1-05:46:00
Green-B,Green-B-9-Sunday-e7e26-1-05:54:00
Green-B,Green-B-9-Sunday-e7e26-1-06:02:00
Green-B,Green-B-9-Sunday-e7e26-1-06:11:00
Green-B,Green-B-9-Sunday-e7e26-1-06:20:00
Green-B,Green-B-9-Sunday-e7e26-1-06:29:00
Green-B,Green-B-9-Sunday-e7e26-1-06:38:00
Green-B,Green-B-9-Sunday-e7e26-1-06:47:00
Green-B,Green-B-9-Sunday-e7e26-1-06:56:00
Green-B,Green-B-9-Sunday-e7e26-1-07:05:00
Green-B,Green-B-9-Sunday-e7e26-1-07:14:00
Green-B,Green-B-9-Sunday-e7e26-1-07:23:00
Green-B,Green-B-9-Sunday-e7e26-1-07:32:00
Green-B,Green-B-9-Sunday-e7e26-1-07:41:00
Green-B,Green-B-9-Sunday-e7e26-1-07:50:00
Green-B,Green-B-9-Sunday-e7e26-1-07:59:00
Green-B,Green-B-9-Sunday-e7e26-1-08:08:00
Green-B,Green-B-9-Sunday-e7e26-1-08:18:00
Green-B,Green-B-9-Sunday-e7e26-1-08:28:00
Green-B,Green-B-9-Sunday-e7e26-1-08:38:00
Green-B,Green-B-9-Sunday-e7e26-1-08:48:00
Green-B,Green-B-9-Sunday-e7e26-1-08:58:00
Green-B,Green-B-9-Sunday-e7e26-1-09:08:00
Green-B,Green-B-9-Sunday-e7e26-1-09:18:00
Green-B,Green-B-9-Sunday-e7e26-1-09:28:00
Green-B,Green-B-9-Sunday-e7e26-1-09:38:00
Green-B,Green-B-9-Sunday-e7e26-1-09:48:00
Green-B,Green-B-9-Sunday-e7e26-1-09:58:00
Green-B,Green-B-9-Sunday-e7e26-1-10:08:00
Green-B,Green-B-9-Sunday-e7e26-1-10:17:00
Green-B,Green-B-9-Sunday-e7e26-1-10:26:00
Green-B,Green-B-9-Sunday-e7e26-1-10:35:00
Green-B,Green-B-9-Sunday-e7e26-1-10:44:00
Green-B,Green-B-9-Sunday-e7e26-1-10:53:00
Green-B,Green-B-9-Sunday-e7e26-1-11:02:00
Green-B,Green-B-9-Sunday-e7e26-1-11:10:00
Green-B,Green-B-9-Sunday-e7e26-1-11:18:00
Green-B,Green-B-9-Sunday-e7e26-1-11:26:00
Green-B,Green-B-9-Sunday-e7e26-1-11:34:00
Green-B,Green-B-9-Sunday-e7e26-1-11:42:00
Green-B,Green-B-9-Sunday-e7e26-1-11:50:00
Green-B,Green-B-9-Sunday-e7e26-1-11:58:00
Green-B,Green-B-9-Sunday-e7e26-1-12:06:00
Green-B,Green-B-9-Sunday-e7e26-1-12:15:00
Green-B,Green-B-9-Sunday-e7e26-1-12:24:00
Green-B,Green-B-9-Sunday-e7e26-1-12:33:00
Green-B,Green-B-9-Sunday-e7e26-1-12:42:00
Green-B,Green-B-9-Sunday-e7e26-1-12:51:00
Green-B,Green-B-9-Sunday-e7e26-1-13:00:00
Green-B,Green-B-9-Sunday-e7e26-1-13:08:00
Green-B,Green-B-9-Sunday-e7e26-1-13:16:00
Green-B,Green-B-9-Sunday-e7e26-1-13:24:00
Green-B,Green-B-9-Sunday-e7e26-1-13:32:00
Green-B,Green-B-9-Sunday-e7e26-1-13:40:00
Green-B,Green-B-9-Sunday-e7e26-1-13:48:00
Green-B,Green-B-9-Sunday-e7e26-1-13:56:00
Green-B,Green-B-9-Sunday-e7e26-1-14:04:00
Green-B,Green-B-9-Sunday-e7e26-1-14:12:00
Green-B,Green-B-9-Sunday-e7e26-1-14:20:00
Green-B,Green-B-9-Sunday-e7e26-1-14:28:00
Green-B,Green-B-9-Sunday-e7e26-1-14:36:00
Green-B,Green-B-9-Sunday-e7e26-1-14:44:00
Green-B,Green-B-9-Sunday-e7e26-1-14:52:00
Green-B,Green-B-9-Sunday-e7e26-1-15:00:00
Green-B,Green-B-9-Sunday-e7e26-1-15:07:00
Green-B,Green-B-9-Sunday-e7e26-1-15:14:00
Green-B,Green-B-9-Sunday-e7e26-1-15:21:00
Green-B,Green-B-9-Sunday-e7e26-1-15:28:00
Green-B,Green-B-9-Sunday-e7e26-1-15:35:00
Green-B,Green-B-9-Sunday-e7e26-1-15:42:00
Green-B,Green-B-9-Sunday-e7e26-1-15:49:00
Green-B,Green-B-9-Sunday-e7e26-1-15:56:00
Green-B,Green-B-9-Sunday-e7e26-1-16:03:00
Green-B,Green-B-9-Sunday-e7e26-1-16:10:00
Green-B,Green-B-9-Sunday-e7e26-1-16:17:00
Green-B,Green-B-9-Sunday-e7e26-1-16:24:00
Green-B,Green-B-9-Sunday-e7e26-1-16:31:00
Green-B,Green-B-9-Sunday-e7e26-1-16:38:00
Green-B,Green-B-9-Sunday-e7e26-1-16:45:00
Green-B,Green-B-9-Sunday-e7e26-1-16:52:00
Green-B,Green-B-9-Sunday-e7e26-1-16:59:00
Green-B,Green-B-9-Sunday-e7e26-1-17:06:00
Green-B,Green-B-9-Sunday-e7e26-1-17:13:00
Green-B,Green-B-9-Sunday-e7e26-1-17:20:00
Green-B,Green-B-9-Sunday-e7e26-1-17:27:00
Green-B,Green-B-9-Sunday-e7e26-1-17:34:00
Green-B,Green-B-9-Sunday-e7e26-1-17:41:00
Green-B,Green-B-9-Sunday-e7e26-1-17:48:00
Green-B,Green-B-9-Sunday-e7e26-1-17:55:00
Green-B,Green-B-9-Sunday-e7e26-1-18:02:00
Green-B,Green-B-9-Sunday-e7e26-1-18:14:00
Green-B,Green-B-9-Sunday-e7e26-1-18:26:00
Green-B,Green-B-9-Sunday-e7e26-1-18:38:00
Green-B,Green-B-9-Sunday-e7e26-1-18:50:00
Green-B,Green-B-9-Sunday-e7e26-1-19:02:00
Green-B,Green-B-9-Sunday-e7e26-1-19:14:00
Green-B,Green-B-9-Sunday-e7e26-1-19:26:00
Green-B,Green-B-9-Sunday-e7e26-1-19:38:00
Green-B,Green-B-9-Sunday-e7e26-1-19:50:00
Green-B,Green-B-9-Sunday-e7e26-1-20:02:00
Green-B,Green-B-9-Sunday-e7e26-1-20:13:00
Green-B,Green-B-9-Sunday-e7e26-1-20:24:00
Green-B,Green-B-9-Sunday-e7e26-1-20:35:00
Green-B,Green-B-9-Sunday-e7e26-1-20:46:00
Green-B,Green-B-9-Sunday-e7e26-1-20:57:00
Green-B,Green-B-9-Sunday-e7e26-1-21:08:00
Green-B,Green-B-9-Sunday-e7e26-1-21:19:00
Green-B,Green-B-9-Sunday-e7e26-1-21:30:00
Green-B,Green-B-9-Sunday-e7e26-1-21:41:00
Green-B,Green-B-9-Sunday-e7e26-1-21:52:00
Green-B,Green-B-9-Sunday-e7e26-1-22:03:00
Green-B,Green-B-9-Sunday-e7e26-1-22:14:00
Green-B,Green-B-9-Sunday-e7e26-1-22:25:00
Green-B,Green-B-9-Sunday-e7e26-1-22:36:00
Green-B,Green-B-9-Sunday-e7e26-1-22:47:00
Green-B,Green-B-9-Sunday-e7e26-1-22:58:00
Green-B,Green-B-9-Sunday-e7e26-1-23:09:00
Green-B,Green-B-9-Sunday-e7e26-1-23:19:00
Green-B,Green-B-9-Sunday-e7e26-1-23:29:00
Green-B,Green-B-9-Sunday-e7e26-1-23:39:00
Green-B,Green-B-9-Sunday-e7e26-1-23:49:00
Green-B,Green-B-9-Sunday-e7e26-1-23:59:00
Green-B,Green-B-9-Sunday-e7e26-1-24:09:00
Green-B,Green-B-9-Sunday-e7e26-1-24:19:00
Green-B,Green-B-9-Sunday-e7e26-1-24:29:00
Green-B,Green-B-9-Sunday-e7e26-1-24:37:00
Green-B,Green-B-9-Saturday-e7e26-0-05:52:00
Green-B,Green-B-9-Saturday-e7e26-0-05:59:00
Green-B,Green-B-9-Saturday-e7e26-0-06:06:00
Green-B,Green-B-9-Saturday-e7e26-0-06:14:00
Green-B,Green-B-9-Saturday-e7e26-0-06:22:00
Green-B,Green-B-9-Saturday-e7e26-0-06:30:00
Green-B,Green-B-9-Saturday-e7e26-0-06:38:00
Green-B,Green-B-9-Saturday-e7e26-0-06:46:00
Green-B,Green-B-9-Saturday-e7e26-0-06:54:00
Green-B,Green-B-9-Saturday-e7e26-0-07:02:00
Green-B,Green-B-9-Saturday-e7e26-0-07:10:00
Green-B,Green-B-9-Saturday-e7e26-0-07:18:00
Green-B,Green-B-9-Saturday-e7e26-0-07:26:00
Green-B,Green-B-9-Saturday-e7e26-0-07:34:00
Green-B,Green-B-9-Saturday-e7e26-0-07:42:00
Green-B,Green-B-9-Saturday-e7e26-0-07:50:00
Green-B,Green-B-9-Saturday-e7e26-0-07:58:00
Green-B,Green-B-9-Saturday-e7e26-0-08:06:00
Green-B,Green-B-9-Saturday-e7e26-0-08:14:00
Green-B,Green-B-9-Saturday-e7e26-0-08:22:00
Green-B,Green-B-9-Saturday-e7e26-0-08:30:00
Green-B,Green-B-9-Saturday-e7e26-0-08:38:00
Green-B,Green-B-9-Saturday-e7e26-0-08:46:00
Green-B,Green-B-9-Saturday-e7e26-0-08:54:00
Green-B,Green-B-9-Saturday-e7e26-0-09:02:00
Green-B,Green-B-9-Saturday-e7e26-0-09:11:00
Green-B,Green-B-9-Saturday-e7e26-0-09:20:00
Green-B,Green-B-9-Saturday-e7e26-0-09:29:00
Green-B,Green-B-9-Saturday-e7e26-0-09:38:00
Green-B,Green-B-9-Saturday-e7e26-0-09:47:00
Green-B,Green-B-9-Saturday-e7e26-0-09:56:00
Green-B,Green-B-9-Saturday-e7e26-0-10:05:00
Green-B,Green-B-9-Saturday-e7e26-0-10:13:00
Green-B,Green-B-9-Saturday-e7e26-0-10:21:00
Green-B,Green-B-9-Saturday-e7e26-0-10:29:00
Green-B,Green-B-9-Saturday-e7e26-0-10:37:00
Green-B,Green-B-9-Saturday-e7e26-0-10:45:00
Green-B,Green-B-9-Saturday-e7e26-0-10:53:00
Green-B,Green-B-9-Saturday-e7e26-0-11:01:00
Green-B,Green-B-9-Saturday-e7e26-0-11:11:00
Green-B,Green-B-9-Saturday-e7e26-0-11:21:00
Green-B,Green-B-9-Saturday-e7e26-0-11:31:00
Green-B,Green-B-9-Saturday-e7e26-0-11:41:00
Green-B,Green-B-9-Saturday-e7e26-0-11:51:00
Green-B,Green-B-9-Saturday-e7e26-0-12:01:00
Green-B,Green-B-9-Saturday-e7e26-0-12:11:00
Green-B,Green-B-9-Saturday-e7e26-0-12:21:00
Green-B,Green-B-9-Saturday-e7e26-0-12:31:00
Green-B,Green-B-9-Saturday-e7e26-0-12:41:00
Green-B,Green-B-9-Saturday-e7e26-0-12:51:00
Green-B,Green-B-9-Saturday-e7e26-0-13:01:00
Green-B,Green-B-9-Saturday-e7e26-0-13:08:00
Green-B,Green-B-9-Saturday-e7e26-0-13:15:00
Green-B,Green-B-9-Saturday-e7e26-0-13:22:00
Green-B,Green-B-9-Saturday-e7e26-0-13:29:00
Green-B,Green-B-9-Saturday-e7e26-0-13:36:00
Green-B,Green-B-9-Saturday-e7e26-0-13:43:00
Green-B,Green-B-9-Saturday-e7e26-0-13:50:00
Green-B,Green-B-9-Saturday-e7e26-0-13:57:00
Green-B,Green-B-9-Saturday-e7e26-0-14:04:00
Green-B,Green-B-9-Saturday-e7e26-0-14:11:00
Green-B,Green-B-9-Saturday-e7e26-0-14:18:00
Green-B,Green-B-9-Saturday-e7e26-0-14:25:00
Green-B,Green-B-9-Saturday-e7e26-0-14:32:00
Green-B,Green-B-9-Saturday-e7e26-0-14:39:00
Green-B,Green-B-9-Saturday-e7e26-0-14:46:00
Green-B,Green-B-9-Saturday-e7e26-0-14:53:00
Green-B,Green-B-9-Saturday-e7e26-0-15:00:00
Green-B,Green-B-9-Saturday-e7e26-0-15:07:00
Green-B,Green-B-9-Saturday-e7e26-0-15:14:00
Green-B,Green-B-9-Saturday-e7e26-0-15:21:00
Green-B,Green-B-9-Saturday-e7e26-0-15:28:00
Green-B,Green-B-9-Saturday-e7e26-0-15:35:00
Green-B,Green-B-9-Saturday-e7e26-0-15:42:00
Green-B,Green-B-9-Saturday-e7e26-0-15:49:00
Green-B,Green-B-9-Saturday-e7e26-0-15:56:00
Green-B,Green-B-9-Saturday-e7e26-0-16:03:00
Green-B,Green-B-9-Saturday-e7e26-0-16:10:00
Green-B,Green-B-9-Saturday-e7e26-0-16:17:00
Green-B,Green-B-9-Saturday-e7e26-0-16:24:00
Green-B,Green-B-9-Saturday-e7e26-0-16:31:00
Green-B,Green-B-9-Saturday-e7e26-0-16:38:00
Green-B,Green-B-9-Saturday-e7e26-0-16:45:00
Green-B,Green-B-9-Saturday-e7e26-0-16:52:00
Green-B,Green-B-9-Saturday-e7e26-0-16:59:00
Green-B,Green-B-9-Saturday-e7e26-0-17:06:00
Green-B,Green-B-9-Saturday-e7e26-0-17:12:00
Green-B,Green-B-9-Saturday-e7e26-0-17:18:00
Green-B,Green-B-9-Saturday-e7e26-0-17:24:00
Green-B,Green-B-9-Saturday-e7e26-0-17:30:00
Green-B,Green-B-9-Saturday-e7e26-0-17:36:00
Green-B,Green-B-9-Saturday-e7e26-0-17:42:00
Green-B,Green-B-9-Saturday-e7e26-0-17:48:00
Green-B,Green-B-9-Saturday-e7e26-0-17:54:00
Green-B,Green-B-9-Saturday-e7e26-0-18:00:00
Green-B,Green-B-9-Saturday-e7e26-0-18:06:00
Green-B,Green-B-9-Saturday-e7e26-0-18:12:00
Green-B,Green-B-9-Saturday-e7e26-0-18:18:00
Green-B,Green-B-9-Saturday-e7e26-0-18:24:00
Green-B,Green-B-9-Saturday-e7e26-0-18:30:00
Green-B,Green-B-9-Saturday-e7e26-0-18:36:00
Green-B,Green-B-9-Saturday-e7e26-0-18:42:00
Green-B,Green-B-9-Saturday-e7e26-0-18:48:00
Green-B,Green-B-9-Saturday-e7e26-0-18:54:00
Green-B,Green-B-9-Saturday-e7e26-0-19:00:00
Green-B,Green-B-9-Saturday-e7e26-0-19:09:00
Green-B,Green-B-9-Saturday-e7e26-0-19:18:00
Green-B,Green-B-9-Saturday-e7e26-0-19:27:00
Green-B,Green-B-9-Saturday-e7e26-0-19:36:00
Green-B,Green-B-9-Saturday-e7e26-0-19:45:00
Green-B,Green-B-9-Saturday-e7e26-0-19:54:00
Green-B,Green-B-9-Saturday-e7e26-0-20:03:00
Green-B,Green-B-9-Saturday-e7e26-0-20:12:00
Green-B,Green-B-9-Saturday-e7e26-0-20:21:00
Green-B,Green-B-9-Saturday-e7e26-0-20:30:00
Green-B,Green-B-9-Saturday-e7e26-0-20:39:00
Green-B,Green-B-9-Saturday-e7e26-0-20:48:00
Green-B,Green-B-9-Saturday-e7e26-0-20:57:00
Green-B,Green-B-9-Saturday-e7e26-0-21:06:00
Green-B,Green-B-9-Saturday-e7e26-0-21:15:00
Green-B,Green-B-9-Saturday-e7e26-0-21:24:00
Green-B,Green-B-9-Saturday-e7e26-0-21:33:00
Green-B,Green-B-9-Saturday-e7e26-0-21:42:00
Green-B,Green-B-9-Saturday-e7e26-0-21:51:00
Green-B,Green-B-9-Saturday-e7e26-0-22:00:00
Green-B,Green-B-9-Saturday-e7e26-0-22:09:00
Green-B,Green-B-9-Saturday-e7e26-0-22:18:00
Green-B,Green-B-9-Saturday-e7e26-0-22:27:00
Green-B,Green-B-9-Saturday-e7e26-0-22:36:00
Green-B,Green-B-9-Saturday-e7e26-0-22:45:00
Green-B,Green-B-9-Saturday-e7e26-0-22:54:00
Green-B,Green-B-9-Saturday-e7e26-0-23:03:00
Green-B,Green-B-9-Saturday-e7e26-0-23:12:00
Green-B,Green-B-9-Saturday-e7e26-0-23:21:00
Green-B,Green-B-9-Saturday-e7e26-0-23:30:00
Green-B,Green-B-9-Saturday-e7e26-0-23:39:00
Green-B,Green-B-9-Saturday-e7e26-0-23:48:00
Green-B,Green-B-9-Saturday-e7e26-0-23:57:00
Green-B,Green-B-9-Saturday-e7e26-0-24:06:00
Green-B,Green-B-9-Saturday-e7e26-0-24:14:00
Green-B,Green-B-9-Saturday-e7e26-0-24:22:00
Green-B,Green-B-9-Saturday-e7e26-0-24:30:00
Green-B,Green-B-9-Saturday-e7e26-0-24:38:00
Green-B,Green-B-9-Saturday-e7e26-0-24:46:00
Green-B,Green-B-9-Saturday-e7e26-0-24:54:00
Green-B,Green-B-9-Saturday-e7e26-0-25:02:00
Green-B,Green-B-9-Saturday-e7e26-0-25:10:00
Green-B,Green-B-9-Saturday-e7e26-0-25:18:00
Green-B,Green-B-9-Saturday-e7e26-0-25:26:00
Green-B,Green-B-9-Saturday-e7e26-0-25:34:00
Green-B,Green-B-9-Saturday-e7e26-0-25:42:00
Green-B,Green-B-9-Saturday-e7e26-0-25:50:00
Green-B,Green-B-9-Saturday-e7e26-0-25:58:00
Green-B,Green-B-9-Saturday-e7e26-0-26:06:00
Green-B,Green-B-9-Saturday-e7e26-0-26:13:00
Green-B,Green-B-9-Saturday-e7e26-1-05:19:00
Green-B,Green-B-9-Saturday-e7e26-1-05:26:00
Green-B,Green-B-9-Saturday-e7e26-1-05:33:00
Green-B,Green-B-9-Saturday-e7e26-1-05:40:00
Green-B,Green-B-9-Saturday-e7e26-1-05:47:00
Green-B,Green-B-9-Saturday-e7e26-1-05:54:00
Green-B,Green-B-9-Saturday-e7e26-1-06:01:00
Green-B,Green-B-9-Saturday-e7e26-1-06:09:00
Green-B,Green-B-9-Saturday-e7e26-1-06:17:00
Green-B,Green-B-9-Saturday-e7e26-1-06:25:00
Green-B,Green-B-9-Saturday-e7e26-1-06:33:00
Green-B,Green-B-9-Saturday-e7e26-1-06:41:00
Green-B,Green-B-9-Saturday-e7e26-1-06:49:00
Green-B,Green-B-9-Saturday-e7e26-1-06:57:00
Green-B,Green-B-9-Saturday-e7e26-1-07:05:00
Green-B,Green-B-9-Saturday-e7e26-1-07:13:00
Green-B,Green-B-9-Saturday-e7e26-1-07:21:00
Green-B,Green-B-9-Saturday-e7e26-1-07:29:00
Green-B,Green-B-9-Saturday-e7e26-1-07:37:00
Green-B,Green-B-9-Saturday-e7e26-1-07:45:00
Green-B,Green-B-9-Saturday-e7e26-1-07:53:00
Green-B,Green-B-9-Saturday-e7e26-1-08:01:00
Green-B,Green-B-9-Saturday-e7e26-1-08:09:00
Green-B,Green-B-9-Saturday-e7e26-1-08:17:00
Green-B,Green-B-9-Saturday-e7e26-1-08:25:00
Green-B,Green-B-9-Saturday-e7e26-1-08:33:00
Green-B,Green-B-9-Saturday-e7e26-1-08:41:00
Green-B,Green-B-9-Saturday-e7e26-1-08:49:00
Green-B,Green-B-9-Saturday-e7e26-1-08:57:00
Green-B,Green-B-9-Saturday-e7e26-1-09:05:00
Green-B,Green-B-9-Saturday-e7e26-1-09:14:00
Green-B,Green-B-9-Saturday-e7e26-1-09:23:00
Green-B,Green-B-9-Saturday-e7e26-1-09:32:00
Green-B,Green-B-9-Saturday-e7e26-1-09:41:00
Green-B,Green-B-9-Saturday-e7e26-1-09:50:00
Green-B,Green-B-9-Saturday-e7e26-1-09:59:00
Green-B,Green-B-9-Saturday-e7e26-1-10:08:00
Green-B,Green-B-9-Saturday-e7e26-1-10:16:00
Green-B,Green-B-9-Saturday-e7e26-1-10:24:00
Green-B,Green-B-9-Saturday-e7e26-1-10:32:00
Green-B,Green-B-9-Saturday-e7e26-1-10:40:00
Green-B,Green-B-9-Saturday-e7e26-1-10:48:00
Green-B,Green-B-9-Saturday-e7e26-1-10:56:00
Green-B,Green-B-9-Saturday-e7e26-1-11:04:00
Green-B,Green-B-9-Saturday-e7e26-1-11:14:00
Green-B,Green-B-9-Saturday-e7e26-1-11:24:00
Green-B,Green-B-9-Saturday-e7e26-1-11:34:00
Green-B,Green-B-9-Saturday-e7e26-1-11:44:00
Green-B,Green-B-9-Saturday-e7e26-1-11:54:00
Green-B,Green-B-9-Saturday-e7e26-1-12:04:00
Green-B,Green-B-9-Saturday-e7e26-1-12:14:00
Green-B,Green-B-9-Saturday-e7e26-1-12:24:00
Green-B,Green-B-9-Saturday-e7e26-1-12:34:00
Green-B,Green-B-9-Saturday-e7e26-1-12:44:00
Green-B,Green-B-9-Saturday-e7e26-1-12:54:00
Green-B,Green-B-9-Saturday-e7e26-1-13:04:00
Green-B,Green-B-9-Saturday-e7e26-1-13:11:00
Green-B,Green-B-9-Saturday-e7e26-1-13:18:00
Green-B,Green-B-9-Saturday-e7e26-1-13:25:00
Green-B,Green-B-9-Saturday-e7e26-1-13:32:00
Green-B,Green-B-9-Saturday-e7e26-1-13:39:00
Green-B,Green-B-9-Saturday-e7e26-1-13:46:00
Green-B,Green-B-9-Saturday-e7e26-1-13:53:00
Green-B,Green-B-9-Saturday-e7e26-1-14:00:00
Green-B,Green-B-9-Saturday-e7e26-1-14:07:00
Green-B,Green-B-9-Saturday-e7e26-1-14:14:00
Green-B,Green-B-9-Saturday-e7e26-1-14:21:00
Green-B,Green-B-9-Saturday-e7e26-1-14:28:00
Green-B,Green-B-9-Saturday-e7e26-1-14:35:00
Green-B,Green-B-9-Saturday-e7e26-1-14:42:00
Green-B,Green-B-9-Saturday-e7e26-1-14:49:00
Green-B,Green-B-9-Saturday-e7e26-1-14:56:00
Green-B,Green-B-9-Saturday-e7e26-1-15:03:00
Green-B,Green-B-9-Saturday-e7e26-1-15:10:00
Green-B,Green-B-9-Saturday-e7e26-1-15:17:00
Green-B,Green-B-9-Saturday-e7e26-1-15:24:00
Green-B,Green-B-9-Saturday-e7e26-1-15:31:00
Green-B,Green-B-9-Saturday-e7e26-1-15:38:00
Green-B,Green-B-9-Saturday-e7e26-1-15:45:00
Green-B,Green-B-9-Saturday-e7e26-1-15:52:00
Green-B,Green-B-9-Saturday-e7e26-1-15:59:00
Green-B,Green-B-9-Saturday-e7e26-1-16:06:00
Green-B,Green-B-9-Saturday-e7e26-1-16:13:00
Green-B,Green-B-9-Saturday-e7e26-1-16:20:00
Green-B,Green-B-9-Saturday-e7e26-1-16:27:00
Green-B,Green-B-9-Saturday-e7e26-1-16:34:00
Green-B,Green-B-9-Saturday-e7e26-1-16:41:00
Green-B,Green-B-9-Saturday-e7e26-1-16:48:00
Green-B,Green-B-9-Saturday-e7e26-1-16:55:00
Green-B,Green-B-9-Saturday-e7e26-1-17:02:00
Green-B,Green-B-9-Saturday-e7e26-1-17:08:00
Green-B,Green-B-9-Saturday-e7e26-1-17:14:00
Green-B,Green-B-9-Saturday-e7e26-1-17:20:00
Green-B,Green-B-9-Saturday-e7e26-1-17:26:00
Green-B,Green-B-9-Saturday-e7e26-1-17:32:00
Green-B,Green-B-9-Saturday-e7e26-1-17:38:00
Green-B,Green-B-9-Saturday-e7e26-1-17:44:00
Green-B,Green-B-9-Saturday-e7e26-1-17:50:00
Green-B,Green-B-9-Saturday-e7e26-1-17:56:00
Green-B,Green-B-9-Saturday-e7e26-1-18:02:00
Green-B,Green-B-9-Saturday-e7e26-1-18:08:00
Green-B,Green-B-9-Saturday-e7e26-1-18:14:00
Green-B,Green-B-9-Saturday-e7e26-1-18:20:00
Green-B,Green-B-9-Saturday-e7e26-1-18:26:00
Green-B,Green-B-9-Saturday-e7e26-1-18:32:00
Green-B,Green-B-9-Saturday-e7e26-1-18:38:00
Green-B,Green-B-9-Saturday-e7e26-1-18:44:00
Green-B,Green-B-9-Saturday-e7e26-1-18:50:00
Green-B,Green-B-9-Saturday-e7e26-1-18:56:00
Green-B,Green-B-9-Saturday-e7e26-1-19:02:00
Green-B,Green-B-9-Saturday-e7e26-1-19:11:00
Green-B,Green-B-9-Saturday-e7e26-1-19:20:00
Green-B,Green-B-9-Saturday-e7e26-1-19:29:00
Green-B,Green-B-9-Saturday-e7e26-1-19:38:00
Green-B,Green-B-9-Saturday-e7e26-1-19:47:00
Green-B,Green-B-9-Saturday-e7e26-1-19:56:00
Green-B,Green-B-9-Saturday-e7e26-1-20:05:00
Green-B,Green-B-9-Saturday-e7e26-1-20:14:00
Green-B,Green-B-9-Saturday-e7e26-1-20:23:00
Green-B,Green-B-9-Saturday-e7e26-1-20:32:00
Green-B,Green-B-9-Saturday-e7e26-1-20:41:00
Green-B,Green-B-9-Saturday-e7e26-1-20:50:00
Green-B,Green-B-9-Saturday-e7e26-1-20:59:00
Green-B,Green-B-9-Saturday-e7e26-1-21:08:00
Green-B,Green-B-9-Saturday-e7e26-1-21:17:00
Green-B,Green-B-9-Saturday-e7e26-1-21:26:00
Green-B,Green-B-9-Saturday-e7e26-1-21:35:00
Green-B,Green-B-9-Saturday-e7e26-1-21:44:00
Green-B,Green-B-9-Saturday-e7e26-1-21:53:00
Green-B,Green-B-9-Saturday-e7e26-1-22:02:00
Green-B,Green-B-9-Saturday-e7e26-1-22:11:00
Green-B,Green-B-9-Saturday-e7e26-1-22:20:00
Green-B,Green-B-9-Saturday-e7e26-1-22:29:00
Green-B,Green-B-9-Saturday-e7e26-1-22:38:00
Green-B,Green-B-9-Saturday-e7e26-1-22:47:00
Green-B,Green-B-9-Saturday-e7e26-1-22:56:00
Green-B,Green-B-9-Saturday-e7e26-1-23:05:00
Green-B,Green-B-9-Saturday-e7e26-1-23:14:00
Green-B,Green-B-9-Saturday-e7e26-1-23:23:00
Green-B,Green-B-9-Saturday-e7e26-1-23:32:00
Green-B,Green-B-9-Saturday-e7e26-1-23:41:00
Green-B,Green-B-9-Saturday-e7e26-1-23:50:00
Green-B,Green-B-9-Saturday-e7e26-1-23:59:00
Green-B,Green-B-9-Saturday-e7e26-1-24:08:00
Green-B,Green-B-9-Saturday-e7e26-1-24:16:00
Green-B,Green-B-9-Saturday-e7e26-1-24:24:00
Green-B,Green-B-9-Saturday-e7e26-1-24:32:00
Green-B,Green-B-9-Saturday-e7e26-1-24:40:00
Green-B,Green-B-9-Saturday-e7e26-1-24:48:00
Green-B,Green-B-9-Saturday-e7e26-1-24:56:00
Green-B,Green-B-9-Saturday-e7e26-1-25:04:00
Green-B,Green-B-9-Saturday-e7e26-1-25:12:00
Green-B,Green-B-9-Saturday-e7e26-1-25:20:00
Green-B,Green-B-9-Saturday-e7e26-1-25:28:00
Green-B,Green-B-9-Saturday-e7e26-1-25:35:00
Green-B,Green-B-9-Friday-e7e26-0-05:52:00
Green-B,Green-B-9-Friday-e7e26-0-06:00:00
Green-B,Green-B-9-Friday-e7e26-0-06:10:00
Green-B,Green-B-9-Friday-e7e26-0-06:20:00
Green-B,Green-B-9-Friday-e7e26-0-06:30:00
Green-B,Green-B-9-Friday-e7e26-0-06:40:00
Green-B,Green-B-9-Friday-e7e26-0-06:50:00
Green-B,Green-B-9-Friday-e7e26-0-07:00:00
Green-B,Green-B-9-Friday-e7e26-0-07:06:00
Green-B,Green-B-9-Friday-e7e26-0-07:12:00
Green-B,Green-B-9-Friday-e7e26-0-07:18:00
Green-B,Green-B-9-Friday-e7e26-0-07:24:00
Green-B,Green-B-9-Friday-e7e26-0-07:30:00
Green-B,Green-B-9-Friday-e7e26-0-07:36:00
Green-B,Green-B-9-Friday-e7e26-0-07:42:00
Green-B,Green-B-9-Friday-e7e26-0-07:48:00
Green-B,Green-B-9-Friday-e7e26-0-07:54:00
Green-B,Green-B-9-Friday-e7e26-0-08:00:00
Green-B,Green-B-9-Friday-e7e26-0-08:07:00
Green-B,Green-B-9-Friday-e7e26-0-08:14:00
Green-B,Green-B-9-Friday-e7e26-0-08:21:00
Green-B,Green-B-9-Friday-e7e26-0-08:28:00
Green-B,Green-B-9-Friday-e7e26-0-08:35:00
Green-B,Green-B-9-Friday-e7e26-0-08:42:00
Green-B,Green-B-9-Friday-e7e26-0-08:49:00
Green-B,Green-B-9-Friday-e7e26-0-08:56:00
Green-B,Green-B-9-Friday-e7e26-0-09:03:00
Green-B,Green-B-9-Friday-e7e26-0-09:09:00
Green-B,Green-B-9-Friday-e7e26-0-09:15:00
Green-B,Green-B-9-Friday-e7e26-0-09:21:00
Green-B,Green-B-9-Friday-e7e26-0-09:27:00
Green-B,Green-B-9-Friday-e7e26-0-09:33:00
Green-B,Green-B-9-Friday-e7e26-0-09:39:00
Green-B,Green-B-9-Friday-e7e26-0-09:45:00
Green-B,Green-B-9-Friday-e7e26-0-09:51:00
Green-B,Green-B-9-Friday-e7e26-0-09:57:00
Green-B,Green-B-9-Friday-e7e26-0-10:03:00
Green-B,Green-B-9-Friday-e7e26-0-10:13:00
Green-B,Green-B-9-Friday-e7e26-0-10:23:00
Green-B,Green-B-9-Friday-e7e26-0-10:33:00
Green-B,Green-B-9-Friday-e7e26-0-10:43:00
Green-B,Green-B-9-Friday-e7e26-0-10:53:00
Green-B,Green-B-9-Friday-e7e26-0-11:03:00
Green-B,Green-B-9-Friday-e7e26-0-11:13:00
Green-B,Green-B-9-Friday-e7e26-0-11:23:00
Green-B,Green-B-9-Friday-e7e26-0-11:33:00
Green-B,Green-B-9-Friday-e7e26-0-11:43:00
Green-B,Green-B-9-Friday-e7e26-0-11:53:00
Green-B,Green-B-9-Friday-e7e26-0-12:03:00
Green-B,Green-B-9-Friday-e7e26-0-12:13:00
Green-B,Green-B-9-Friday-e7e26-0-12:23:00
Green-B,Green-B-9-Friday-e7e26-0-12:33:00
Green-B,Green-B-9-Friday-e7e26-0-12:43:00
Green-B,Green-B-9-Friday-e7e26-0-12:53:00
Green-B,Green-B-9-Friday-e7e26-0-13:03:00
Green-B,Green-B-9-Friday-e7e26-0-13:13:00
Green-B,Green-B-9-Friday-e7e26-0-13:23:00
Green-B,Green-B-9-Friday-e7e26-0-13:33:00
Green-B,Green-B-9-Friday-e7e26-0-13:43:00
Green-B,Green-B-9-Friday-e7e26-0-13:53:00
Green-B,Green-B-9-Friday-e7e26-0-14:03:00
Green-B,Green-B-9-Friday-e7e26-0-14:12:00
Green-B,Green-B-9-Friday-e7e26-0-14:21:00
Green-B,Green-B-9-Friday-e7e26-0-14:30:00
Green-B,Green-B-9-Friday-e7e26-0-14:39:00
Green-B,Green-B-9-Friday-e7e26-0-14:48:00
Green-B,Green-B-9-Friday-e7e26-0-14:57:00
Green-B,Green-B-9-Friday-e7e26-0-15:06:00
Green-B,Green-B-9-Friday-e7e26-0-15:13:00
Green-B,Green-B-9-Friday-e7e26-0-15:20:00
Green-B,Green-B-9-Friday-e7e26-0-15:27:00
Green-B,Green-B-9-Friday-e7e26-0-15:34:00
Green-B,Green-B-9-Friday-e7e26-0-15:41:00
Green-B,Green-B-9-Friday-e7e26-0-15:48:00
Green-B,Green-B-9-Friday-e7e26-0-15:55:00
Green-B,Green-B-9-Friday-e7e26-0-16:02:00
Green-B,Green-B-9-Friday-e7e26-0-16:09:00
Green-B,Green-B-9-Friday-e7e26-0-16:16:00
Green-B,Green-B-9-Friday-e7e26-0-16:23:00
Green-B,Green-B-9-Friday-e7e26-0-16:30:00
Green-B,Green-B-9-Friday-e7e26-0-16:37:00
Green-B,Green-B-9-Friday-e7e26-0-16:44:00
Green-B,Green-B-9-Friday-e7e26-0-16:51:00
Green-B,Green-B-9-Friday-e7e26-0-16:58:00
Green-B,Green-B-9-Friday-e7e26-0-17:05:00
Green-B,Green-B-9-Friday-e7e26-0-17:12:00
Green-B,Green-B-9-Friday-e7e26-0-17:19:00
Green-B,Green-B-9-Friday-e7e26-0-17:26:00
Green-B,Green-B-9-Friday-e7e26-0-17:33:00
Green-B,Green-B-9-Friday-e7e26-0-17:40:00
Green-B,Green-B-9-Friday-e7e26-0-17:47:00
Green-B,Green-B-9-Friday-e7e26-0-17:54:00
Green-B,Green-B-9-Friday-e7e26-0-18:01:00
Green-B,Green-B-9-Friday-e7e26-0-18:07:00
Green-B,Green-B-9-Friday-e7e26-0-18:13:00
Green-B,Green-B-9-Friday-e7e26-0-18:19:00
Green-B,Green-B-9-Friday-e7e26-0-18:25:00
Green-B,Green-B-9-Friday-e7e26-0-18:31:00
Green-B,Green-B-9-Friday-e7e26-0-18:37:00
Green-B,Green-B-9-Friday-e7e26-0-18:43:00
Green-B,Green-B-9-Friday-e7e26-0-18:49:00
Green-B,Green-B-9-Friday-e7e26-0-18:55:00
Green-B,Green-B-9-Friday-e7e26-0-19:01:00
Green-B,Green-B-9-Friday-e7e26-0-19:09:00
Green-B,Green-B-9-Friday-e7e26-0-19:17:00
Green-B,Green-B-9-Friday-e7e26-0-19:25:00
Green-B,Green-B-9-Friday-e7e26-0-19:33:00
Green-B,Green-B-9-Friday-e7e26-0-19:41:00
Green-B,Green-B-9-Friday-e7e26-0-19:49:00
Green-B,Green-B-9-Friday-e7e26-0-19:57:00
Green-B,Green-B-9-Friday-e7e26-0-20:05:00
Green-B,Green-B-9-Friday-e7e26-0-20:13:00
Green-B,Green-B-9-Friday-e7e26-0-20:21:00
Green-B,Green-B-9-Friday-e7e26-0-20:29:00
Green-B,Green-B-9-Friday-e7e26-0-20:37:00
Green-B,Green-B-9-Friday-e7e26-0-20:45:00
Green-B,Green-B-9-Friday-e7e26-0-20:53:00
Green-B,Green-B-9-Friday-e7e26-0-21:01:00
Green-B,Green-B-9-Friday-e7e26-0-21:08:00
Green-B,Green-B-9-Friday-e7e26-0-21:15:00
Green-B,Green-B-9-Friday-e7e26-0-21:22:00
Green-B,Green-B-9-Friday-e7e26-0-21:29:00
Green-B,Green-B-9-Friday-e7e26-0-21:36:00
Green-B,Green-B-9-Friday-e7e26-0-21:43:00
Green-B,Green-B-9-Friday-e7e26-0-21:50:00
Green-B,Green-B-9-Friday-e7e26-0-21:57:00
Green-B,Green-B-9-Friday-e7e26-0-22:04:00
Green-B,Green-B-9-Friday-e7e26-0-22:11:00
Green-B,Green-B-9-Friday-e7e26-0-22:18:00
Green-B,Green-B-9-Friday-e7e26-0-22:25:00
Green-B,Green-B-9-Friday-e7e26-0-22:32:00
Green-B,Green-B-9-Friday-e7e26-0-22:39:00
Green-B,Green-B-9-Friday-e7e26-0-22:46:00
Green-B,Green-B-9-Friday-e7e26-0-22:53:00
Green-B,Green-B-9-Friday-e7e26-0-23:00:00
Green-B,Green-B-9-Friday-e7e26-0-23:06:00
Green-B,Green-B-9-Friday-e7e26-0-23:12:00
Green-B,Green-B-9-Friday-e7e26-0-23:18:00
Green-B,Green-B-9-Friday-e7e26-0-23:24:00
Green-B,Green-B-9-Friday-e7e26-0-23:30:00
Green-B,Green-B-9-Friday-e7e26-0-23:36:00
Green-B,Green-B-9-Friday-e7e26-0-23:42:00
Green-B,Green-B-9-Friday-e7e26-0-23:48:00
Green-B,Green-B-9-Friday-e7e26-0-23:54:00
Green-B,Green-B-9-Friday-e7e26-0-24:00:00
Green-B,Green-B-9-Friday-e7e26-0-24:06:00
Green-B,Green-B-9-Friday-e7e26-0-24:12:00
Green-B,Green-B-9-Friday-e7e26-0-24:18:00
Green-B,Green-B-9-Friday-e7e26-0-24:24:00
Green-B,Green-B-9-Friday-e7e26-0-24:30:00
Green-B,Green-B-9-Friday-e7e26-0-24:36:00
Green-B,Green-B-9-Friday-e7e26-0-24:42:00
Green-B,Green-B-9-Friday-e7e26-0-24:48:00
Green-B,Green-B-9-Friday-e7e26-0-24:54:00
Green-B,Green-B-9-Friday-e7e26-0-25:00:00
Green-B,Green-B-9-Friday-e7e26-0-25:06:00
Green-B,Green-B-9-Friday-e7e26-0-25:12:00
Green-B,Green-B-9-Friday-e7e26-0-25:18:00
Green-B,Green-B-9-Friday-e7e26-0-25:24:00
Green-B,Green-B-9-Friday-e7e26-0-25:30:00
Green-B,Green-B-9-Friday-e7e26-0-25:36:00
Green-B,Green-B-9-Friday-e7e26-0-25:42:00
Green-B,Green-B-9-Friday-e7e26-0-25:48:00
Green-B,Green-B-9-Friday-e7e26-0-25:54:00
Green-B,Green-B-9-Friday-e7e26-0-26:00:00
Green-B,Green-B-9-Friday-e7e26-0-26:06:00
Green-B,Green-B-9-Friday-e7e26-0-26:12:00
Green-B,Green-B-9-Friday-e7e26-0-26:18:00
Green-B,Green-B-9-Friday-e7e26-1-05:20:00
Green-B,Green-B-9-Friday-e7e26-1-05:28:00
Green-B,Green-B-9-Friday-e7e26-1-05:36:00
Green-B,Green-B-9-Friday-e7e26-1-05:44:00
Green-B,Green-B-9-Friday-e7e26-1-05:52:00
Green-B,Green-B-9-Friday-e7e26-1-06:00:00
Green-B,Green-B-9-Friday-e7e26-1-06:10:00
Green-B,Green-B-9-Friday-e7e26-1-06:20:00
Green-B,Green-B-9-Friday-e7e26-1-06:30:00
Green-B,Green-B-9-Friday-e7e26-1-06:40:00
Green-B,Green-B-9-Friday-e7e26-1-06:50:00
Green-B,Green-B-9-Friday-e7e26-1-07:00:00
Green-B,Green-B-9-Friday-e7e26-1-07:06:00
Green-B,Green-B-9-Friday-e7e26-1-07:12:00
Green-B,Green-B-9-Friday-e7e26-1-07:18:00
Green-B,Green-B-9-Friday-e7e26-1-07:24:00
Green-B,Green-B-9-Friday-e7e26-1-07:30:00
Green-B,Green-B-9-Friday-e7e26-1-07:36:00
Green-B,Green-B-9-Friday-e7e26-1-07:42:00
Green-B,Green-B-9-Friday-e7e26-1-07:48:00
Green-B,Green-B-9-Friday-e7e26-1-07:54:00
Green-B,Green-B-9-Friday-e7e26-1-08:00:00
Green-B,Green-B-9-Friday-e7e26-1-08:07:00
Green-B,Green-B-9-Friday-e7e26-1-08:14:00
Green-B,Green-B-9-Friday-e7e26-1-08:21:00
Green-B,Green-B-9-Friday-e7e26-1-08:28:00
Green-B,Green-B-9-Friday-e7e26-1-08:35:00
Green-B,Green-B-9-Friday-e7e26-1-08:42:00
Green-B,Green-B-9-Friday-e7e26-1-08:49:00
Green-B,Green-B-9-Friday-e7e26-1-08:56:00
Green-B,Green-B-9-Friday-e7e26-1-09:03:00
Green-B,Green-B-9-Friday-e7e26-1-09:09:00
Green-B,Green-B-9-Friday-e7e26-1-09:15:00
Green-B,Green-B-9-Friday-e7e26-1-09:21:00
Green-B,Green-B-9-Friday-e7e26-1-09:27:00
Green-B,Green-B-9-Friday-e7e26-1-09:33:00
Green-B,Green-B-9-Friday-e7e26-1-09:39:00
Green-B,Green-B-9-Friday-e7e26-1-09:45:00
Green-B,Green-B-9-Friday-e7e26-1-09:51:00
Green-B,Green-B-9-Friday-e7e26-1-09:57:00
Green-B,Green-B-9-Friday-e7e26-1-10:03:00
Green-B,Green-B-9-Friday-e7e26-1-10:13:00
Green-B,Green-B-9-Friday-e7e26-1-10:23:00
Green-B,Green-B-9-Friday-e7e26-1-10:33:00
Green-B,Green-B-9-Friday-e7e26-1-10:43:00
Green-B,Green-B-9-Friday-e7e26-1-10:53:00
Green-B,Green-B-9-Friday-e7e26-1-11:03:00
Green-B,Green-B-9-Friday-e7e26-1-11:13:00
Green-B,Green-B-9-Friday-e7e26-1-11:23:00
Green-B,Green-B-9-Friday-e7e26-1-11:33:00
Green-B,Green-B-9-Friday-e7e26-1-11:43:00
Green-B,Green-B-9-Friday-e7e26-1-11:53:00
Green-B,Green-B-9-Friday-e7e26-1-12:03:00
Green-B,Green-B-9-Friday-e7e26-1-12:13:00
Green-B,Green-B-9-Friday-e7e26-1-12:23:00
Green-B,Green-B-9-Friday-e7e26-1-12:33:00
Green-B,Green-B-9-Friday-e7e26-1-12:43:00
Green-B,Green-B-9-Friday-e7e26-1-12:53:00
Green-B,Green-B-9-Friday-e7e26-1-13:03:00
Green-B,Green-B-9-Friday-e7e26-1-13:13:00
Green-B,Green-B-9-Friday-e7e26-1-13:23:00
Green-B,Green-B-9-Friday-e7e26-1-13:33:00
Green-B,Green-B-9-Friday-e7e26-1-13:43:00
Green-B,Green-B-9-Friday-e7e26-1-13:53:00
Green-B,Green-B-9-Friday-e7e26-1-14:03:00
Green-B,Green-B-9-Friday-e7e26-1-14:12:00
Green-B,Green-B-9-Friday-e7e26-1-14:21:00
Green-B,Green-B-9-Friday-e7e26-1-14:30:00
Green-B,Green-B-9-Friday-e7e26-1-14:39:00
Green-B,Green-B-9-Friday-e7e26-1-14:48:00
Green-B,Green-B-9-Friday-e7e26-1-14:57:00
Green-B,Green-B-9-Friday-e7e26-1-15:06:00
Green-B,Green-B-9-Friday-e7e26-1-15:13:00
Green-B,Green-B-9-Friday-e7e26-1-15:20:00
Green-B,Green-B-9-Friday-e7e26-1-15:27:00
Green-B,Green-B-9-Friday-e7e26-1-15:34:00
Green-B,Green-B-9-Friday-e7e26-1-15:41:00
Green-B,Green-B-9-Friday-e7e26-1-15:48:00
Green-B,Green-B-9-Friday-e7e26-1-15:55:00
Green-B,Green-B-9-Friday-e7e26-1-16:02:00
Green-B,Green-B-9-Friday-e7e26-1-16:09:00
Green-B,Green-B-9-Friday-e7e26-1-16:16:00
Green-B,Green-B-9-Friday-e7e26-1-16:23:00
Green-B,Green-B-9-Friday-e7e26-1-16:30:00
Green-B,Green-B-9-Friday-e7e26-1-16:37:00
Green-B,Green-B-9-Friday-e7e26-1-16:44:00
Green-B,Green-B-9-Friday-e7e26-1-16:51:00
Green-B,Green-B-9-Friday-e7e26-1-16:58:00
Green-B,Green-B-9-Friday-e7e26-1-17:05:00
Green-B,Green-B-9-Friday-e7e26-1-17:12:00
Green-B,Green-B-9-Friday-e7e26-1-17:19:00
Green-B,Green-B-9-Friday-e7e26-1-17:26:00
Green-B,Green-B-9-Friday-e7e26-1-17:33:00
Green-B,Green-B-9-Friday-e7e26-1-17:40:00
Green-B,Green-B-9-Friday-e7e26-1-17:47:00
Green-B,Green-B-9-Friday-e7e26-1-17:54:00
Green-B,Green-B-9-Friday-e7e26-1-18:01:00
Green-B,Green-B-9-Friday-e7e26-1-18:07:00
Green-B,Green-B-9-Friday-e7e26-1-18:13:00
Green-B,Green-B-9-Friday-e7e26-1-18:19:00
Green-B,Green-B-9-Friday-e7e26-1-18:25:00
Green-B,Green-B-9-Friday-e7e26-1-18:31:00
Green-B,Green-B-9-Friday-e7e26-1-18:37:00
Green-B,Green-B-9-Friday-e7e26-1-18:43:00
Green-B,Green-B-9-Friday-e7e26-1-18:49:00
Green-B,Green-B-9-Friday-e7e26-1-18:55:00
Green-B,Green-B-9-Friday-e7e26-1-19:01:00
Green-B,Green-B-9-Friday-e7e26-1-19:09:00
Green-B,Green-B-9-Friday-e7e26-1-19:17:00
Green-B,Green-B-9-Friday-e7e26-1-19:25:00
Green-B,Green-B-9-Friday-e7e26-1-19:33:00
Green-B,Green-B-9-Friday-e7e26-1-19:41:00
Green-B,Green-B-9-Friday-e7e26-1-19:49:00
Green-B,Green-B-9-Friday-e7e26-1-19:57:00
Green-B,Green-B-9-Friday-e7e26-1-20:05:00
Green-B,Green-B-9-Friday-e7e26-1-20:13:00
Green-B,Green-B-9-Friday-e7e26-1-20:21:00
Green-B,Green-B-9-Friday-e7e26-1-20:29:00
Green-B,Green-B-9-Friday-e7e26-1-20:37:00
Green-B,Green-B-9-Friday-e7e26-1-20:45:00
Green-B,Green-B-9-Friday-e7e26-1-20:53:00
Green-B,Green-B-9-Friday-e7e26-1-21:01:00
Green-B,Green-B-9-Friday-e7e26-1-21:08:00
Green-B,Green-B-9-Friday-e7e26-1-21:15:00
Green-B,Green-B-9-Friday-e7e26-1-21:22:00
Green-B,Green-B-9-Friday-e7e26-1-21:29:00
Green-B,Green-B-9-Friday-e7e26-1-21:36:00
Green-B,Green-B-9-Friday-e7e26-1-21:43:00
Green-B,Green-B-9-Friday-e7e26-1-21:50:00
Green-B,Green-B-9-Friday-e7e26-1-21:57:00
Green-B,Green-B-9-Friday-e7e26-1-22:04:00
Green-B,Green-B-9-Friday-e7e26-1-22:11:00
Green-B,Green-B-9-Friday-e7e26-1-22:18:00
Green-B,Green-B-9-Friday-e7e26-1-22:25:00
Green-B,Green-B-9-Friday-e7e26-1-22:32:00
Green-B,Green-B-9-Friday-e7e26-1-22:39:00
Green-B,Green-B-9-Friday-e7e26-1-22:46:00
Green-B,Green-B-9-Friday-e7e26-1-22:53:00
Green-B,Green-B-9-Friday-e7e26-1-23:00:00
Green-B,Green-B-9-Friday-e7e26-1-23:06:00
Green-B,Green-B-9-Friday-e7e26-1-23:12:00
Green-B,Green-B-9-Friday-e7e26-1-23:18:00
Green-B,Green-B-9-Friday-e7e26-1-23:24:00
Green-B,Green-B-9-Friday-e7e26-1-23:30:00
Green-B,Green-B-9-Friday-e7e26-1-23:36:00
Green-B,Green-B-9-Friday-e7e26-1-23:42:00
Green-B,Green-B-9-Friday-e7e26-1-23:48:00
Green-B,Green-B-9-Friday-e7e26-1-23:54:00
Green-B,Green-B-9-Friday-e7e26-1-24:00:00
Green-B,Green-B-9-Friday-e7e26-1-24:06:00
Green-B,Green-B-9-Friday-e7e26-1-24:12:00
Green-B,Green-B-9-Friday-e7e26-1-24:18:00
Green-B,Green-B-9-Friday-e7e26-1-24:24:00
Green-B,Green-B-9-Friday-e7e26-1-24:30:00
Green-B,Green-B-9-Friday-e7e26-1-24:36:00
Green-B,Green-B-9-Friday-e7e26-1-24:42:00
Green-B,Green-B-9-Friday-e7e26-1-24:48:00
Green-B,Green-B-9-Friday-e7e26-1-24:54:00
Green-B,Green-B-9-Friday-e7e26-1-25:00:00
Green-B,Green-B-9-Friday-e7e26-1-25:06:00
Green-B,Green-B-9-Friday-e7e26-1-25:12:00
Green-B,Green-B-9-Friday-e7e26-1-25:18:00
Green-B,Green-B-9-Friday-e7e26-1-25:24:00
Green-B,Green-B-9-Friday-e7e26-1-25:30:00
Green-B,Green-B-9-Friday-e7e26-1-25:35:00
Green-B,Green-B-9-Weekday-e7e26-0-05:52:00
Green-B,Green-B-9-Weekday-e7e26-0-06:00:00
Green-B,Green-B-9-Weekday-e7e26-0-06:10:00
Green-B,Green-B-9-Weekday-e7e26-0-06:20:00
Green-B,Green-B-9-Weekday-e7e26-0-06:30:00
Green-B,Green-B-9-Weekday-e7e26-0-06:40:00
Green-B,Green-B-9-Weekday-e7e26-0-06:50:00
Green-B,Green-B-9-Weekday-e7e26-0-07:00:00
Green-B,Green-B-9-Weekday-e7e26-0-07:06:00
Green-B,Green-B-9-Weekday-e7e26-0-07:12:00
Green-B,Green-B-9-Weekday-e7e26-0-07:18:00
Green-B,Green-B-9-Weekday-e7e26-0-07:24:00
Green-B,Green-B-9-Weekday-e7e26-0-07:30:00
Green-B,Green-B-9-Weekday-e7e26-0-07:36:00
Green-B,Green-B-9-Weekday-e7e26-0-07:42:00
Green-B,Green-B-9-Weekday-e7e26-0-07:48:00
Green-B,Green-B-9-Weekday-e7e26-0-07:54:00
Green-B,Green-B-9-Weekday-e7e26-0-08:00:00
Green-B,Green-B-9-Weekday-e7e26-0-08:07:00
Green-B,Green-B-9-Weekday-e7e26-0-08:14:00
Green-B,Green-B-9-Weekday-e7e26-0-08:21:00
Green-B,Green-B-9-Weekday-e7e26-0-08:28:00
Green-B,Green-B-9-Weekday-e7e26-0-08:35:00
Green-B,Green-B-9-Weekday-e7e26-0-08:42:00
Green-B,Green-B-9-Weekday-e7e26-0-08:49:00
Green-B,Green-B-9-Weekday-e7e26-0-08:56:00
Green-B,Green-B-9-Weekday-e7e26-0-09:03:00
Green-B,Green-B-9-Weekday-e7e26-0-09:09:00
Green-B,Green-B-9-Weekday-e7e26-0-09:15:00
Green-B,Green-B-9-Weekday-e7e26-0-09:21:00
Green-B,Green-B-9-Weekday-e7e26-0-09:27:00
Green-B,Green-B-9-Weekday-e7e26-0-09:33:00
Green-B,Green-B-9-Weekday-e7e26-0-09:39:00
Green-B,Green-B-9-Weekday-e7e26-0-09:45:00
Green-B,Green-B-9-Weekday-e7e26-0-09:51:00
Green-B,Green-B-9-Weekday-e7e26-0-09:57:00
Green-B,Green-B-9-Weekday-e7e26-0-10:03:00
Green-B,Green-B-9-Weekday-e7e26-0-10:13:00
Green-B,Green-B-9-Weekday-e7e26-0-10:23:00
Green-B,Green-B-9-Weekday-e7e26-0-10:33:00
Green-B,Green-B-9-Weekday-e7e26-0-10:43:00
Green-B,Green-B-9-Weekday-e7e26-0-10:53:00
Green-B,Green-B-9-Weekday-e7e26-0-11:03:00
Green-B,Green-B-9-Weekday-e7e26-0-11:13:00
Green-B,Green-B-9-Weekday-e7e26-0-11:23:00
Green-B,Green-B-9-Weekday-e7e26-0-11:33:00
Green-B,Green-B-9-Weekday-e7e26-0-11:43:00
Green-B,Green-B-9-Weekday-e7e26-0-11:53:00
Green-B,Green-B-9-Weekday-e7e26-0-12:03:00
Green-B,Green-B-9-Weekday-e7e26-0-12:13:00
Green-B,Green-B-9-Weekday-e7e26-0-12:23:00
Green-B,Green-B-9-Weekday-e7e26-0-12:33:00
Green-B,Green-B-9-Weekday-e7e26-0-12:43:00
Green-B,Green-B-9-Weekday-e7e26-0-12:53:00
Green-B,Green-B-9-Weekday-e7e26-0-13:03:00
Green-B,Green-B-9-Weekday-e7e26-0-13:13:00
Green-B,Green-B-9-Weekday-e7e26-0-13:23:00
Green-B,Green-B-9-Weekday-e7e26-0-13:33:00
Green-B,Green-B-9-Weekday-e7e26-0-13:43:00
Green-B,Green-B-9-Weekday-e7e26-0-13:53:00
Green-B,Green-B-9-Weekday-e7e26-0-14:03:00
Green-B,Green-B-9-Weekday-e7e26-0-14:12:00
Green-B,Green-B-9-Weekday-e7e26-0-14:21:00
Green-B,Green-B-9-Weekday-e7e26-0-14:30:00
Green-B,Green-B-9-Weekday-e7e26-0-14:39:00
Green-B,Green-B-9-Weekday-e7e26-0-14:48:00
Green-B,Green-B-9-Weekday-e7e26-0-14:57:00
Green-B,Green-B-9-Weekday-e7e26-0-15:06:00
Green-B,Green-B-9-Weekday-e7e26-0-15:13:00
Green-B,Green-B-9-Weekday-e7e26-0-15:20:00
Green-B,Green-B-9-Weekday-e7e26-0-15:27:00
Green-B,Green-B-9-Weekday-e7e26-0-15:34:00
Green-B,Green-B-9-Weekday-e7e26-0-15:41:00
Green-B,Green-B-9-Weekday-e7e26-0-15:48:00
Green-B,Green-B-9-Weekday-e7e26-0-15:55:00
Green-B,Green-B-9-Weekday-e7e26-0-16:02:00
Green-B,Green-B-9-Weekday-e7e26-0-16:09:00
Green-B,Green-B-9-Weekday-e7e26-0-16:16:00
Green-B,Green-B-9-Weekday-e7e26-0-16:23:00
Green-B,Green-B-9-Weekday-e7e26-0-16:30:00
Green-B,Green-B-9-Weekday-e7e26-0-16:37:00
Green-B,Green-B-9-Weekday-e7e26-0-16:44:00
Green-B,Green-B-9-Weekday-e7e26-0-16:51:00
Green-B,Green-B-9-Weekday-e7e26-0-16:58:00
Green-B,Green-B-9-Weekday-e7e26-0-17:05:00
Green-B,Green-B-9-Weekday-e7e26-0-17:12:00
Green-B,Green-B-9-Weekday-e7e26-0-17:19:00
Green-B,Green-B-9-Weekday-e7e26-0-17:26:00
Green-B,Green-B-9-Weekday-e7e26-0-17:33:00
Green-B,Green-B-9-Weekday-e7e26-0-17:40:00
Green-B,Green-B-9-Weekday-e7e26-0-17:47:00
Green-B,Green-B-9-Weekday-e7e26-0-17:54:00
Green-B,Green-B-9-Weekday-e7e26-0-18:01:00
Green-B,Green-B-9-Weekday-e7e26-0-18:07:00
Green-B,Green-B-9-Weekday-e7e26-0-18:13:00
Green-B,Green-B-9-Weekday-e7e26-0-18:19:00
Green-B,Green-B-9-Weekday-e7e26-0-18:25:00
Green-B,Green-B-9-Weekday-e7e26-0-18:31:00
Green-B,Green-B-9-Weekday-e7e26-0-18:37:00
Green-B,Green-B-9-Weekday-e7e26-0-18:43:00
Green-B,Green-B-9-Weekday-e7e26-0-18:49:00
Green-B,Green-B-9-Weekday-e7e26-0-18:55:00
Green-B,Green-B-9-Weekday-e7e26-0-19:01:00
Green-B,Green-B-9-Weekday-e7e26-0-19:09:00
Green-B,Green-B-9-Weekday-e7e26-0-19:17:00
Green-B,Green-B-9-Weekday-e7e26-0-19:25:00
Green-B,Green-B-9-Weekday-e7e26-0-19:33:00
Green-B,Green-B-9-Weekday-e7e26-0-19:41:00
Green-B,Green-B-9-Weekday-e7e26-0-19:49:00
Green-B,Green-B-9-Weekday-e7e26-0-19:57:00
Green-B,Green-B-9-Weekday-e7e26-0-20:05:00
Green-B,Green-B-9-Weekday-e7e26-0-20:13:00
Green-B,Green-B-9-Weekday-e7e26-0-20:21:00
Green-B,Green-B-9-Weekday-e7e26-0-20:29:00
Green-B,Green-B-9-Weekday-e7e26-0-20:37:00
Green-B,Green-B-9-Weekday-e7e26-0-20:45:00
Green-B,Green-B-9-Weekday-e7e26-0-20:53:00
Green-B,Green-B-9-Weekday-e7e26-0-21:01:00
Green-B,Green-B-9-Weekday-e7e26-0-21:08:00
Green-B,Green-B-9-Weekday-e7e26-0-21:15:00
Green-B,Green-B-9-Weekday-e7e26-0-21:22:00
Green-B,Green-B-9-Weekday-e7e26-0-21:29:00
Green-B,Green-B-9-Weekday-e7e26-0-21:36:00
Green-B,Green-B-9-Weekday-e7e26-0-21:43:00
Green-B,Green-B-9-Weekday-e7e26-0-21:50:00
Green-B,Green-B-9-Weekday-e7e26-0-21:57:00
Green-B,Green-B-9-Weekday-e7e26-0-22:04:00
Green-B,Green-B-9-Weekday-e7e26-0-22:11:00
Green-B,Green-B-9-Weekday-e7e26-0-22:18:00
Green-B,Green-B-9-Weekday-e7e26-0-22:25:00
Green-B,Green-B-9-Weekday-e7e26-0-22:32:00
Green-B,Green-B-9-Weekday-e7e26-0-22:39:00
Green-B,Green-B-9-Weekday-e7e26-0-22:46:00
Green-B,Green-B-9-Weekday-e7e26-0-22:53:00
Green-B,Green-B-9-Weekday-e7e26-0-23:00:00
Green-B,Green-B-9-Weekday-e7e26-0-23:06:00
Green-B,Green-B-9-Weekday-e7e26-0-23:12:00
Green-B,Green-B-9-Weekday-e7e26-0-23:18:00
Green-B,Green-B-9-Weekday-e7e26-0-23:24:00
Green-B,Green-B-9-Weekday-e7e26-0-23:30:00
Green-B,Green-B-9-Weekday-e7e26-0-23:36:00
Green-B,Green-B-9-Weekday-e7e26-0-23:42:00
Green-B,Green-B-9-Weekday-e7e26-0-23:48:00
Green-B,Green-B-9-Weekday-e7e26-0-23:54:00
Green-B,Green-B-9-Weekday-e7e26-0-24:00:00
Green-B,Green-B-9-Weekday-e7e26-0-24:06:00
Green-B,Green-B-9-Weekday-e7e26-0-24:12:00
Green-B,Green-B-9-Weekday-e7e26-0-24:18:00
Green-B,Green-B-9-Weekday-e7e26-0-24:24:00
Green-B,Green-B-9-Weekday-e7e26-0-24:30:00
Green-B,Green-B-9-Weekday-e7e26-0-24:36:00
Green-B,Green-B-9-Weekday-e7e26-0-24:42:00
Green-B,Green-B-9-Weekday-e7e26-0-24:48:00
Green-B,Green-B-9-Weekday-e7e26-0-24:54:00
Green-B,Green-B-9-Weekday-e7e26-0-25:00:00
Green-B,Green-B-9-Weekday-e7e26-0-25:06:00
Green-B,Green-B-9-Weekday-e7e26-0-25:12:00
Green-B,Green-B-9-Weekday-e7e26-0-25:18:00
Green-B,Green-B-9-Weekday-e7e26-0-25:24:00
Green-B,Green-B-9-Weekday-e7e26-1-05:20:00
Green-B,Green-B-9-Weekday-e7e26-1-05:28:00
Green-B,Green-B-9-Weekday-e7e26-1-05:36:00
Green-B,Green-B-9-Weekday-e7e26-1-05:44:00
Green-B,Green-B-9-Weekday-e7e26-1-05:52:00
Green-B,Green-B-9-Weekday-e7e26-1-06:00:00
Green-B,Green-B-9-Weekday-e7e26-1-06:10:00
Green-B,Green-B-9-Weekday-e7e26-1-06:20:00
Green-B,Green-B-9-Weekday-e7e26-1-06:30:00
Green-B,Green-B-9-Weekday-e7e26-1-06:40:00
Green-B,Green-B-9-Weekday-e7e26-1-06:50:00
Green-B,Green-B-9-Weekday-e7e26-1-07:00:00
Green-B,Green-B-9-Weekday-e7e26-1-07:06:00
Green-B,Green-B-9-Weekday-e7e26-1-07:12:00
Green-B,Green-B-9-Weekday-e7e26-1-07:18:00
Green-B,Green-B-9-Weekday-e7e26-1-07:24:00
Green-B,Green-B-9-Weekday-e7e26-1-07:30:00
Green-B,Green-B-9-Weekday-e7e26-1-07:36:00
Green-B,Green-B-9-Weekday-e7e26-1-07:42:00
Green-B,Green-B-9-Weekday-e7e26-1-07:48:00
Green-B,Green-B-9-Weekday-e7e26-1-07:54:00
Green-B,Green-B-9-Weekday-e7e26-1-08:00:00
Green-B,Green-B-9-Weekday-e7e26-1-08:07:00
Green-B,Green-B-9-Weekday-e7e26-1-08:14:00
Green-B,Green-B-9-Weekday-e7e26-1-08:21:00
Green-B,Green-B-9-Weekday-e7e26-1-08:28:00
Green-B,Green-B-9-Weekday-e7e26-1-08:35:00
Green-B,Green-B-9-Weekday-e7e26-1-08:42:00
Green-B,Green-B-9-Weekday-e7e26-1-08:49:00
Green-B,Green-B-9-Weekday-e7e26-1-08:56:00
Green-B,Green-B-9-Weekday-e7e26-1-09:03:00
Green-B,Green-B-9-Weekday-e7e26-1-09:09:00
Green-B,Green-B-9-Weekday-e7e26-1-09:15:00
Green-B,Green-B-9-Weekday-e7e26-1-09:21:00
Green-B,Green-B-9-Weekday-e7e26-1-09:27:00
Green-B,Green-B-9-Weekday-e7e26-1-09:33:00
Green-B,Green-B-9-Weekday-e7e26-1-09:39:00
Green-B,Green-B-9-Weekday-e7e26-1-09:45:00
Green-B,Green-B-9-Weekday-e7e26-1-09:51:00
Green-B,Green-B-9-Weekday-e7e26-1-09:57:00
Green-B,Green-B-9-Weekday-e7e26-1-10:03:00
Green-B,Green-B-9-Weekday-e7e26-1-10:13:00
Green-B,Green-B-9-Weekday-e7e26-1-10:23:00
Green-B,Green-B-9-Weekday-e7e26-1-10:33:00
Green-B,Green-B-9-Weekday-e7e26-1-10:43:00
Green-B,Green-B-9-Weekday-e7e26-1-10:53:00
Green-B,Green-B-9-Weekday-e7e26-1-11:03:00
Green-B,Green-B-9-Weekday-e7e26-1-11:13:00
Green-B,Green-B-9-Weekday-e7e26-1-11:23:00
Green-B,Green-B-9-Weekday-e7e26-1-11:33:00
Green-B,Green-B-9-Weekday-e7e26-1-11:43:00
Green-B,Green-B-9-Weekday-e7e26-1-11:53:00
Green-B,Green-B-9-Weekday-e7e26-1-12:03:00
Green-B,Green-B-9-Weekday-e7e26-1-12:13:00
Green-B,Green-B-9-Weekday-e7e26-1-12:23:00
Green-B,Green-B-9-Weekday-e7e26-1-12:33:00
Green-B,Green-B-9-Weekday-e7e26-1-12:43:00
Green-B,Green-B-9-Weekday-e7e26-1-12:53:00
Green-B,Green-B-9-Weekday-e7e26-1-13:03:00
Green-B,Green-B-9-Weekday-e7e26-1-13:13:00
Green-B,Green-B-9-Weekday-e7e26-1-13:23:00
Green-B,Green-B-9-Weekday-e7e26-1-13:33:00
Green-B,Green-B-9-Weekday-e7e26-1-13:43:00
Green-B,Green-B-9-Weekday-e7e26-1-13:53:00
Green-B,Green-B-9-Weekday-e7e26-1-14:03:00
Green-B,Green-B-9-Weekday-e7e26-1-14:12:00
Green-B,Green-B-9-Weekday-e7e26-1-14:21:00
Green-B,Green-B-9-Weekday-e7e26-1-14:30:00
Green-B,Green-B-9-Weekday-e7e26-1-14:39:00
Green-B,Green-B-9-Weekday-e7e26-1-14:48:00
Green-B,Green-B-9-Weekday-e7e26-1-14:57:00
Green-B,Green-B-9-Weekday-e7e26-1-15:06:00
Green-B,Green-B-9-Weekday-e7e26-1-15:13:00
Green-B,Green-B-9-Weekday-e7e26-1-15:20:00
Green-B,Green-B-9-Weekday-e7e26-1-15:27:00
Green-B,Green-B-9-Weekday-e7e26-1-15:34:00
Green-B,Green-B-9-Weekday-e7e26-1-15:41:00
Green-B,Green-B-9-Weekday-e7e26-1-15:48:00
Green-B,Green-B-9-Weekday-e7e26-1-15:55:00
Green-B,Green-B-9-Weekday-e7e26-1-16:02:00
Green-B,Green-B-9-Weekday-e7e26-1-16:09:00
Green-B,Green-B-9-Weekday-e7e26-1-16:16:00
Green-B,Green-B-9-Weekday-e7e26-1-16:23:00
Green-B,Green-B-9-Weekday-e7e26-1-16:30:00
Green-B,Green-B-9-Weekday-e7e26-1-16:37:00
Green-B,Green-B-9-Weekday-e7e26-1-16:44:00
Green-B,Green-B-9-Weekday-e7e26-1-16:51:00
Green-B,Green-B-9-Weekday-e7e26-1-16:58:00
Green-B,Green-B-9-Weekday-e7e26-1-17:05:00
Green-B,Green-B-9-Weekday-e7e26-1-17:12:00
Green-B,Green-B-9-Weekday-e7e26-1-17:19:00
Green-B,Green-B-9-Weekday-e7e26-1-17:26:00
Green-B,Green-B-9-Weekday-e7e26-1-17:33:00
Green-B,Green-B-9-Weekday-e7e26-1-17:40:00
Green-B,Green-B-9-Weekday-e7e26-1-17:47:00
Green-B,Green-B-9-Weekday-e7e26-1-17:54:00
Green-B,Green-B-9-Weekday-e7e26-1-18:01:00
Green-B,Green-B-9-Weekday-e7e26-1-18:07:00
Green-B,Green-B-9-Weekday-e7e26-1-18:13:00
Green-B,Green-B-9-Weekday-e7e26-1-18:19:00
Green-B,Green-B-9-Weekday-e7e26-1-18:25:00
Green-B,Green-B-9-Weekday-e7e26-1-18:31:00
Green-B,Green-B-9-Weekday-e7e26-1-18:37:00
Green-B,Green-B-9-Weekday-e7e26-1-18:43:00
Green-B,Green-B-9-Weekday-e7e26-1-18:49:00
Green-B,Green-B-9-Weekday-e7e26-1-18:55:00
Green-B,Green-B-9-Weekday-e7e26-1-19:01:00
Green-B,Green-B-9-Weekday-e7e26-1-19:09:00
Green-B,Green-B-9-Weekday-e7e26-1-19:17:00
Green-B,Green-B-9-Weekday-e7e26-1-19:25:00
Green-B,Green-B-9-Weekday-e7e26-1-19:33:00
Green-B,Green-B-9-Weekday-e7e26-1-19:41:00
Green-B,Green-B-9-Weekday-e7e26-1-19:49:00
Green-B,Green-B-9-Weekday-e7e26-1-19:57:00
Green-B,Green-B-9-Weekday-e7e26-1-20:05:00
Green-B,Green-B-9-Weekday-e7e26-1-20:13:00
Green-B,Green-B-9-Weekday-e7e26-1-20:21:00
Green-B,Green-B-9-Weekday-e7e26-1-20:29:00
Green-B,Green-B-9-Weekday-e7e26-1-20:37:00
Green-B,Green-B-9-Weekday-e7e26-1-20:45:00
Green-B,Green-B-9-Weekday-e7e26-1-20:53:00
Green-B,Green-B-9-Weekday-e7e26-1-21:01:00
Green-B,Green-B-9-Weekday-e7e26-1-21:08:00
Green-B,Green-B-9-Weekday-e7e26-1-21:15:00
Green-B,Green-B-9-Weekday-e7e26-1-21:22:00
Green-B,Green-B-9-Weekday-e7e26-1-21:29:00
Green-B,Green-B-9-Weekday-e7e26-1-21:36:00
Green-B,Green-B-9-Weekday-e7e26-1-21:43:00
Green-B,Green-B-9-Weekday-e7e26-1-21:50:00
Green-B,Green-B-9-Weekday-e7e26-1-21:57:00
Green-B,Green-B-9-Weekday-e7e26-1-22:04:00
Green-B,Green-B-9-Weekday-e7e26-1-22:11:00
Green-B,Green-B-9-Weekday-e7e26-1-22:18:00
Green-B,Green-B-9-Weekday-e7e26-1-22:25:00
Green-B,Green-B-9-Weekday-e7e26-1-22:32:00
Green-B,Green-B-9-Weekday-e7e26-1-22:39:00
Green-B,Green-B-9-Weekday-e7e26-1-22:46:00
Green-B,Green-B-9-Weekday-e7e26-1-22:53:00
Green-B,Green-B-9-Weekday-e7e26-1-23:00:00
Green-B,Green-B-9-Weekday-e7e26-1-23:06:00
Green-B,Green-B-9-Weekday-e7e26-1-23:12:00
Green-B,Green-B-9-Weekday-e7e26-1-23:18:00
Green-B,Green-B-9-Weekday-e7e26-1-23:24:00
Green-B,Green-B-9-Weekday-e7e26-1-23:30:00
Green-B,Green-B-9-Weekday-e7e26-1-23:36:00
Green-B,Green-B-9-Weekday-e7e26-1-23:42:00
Green-B,Green-B-9-Weekday-e7e26-1-23:48:00
Green-B,Green-B-9-Weekday-e7e26-1-23:54:00
Green-B,Green-B-9-Weekday-e7e26-1-24:00:00
Green-B,Green-B-9-Weekday-e7e26-1-24:06:00
Green-B,Green-B-9-Weekday-e7e26-1-24:12:00
Green-B,Green-B-9-Weekday-e7e26-1-24:18:00
Green-B,Green-B-9-Weekday-e7e26-1-24:24:00
Green-B,Green-B-9-Weekday-e7e26-1-24:30:00
Green-B,Green-B-9-Weekday-e7e26-1-24:36:00
Green-B,Green-B-9-Weekday-e7e26-1-24:41:00
