from_stop_id,to_stop_id,transfer_type,min_transfer_time,min_walk_time,min_wheelchair_time,suggested_buffer_time,wheelchair_transfer,from_trip_id,to_trip_id
FR-0301-02,FR-0301-01,0,,,,,,NorthBase-825665-1427,NorthBase-825779-429
FR-0301-02,FR-0301-02,0,,,,,,NorthBase-825766-406,NorthBase-825657-1408
WML-0199-02,WML-0199-01,0,,,,,,FBWMLConstruction-859808-1561,FBWMLConstruction-859882-565
WML-0199-02,WML-0199-02,0,,,,,,FBWMLConstruction-859805-1551,FBWMLConstruction-859878-553
WML-0199-02,WML-0199-02,0,,,,,,FBWMLConstruction-859806-1555,FBWMLConstruction-859880-559
WML-0199-02,WML-0199-02,0,,,,,,FBWMLConstruction-859810-1567,FBWMLConstruction-859884-571
WML-0199-02,WML-0199-02,0,,,,,,FBWMLConstruction-859873-510,FBWMLConstruction-859802-1512
WML-0199-02,WML-0199-02,0,,,,,,FBWMLConstruction-859874-514,FBWMLConstruction-859803-1516
WML-0199-02,WML-0199-02,0,,,,,,FBWMLConstruction-859876-518,FBWMLConstruction-860280-1522
WML-0214-01,WML-0214-01,0,,,,,,FBWMLConstruction-859801-1511,FBWMLConstruction-859875-515
WML-0214-02,WML-0214-01,0,,,,,,FBWMLConstruction-859879-556,FBWMLConstruction-859807-1558
WML-0214-02,WML-0214-01,0,,,,,,FBWMLConstruction-859881-560,FBWMLConstruction-859809-1562
WML-0214-02,WML-0214-02,0,,,,,,FBWMLConstruction-859877-520,FBWMLConstruction-860280-1522
FB-0095-04,NEC-2192-02,1,,,,,,FBWMLConstruction-860116-776,FBWMLConstruction-859927-874
FB-0095-04,NEC-2192-02,1,,,,,,FBWMLConstruction-860139-1708,FBWMLConstruction-859938-908
FB-0095-04,NEC-2192-02,1,,,,,,FBWMLConstruction-860176-784,FBWMLConstruction-859966-984
FB-0095-04,NEC-2192-02,1,,,,,,FBWMLConstruction-860204-792,FBWMLConstruction-859934-892
FB-0095-04,NEC-2192-02,1,,,,,,FBWMLConstruction-860214-1756,FBWMLConstruction-859920-856
FB-0095-04,NEC-2192-02,1,,,,,,Route24Bridge-866646-5706,Route24Bridge-866500-5806
FB-0095-04,NEC-2192-02,1,,,,,,Route24Bridge-866702-5792,Route24Bridge-866518-5892
FB-0095-04,NEC-2192-02,1,,,,,,Route24Bridge-866704-5724,Route24Bridge-866503-5824
FB-0095-04,NEC-2192-02,1,,,,,,Route24Bridge-866718-5784,Route24Bridge-866516-5884
FB-0095-04,NEC-2192-02,1,,,,,,Route24Bridge-866721-5768,Route24Bridge-866513-5868
FB-0095-04,NEC-2192-02,1,,,,,,Route24Bridge-866722-5778,Route24Bridge-866515-5878
FB-0095-04,NEC-2192-02,1,,,,,,Route24Bridge-866724-5754,Route24Bridge-866511-5856
FB-0095-04,NEC-2192-02,1,,,,,,Route24Bridge-866726-5730,Route24Bridge-866504-5830
FB-0095-04,NEC-2192-02,1,,,,,,Route24Bridge-866728-5738,Route24Bridge-866506-5838
FB-0095-04,NEC-2192-02,1,,,,,,Route24Bridge-866730-5746,Route24Bridge-866508-5846
FB-0095-04,NEC-2192-02,1,,,,,,SouthBase-830375-5706,SouthBase-793087-5806
FB-0095-04,NEC-2192-02,1,,,,,,SouthBase-830431-5792,SouthBase-793105-5892
FB-0095-04,NEC-2192-02,1,,,,,,SouthBase-830433-5724,SouthBase-793090-5824
FB-0095-04,NEC-2192-02,1,,,,,,SouthBase-830447-5784,SouthBase-793103-5884
FB-0095-04,NEC-2192-02,1,,,,,,SouthBase-830450-5768,SouthBase-793100-5868
FB-0095-04,NEC-2192-02,1,,,,,,SouthBase-830451-5778,SouthBase-793102-5878
FB-0095-04,NEC-2192-02,1,,,,,,SouthBase-830453-5754,SouthBase-793098-5856
FB-0095-04,NEC-2192-02,1,,,,,,SouthBase-830455-5730,SouthBase-793091-5830
FB-0095-04,NEC-2192-02,1,,,,,,SouthBase-830457-5738,SouthBase-793093-5838
FB-0095-04,NEC-2192-02,1,,,,,,SouthBase-830459-5746,SouthBase-793095-5846
MM-0109-S,MM-0109-S,1,,,,,,FBWMLConstruction-859856-2047,FBWMLConstruction-859776-1047
MM-0109-S,MM-0109-S,1,,,,,,Route24Bridge-866805-7047,Route24Bridge-866536-6047
MM-0109-S,MM-0109-S,1,,,,,,SouthBase-793184-7047,SouthBase-793124-6047
NBM-0374-01,NBM-0374-02,1,,,,,,FBWMLConstruction-859812-1905,FBWMLConstruction-859857-2055
NBM-0374-01,NBM-0374-02,1,,,,,,FBWMLConstruction-859814-1909,FBWMLConstruction-859858-2059
NBM-0374-01,NBM-0374-02,1,,,,,,FBWMLConstruction-859815-1911,FBWMLConstruction-859859-2061
NBM-0374-01,NBM-0374-02,1,,,,,,FBWMLConstruction-859817-1915,FBWMLConstruction-859861-2065
NBM-0374-01,NBM-0374-02,1,,,,,,FBWMLConstruction-859818-1917,FBWMLConstruction-859862-2067
NBM-0374-01,NBM-0374-02,1,,,,,,FBWMLConstruction-859819-1919,FBWMLConstruction-859863-2069
NBM-0374-01,NBM-0374-02,1,,,,,,FBWMLConstruction-859820-1925,FBWMLConstruction-859864-2075
NBM-0374-01,NBM-0374-02,1,,,,,,FBWMLConstruction-859823-1939,FBWMLConstruction-859866-2089
NBM-0374-01,NBM-0374-02,1,,,,,,FBWMLConstruction-859843-2021,FBWMLConstruction-859828-1971
NBM-0374-01,NBM-0374-02,1,,,,,,FBWMLConstruction-859850-2033,FBWMLConstruction-859834-1983
NBM-0374-01,NBM-0374-02,1,,,,,,FBWMLConstruction-859852-2037,FBWMLConstruction-859836-1987
NBM-0374-01,NBM-0374-02,1,,,,,,FBWMLConstruction-859854-2041,FBWMLConstruction-859838-1991
NBM-0374-01,NBM-0374-02,1,,,,,,SouthBase-793179-7029,SouthBase-793169-6979
NBM-0374-02,NBM-0374-01,1,,,,,,FBWMLConstruction-859826-1960,FBWMLConstruction-859841-2010
NBM-0374-02,NBM-0374-01,1,,,,,,FBWMLConstruction-859827-1966,FBWMLConstruction-859842-2016
NBM-0374-02,NBM-0374-01,1,,,,,,FBWMLConstruction-859829-1972,FBWMLConstruction-859844-2022
NBM-0374-02,NBM-0374-01,1,,,,,,FBWMLConstruction-859830-1974,FBWMLConstruction-859845-2024
NBM-0374-02,NBM-0374-01,1,,,,,,FBWMLConstruction-859831-1976,FBWMLConstruction-859846-2026
NBM-0374-02,NBM-0374-01,1,,,,,,FBWMLConstruction-859832-1978,FBWMLConstruction-859847-2028
NBM-0374-02,NBM-0374-01,1,,,,,,FBWMLConstruction-859833-1980,FBWMLConstruction-859849-2030
NBM-0374-02,NBM-0374-01,1,,,,,,FBWMLConstruction-859835-1984,FBWMLConstruction-859851-2034
NBM-0374-02,NBM-0374-01,1,,,,,,FBWMLConstruction-859837-1988,FBWMLConstruction-859853-2038
NBM-0374-02,NBM-0374-01,1,,,,,,FBWMLConstruction-859839-1994,FBWMLConstruction-859855-2044
NBM-0374-02,NBM-0374-01,1,,,,,,FBWMLConstruction-859860-2062,FBWMLConstruction-859816-1912
NBM-0374-02,NBM-0374-01,1,,,,,,FBWMLConstruction-859865-2086,FBWMLConstruction-859822-1936
NBM-0374-02,NBM-0374-01,1,,,,,,FBWMLConstruction-859867-2092,FBWMLConstruction-859824-1942
NEC-2192-03,FB-0095-04,1,,,,,,FBWMLConstruction-859928-875,FBWMLConstruction-860142-1775
NEC-2192-03,FB-0095-04,1,,,,,,FBWMLConstruction-859931-885,FBWMLConstruction-860158-1785
NEC-2192-03,FB-0095-04,1,,,,,,FBWMLConstruction-859935-893,FBWMLConstruction-860205-793
NEC-2192-03,FB-0095-04,1,,,,,,Route24Bridge-866501-5815,Route24Bridge-866651-5715
NEC-2192-03,FB-0095-04,1,,,,,,Route24Bridge-866502-5821,Route24Bridge-866703-5721
NEC-2192-03,FB-0095-04,1,,,,,,Route24Bridge-866505-5831,Route24Bridge-866727-5731
NEC-2192-03,FB-0095-04,1,,,,,,Route24Bridge-866507-5839,Route24Bridge-866729-5739
NEC-2192-03,FB-0095-04,1,,,,,,Route24Bridge-866509-5847,Route24Bridge-866732-5747
NEC-2192-03,FB-0095-04,1,,,,,,Route24Bridge-866510-5855,Route24Bridge-866725-5755
NEC-2192-03,FB-0095-04,1,,,,,,Route24Bridge-866512-5867,Route24Bridge-866723-5767
NEC-2192-03,FB-0095-04,1,,,,,,Route24Bridge-866514-5877,Route24Bridge-866731-5777
NEC-2192-03,FB-0095-04,1,,,,,,Route24Bridge-866517-5885,Route24Bridge-866720-5785
NEC-2192-03,FB-0095-04,1,,,,,,Route24Bridge-866519-5893,Route24Bridge-866700-5793
NEC-2192-03,FB-0095-04,1,,,,,,SouthBase-793088-5815,SouthBase-830380-5715
NEC-2192-03,FB-0095-04,1,,,,,,SouthBase-793089-5821,SouthBase-830432-5721
NEC-2192-03,FB-0095-04,1,,,,,,SouthBase-793092-5831,SouthBase-830456-5731
NEC-2192-03,FB-0095-04,1,,,,,,SouthBase-793094-5839,SouthBase-830458-5739
NEC-2192-03,FB-0095-04,1,,,,,,SouthBase-793096-5847,SouthBase-830461-5747
NEC-2192-03,FB-0095-04,1,,,,,,SouthBase-793097-5855,SouthBase-830454-5755
NEC-2192-03,FB-0095-04,1,,,,,,SouthBase-793099-5867,SouthBase-830452-5767
NEC-2192-03,FB-0095-04,1,,,,,,SouthBase-793101-5877,SouthBase-830460-5777
NEC-2192-03,FB-0095-04,1,,,,,,SouthBase-793104-5885,SouthBase-830449-5785
NEC-2192-03,FB-0095-04,1,,,,,,SouthBase-793106-5893,SouthBase-830429-5793
NEC-2237-03,NEC-2237-05,1,,,,,,FBWMLConstruction-859933-889,FBWMLConstruction-860199-689
NEC-2237-03,NEC-2237-05,1,,,,,,FBWMLConstruction-859935-893,FBWMLConstruction-860196-693
10642,70001,2,133,73,148,60,1,,
10642,875,2,225,105,190,120,1,,
10642,Forest Hills-01,2,133,73,148,60,1,,
10642,Forest Hills-02,2,133,73,148,60,1,,
10642,NEC-2237,2,454,154,259,300,1,,
10642,NEC-2237-03,2,454,154,259,300,1,,
10642,NEC-2237-05,2,454,154,259,300,1,,
11384,176,2,178,58,75,120,1,,
11384,23391,2,196,76,99,120,1,,
11384,70014,2,136,76,131,60,1,,
11384,70015,2,136,76,131,60,1,,
11384,NEC-2276,2,338,38,49,300,1,,
11384,NEC-2276-01,2,371,71,144,300,1,,
11384,NEC-2276-02,2,370,70,167,300,1,,
11384,NEC-2276-03,2,371,71,144,300,1,,
11384,WML-0012-05,2,443,143,233,300,1,,
11384,WML-0012-07,2,443,143,233,300,1,,
11531,70006,2,115,55,126,60,1,,
11531,70007,2,115,55,126,60,1,,
121,70085,2,255,195,299,60,1,,
121,70086,2,255,195,299,60,1,,
121,70095,2,251,191,294,60,1,,
121,70096,2,251,191,294,60,1,,
121,MM-0023-S,2,388,88,114,300,1,,
1222,1258,2,230,110,142,120,1,,
1222,1323,2,223,103,133,120,1,,
1222,1357,2,207,87,113,120,1,,
1222,70008,2,212,152,243,60,1,,
1222,70009,2,212,152,243,60,1,,
1258,1222,2,230,110,142,120,1,,
1258,1323,2,180,60,77,120,1,,
1258,1357,2,164,44,57,120,1,,
1258,70008,2,168,108,187,60,1,,
1258,70009,2,168,108,187,60,1,,
13,70083,2,145,85,169,60,1,,
13,70084,2,143,83,167,60,1,,
1323,1222,2,223,103,133,120,1,,
1323,1258,2,180,60,77,120,1,,
1323,1357,2,157,37,48,120,1,,
1323,70008,2,161,101,178,60,1,,
1323,70009,2,161,101,178,60,1,,
1357,1222,2,207,87,113,120,1,,
1357,1258,2,164,44,57,120,1,,
1357,1323,2,157,37,48,120,1,,
1357,70008,2,145,85,158,60,1,,
1357,70009,2,145,85,158,60,1,,
14112,14118,2,187,67,87,120,1,,
14112,14120,2,159,39,50,120,1,,
14112,14121,2,169,49,63,120,1,,
14112,14122,2,183,63,81,120,1,,
14112,14123,2,198,78,101,120,1,,
14112,70061,2,238,178,286,60,1,,
14112,9070061,2,183,63,82,120,1,,
14112,Alewife-01,2,238,178,286,60,1,,
14112,Alewife-02,2,238,178,286,60,1,,
14118,14112,2,187,67,87,120,1,,
14118,14120,2,157,37,48,120,1,,
14118,14121,2,167,47,61,120,1,,
14118,14122,2,181,61,79,120,1,,
14118,14123,2,196,76,99,120,1,,
14118,70061,2,237,177,284,60,1,,
14118,9070061,2,182,62,80,120,1,,
14118,Alewife-01,2,237,177,284,60,1,,
14118,Alewife-02,2,237,177,284,60,1,,
14120,14112,2,159,39,50,120,1,,
14120,14118,2,157,37,48,120,1,,
14120,14121,2,139,19,24,120,1,,
14120,14122,2,153,33,42,120,1,,
14120,14123,2,168,48,62,120,1,,
14120,70061,2,208,148,247,60,1,,
14120,9070061,2,153,33,43,120,1,,
14120,Alewife-01,2,208,148,247,60,1,,
14120,Alewife-02,2,208,148,247,60,1,,
14121,14112,2,169,49,63,120,1,,
14121,14118,2,167,47,61,120,1,,
14121,14120,2,139,19,24,120,1,,
14121,14122,2,162,42,55,120,1,,
14121,14123,2,178,58,75,120,1,,
14121,70061,2,218,158,260,60,1,,
14121,9070061,2,163,43,56,120,1,,
14121,Alewife-01,2,218,158,260,60,1,,
14121,Alewife-02,2,218,158,260,60,1,,
14122,14112,2,183,63,81,120,1,,
14122,14118,2,181,61,79,120,1,,
14122,14120,2,153,33,42,120,1,,
14122,14121,2,162,42,55,120,1,,
14122,14123,2,192,72,93,120,1,,
14122,70061,2,232,172,278,60,1,,
14122,9070061,2,177,57,74,120,1,,
14122,Alewife-01,2,232,172,278,60,1,,
14122,Alewife-02,2,232,172,278,60,1,,
14123,14112,2,198,78,101,120,1,,
14123,14118,2,196,76,99,120,1,,
14123,14120,2,168,48,62,120,1,,
14123,14121,2,178,58,75,120,1,,
14123,14122,2,192,72,93,120,1,,
14123,70061,2,248,188,298,60,1,,
14123,9070061,2,193,73,94,120,1,,
14123,Alewife-01,2,248,188,298,60,1,,
14123,Alewife-02,2,248,188,298,60,1,,
150,151,2,143,23,29,120,1,,
150,70081,2,112,52,138,60,1,,
150,70082,2,112,52,138,60,1,,
151,150,2,143,23,29,120,1,,
151,70081,2,121,61,150,60,1,,
151,70082,2,121,61,150,60,1,,
15796,15797,2,141,21,27,120,1,,
15796,15798,2,157,37,48,120,1,,
15796,15799,2,177,57,74,120,1,,
15796,15800,2,197,77,100,120,1,,
15796,70059,2,136,76,96,60,1,,
15796,70060,2,243,183,261,60,1,,
15797,15796,2,141,21,27,120,1,,
15797,15798,2,142,22,28,120,1,,
15797,15799,2,162,42,55,120,1,,
15797,15800,2,183,63,81,120,1,,
15797,70059,2,121,61,77,60,1,,
15797,70060,2,228,168,242,60,1,,
15798,15796,2,157,37,48,120,1,,
15798,15797,2,142,22,28,120,1,,
15798,15799,2,178,58,75,120,1,,
15798,15800,2,198,78,101,120,1,,
15798,70059,2,137,77,97,60,1,,
15798,70060,2,244,184,263,60,1,,
15799,15796,2,177,57,74,120,1,,
15799,15797,2,162,42,55,120,1,,
15799,15798,2,178,58,75,120,1,,
15799,15800,2,219,99,128,120,1,,
15799,70059,2,158,98,123,60,1,,
15799,70060,2,264,204,289,60,1,,
15800,15796,2,197,77,100,120,1,,
15800,15797,2,183,63,81,120,1,,
15800,15798,2,198,78,101,120,1,,
15800,15799,2,219,99,128,120,1,,
15800,70059,2,178,118,150,60,1,,
15800,70060,2,284,224,315,60,1,,
15879,15880,2,132,12,15,120,1,,
15879,5879,2,179,59,161,120,1,,
15879,5880,2,179,59,161,120,1,,
15879,70051,2,106,46,140,60,1,,
15879,70052,2,80,20,24,60,1,,
15880,15879,2,132,12,15,120,1,,
15880,5879,2,179,59,161,120,1,,
15880,5880,2,179,59,161,120,1,,
15880,70051,2,106,46,140,60,1,,
15880,70052,2,80,20,24,60,1,,
176,11384,2,178,58,75,120,1,,
176,23391,2,236,116,150,120,1,,
176,70014,2,172,112,178,60,1,,
176,70015,2,172,112,178,60,1,,
176,NEC-2276,2,359,59,76,300,1,,
176,NEC-2276-01,2,406,106,189,300,1,,
176,NEC-2276-02,2,392,92,195,300,1,,
176,NEC-2276-03,2,406,106,189,300,1,,
176,WML-0012-05,2,486,186,289,300,1,,
176,WML-0012-07,2,486,186,289,300,1,,
17861,17862,2,182,62,141,120,1,,
17861,17863,2,171,51,126,120,1,,
17861,17865,2,161,41,113,120,1,,
17861,17866,2,175,55,132,120,1,,
17861,17867,2,171,51,119,120,1,,
17861,17868,2,172,52,121,120,1,,
17861,17869,2,177,57,128,120,1,,
17861,17870,2,185,65,138,120,1,,
17861,17871,2,191,71,146,120,1,,
17861,70010,2,115,55,144,60,1,,
17861,70011,2,115,55,144,60,1,,
17861,NEC-2265,2,325,25,32,300,1,,
17861,NEC-2265-01,2,344,44,107,300,1,,
17861,NEC-2265-02,2,462,162,270,300,1,,
17861,NEC-2265-03,2,344,44,107,300,1,,
17862,17861,2,182,62,141,120,1,,
17862,17863,2,133,13,17,120,1,,
17862,17865,2,149,29,37,120,1,,
17862,17866,2,164,44,56,120,1,,
17862,17867,2,136,16,21,120,1,,
17862,17868,2,149,29,37,120,1,,
17862,17869,2,138,18,24,120,1,,
17862,17870,2,146,26,34,120,1,,
17862,17871,2,152,32,41,120,1,,
17862,70010,2,132,72,226,60,1,,
17862,70011,2,132,72,226,60,1,,
17862,NEC-2265,2,347,47,121,300,1,,
17862,NEC-2265-01,2,356,56,182,300,1,,
17862,NEC-2265-02,2,441,141,183,300,1,,
17862,NEC-2265-03,2,356,56,182,300,1,,
17863,17861,2,171,51,126,120,1,,
17863,17862,2,133,13,17,120,1,,
17863,17865,2,136,16,21,120,1,,
17863,17866,2,151,31,40,120,1,,
17863,17867,2,148,28,36,120,1,,
17863,17868,2,154,34,43,120,1,,
17863,17869,2,150,30,39,120,1,,
17863,17870,2,158,38,49,120,1,,
17863,17871,2,164,44,56,120,1,,
17863,70010,2,121,61,211,60,1,,
17863,70011,2,121,61,211,60,1,,
17863,NEC-2265,2,336,36,106,300,1,,
17863,NEC-2265-01,2,344,44,167,300,1,,
17863,NEC-2265-02,2,438,138,178,300,1,,
17863,NEC-2265-03,2,344,44,167,300,1,,
17865,17861,2,161,41,113,120,1,,
17865,17862,2,149,29,37,120,1,,
17865,17863,2,136,16,21,120,1,,
17865,17866,2,135,15,19,120,1,,
17865,17867,2,164,44,56,120,1,,
17865,17868,2,149,29,38,120,1,,
17865,17869,2,159,39,51,120,1,,
17865,17870,2,160,40,52,120,1,,
17865,17871,2,166,46,60,120,1,,
17865,70010,2,111,51,198,60,1,,
17865,70011,2,111,51,198,60,1,,
17865,NEC-2265,2,326,26,93,300,1,,
17865,NEC-2265-01,2,334,34,154,300,1,,
17865,NEC-2265-02,2,427,127,165,300,1,,
17865,NEC-2265-03,2,334,34,154,300,1,,
17866,17861,2,175,55,132,120,1,,
17866,17862,2,164,44,56,120,1,,
17866,17863,2,151,31,40,120,1,,
17866,17865,2,135,15,19,120,1,,
17866,17867,2,152,32,41,120,1,,
17866,17868,2,152,32,42,120,1,,
17866,17869,2,145,25,33,120,1,,
17866,17870,2,153,33,43,120,1,,
17866,17871,2,159,39,51,120,1,,
17866,70010,2,125,65,217,60,1,,
17866,70011,2,125,65,217,60,1,,
17866,NEC-2265,2,340,40,112,300,1,,
17866,NEC-2265-01,2,349,49,173,300,1,,
17866,NEC-2265-02,2,413,113,147,300,1,,
17866,NEC-2265-03,2,349,49,173,300,1,,
17867,17861,2,171,51,119,120,1,,
17867,17862,2,136,16,21,120,1,,
17867,17863,2,148,28,36,120,1,,
17867,17865,2,164,44,56,120,1,,
17867,17866,2,152,32,41,120,1,,
17867,17868,2,135,15,20,120,1,,
17867,17869,2,151,31,40,120,1,,
17867,17870,2,159,39,51,120,1,,
17867,17871,2,166,46,59,120,1,,
17867,70010,2,119,59,203,60,1,,
17867,70011,2,119,59,203,60,1,,
17867,NEC-2265,2,333,33,97,300,1,,
17867,NEC-2265-01,2,353,53,172,300,1,,
17867,NEC-2265-02,2,434,134,173,300,1,,
17867,NEC-2265-03,2,353,53,172,300,1,,
17868,17861,2,172,52,121,120,1,,
17868,17862,2,149,29,37,120,1,,
17868,17863,2,154,34,43,120,1,,
17868,17865,2,149,29,38,120,1,,
17868,17866,2,152,32,42,120,1,,
17868,17867,2,135,15,20,120,1,,
17868,17869,2,135,15,19,120,1,,
17868,17870,2,144,24,30,120,1,,
17868,17871,2,150,30,38,120,1,,
17868,70010,2,120,60,205,60,1,,
17868,70011,2,120,60,205,60,1,,
17868,NEC-2265,2,334,34,99,300,1,,
17868,NEC-2265-01,2,354,54,174,300,1,,
17868,NEC-2265-02,2,434,134,174,300,1,,
17868,NEC-2265-03,2,354,54,174,300,1,,
17869,17861,2,177,57,128,120,1,,
17869,17862,2,138,18,24,120,1,,
17869,17863,2,150,30,39,120,1,,
17869,17865,2,159,39,51,120,1,,
17869,17866,2,145,25,33,120,1,,
17869,17867,2,151,31,40,120,1,,
17869,17868,2,135,15,19,120,1,,
17869,17870,2,128,8,10,120,1,,
17869,17871,2,134,14,18,120,1,,
17869,70010,2,125,65,212,60,1,,
17869,70011,2,125,65,212,60,1,,
17869,NEC-2265,2,340,40,105,300,1,,
17869,NEC-2265-01,2,359,59,180,300,1,,
17869,NEC-2265-02,2,427,127,165,300,1,,
17869,NEC-2265-03,2,359,59,180,300,1,,
17870,17861,2,185,65,138,120,1,,
17870,17862,2,146,26,34,120,1,,
17870,17863,2,158,38,49,120,1,,
17870,17865,2,160,40,52,120,1,,
17870,17866,2,153,33,43,120,1,,
17870,17867,2,159,39,51,120,1,,
17870,17868,2,144,24,30,120,1,,
17870,17869,2,128,8,10,120,1,,
17870,17871,2,126,6,8,120,1,,
17870,70010,2,133,73,222,60,1,,
17870,70011,2,133,73,222,60,1,,
17870,NEC-2265,2,347,47,115,300,1,,
17870,NEC-2265-01,2,367,67,191,300,1,,
17870,NEC-2265-02,2,435,135,175,300,1,,
17870,NEC-2265-03,2,367,67,191,300,1,,
17871,17861,2,191,71,146,120,1,,
17871,17862,2,152,32,41,120,1,,
17871,17863,2,164,44,56,120,1,,
17871,17865,2,161,41,52,120,1,,
17871,17866,2,159,39,51,120,1,,
17871,17867,2,166,46,59,120,1,,
17871,17868,2,150,30,38,120,1,,
17871,17869,2,134,14,18,120,1,,
17871,17870,2,126,6,8,120,1,,
17871,70010,2,139,79,229,60,1,,
17871,70011,2,139,79,229,60,1,,
17871,NEC-2265,2,353,53,123,300,1,,
17871,NEC-2265-01,2,373,73,198,300,1,,
17871,NEC-2265-02,2,441,141,182,300,1,,
17871,NEC-2265-03,2,373,73,198,300,1,,
185,18511,2,146,26,34,120,1,,
185,70275,2,155,35,42,120,1,,
185,70276,2,153,33,40,120,1,,
18511,185,2,146,26,34,120,1,,
18511,70275,2,177,57,71,120,1,,
18511,70276,2,149,29,35,120,1,,
187,188,2,172,52,67,120,1,,
187,70012,2,130,70,135,60,1,,
187,70013,2,130,70,135,60,1,,
188,187,2,172,52,67,120,1,,
188,70012,2,134,74,141,60,1,,
188,70013,2,134,74,141,60,1,,
21917,21918,2,167,47,61,120,1,,
21917,70174,2,267,147,187,120,1,,
21917,70175,2,269,149,189,120,1,,
21918,21917,2,167,47,61,120,1,,
21918,70174,2,243,123,156,120,1,,
21918,70175,2,295,175,224,120,1,,
23391,11384,2,196,76,99,120,1,,
23391,176,2,236,116,150,120,1,,
23391,70014,2,159,99,162,60,1,,
23391,70015,2,159,99,162,60,1,,
23391,NEC-2276,2,363,63,82,300,1,,
23391,NEC-2276-01,2,343,43,108,300,1,,
23391,NEC-2276-02,2,383,83,183,300,1,,
23391,NEC-2276-03,2,343,43,108,300,1,,
23391,WML-0012-05,2,481,181,282,300,1,,
23391,WML-0012-07,2,481,181,282,300,1,,
29001,29002,2,136,16,21,120,1,,
29001,29003,2,145,25,33,120,1,,
29001,29004,2,155,35,45,120,1,,
29001,29005,2,164,44,57,120,1,,
29001,29006,2,174,54,70,120,1,,
29001,29007,2,237,117,141,120,1,,
29001,29008,2,231,111,134,120,1,,
29001,29009,2,241,121,147,120,1,,
29001,29010,2,250,130,158,120,1,,
29001,29011,2,248,128,156,120,1,,
29001,29012,2,256,136,165,120,1,,
29001,29013,2,266,146,179,120,1,,
29001,70030,2,136,76,135,60,1,,
29001,70031,2,136,76,135,60,1,,
29002,29001,2,136,16,21,120,1,,
29002,29003,2,130,10,13,120,1,,
29002,29004,2,139,19,25,120,1,,
29002,29005,2,148,28,37,120,1,,
29002,29006,2,158,38,49,120,1,,
29002,29007,2,216,96,124,120,1,,
29002,29008,2,210,90,116,120,1,,
29002,29009,2,220,100,129,120,1,,
29002,29010,2,229,109,141,120,1,,
29002,29011,2,227,107,139,120,1,,
29002,29012,2,235,115,148,120,1,,
29002,29013,2,245,125,162,120,1,,
29002,70030,2,133,73,129,60,1,,
29002,70031,2,133,73,129,60,1,,
29003,29001,2,145,25,33,120,1,,
29003,29002,2,130,10,13,120,1,,
29003,29004,2,130,10,13,120,1,,
29003,29005,2,139,19,24,120,1,,
29003,29006,2,149,29,37,120,1,,
29003,29007,2,206,86,112,120,1,,
29003,29008,2,201,81,104,120,1,,
29003,29009,2,211,91,117,120,1,,
29003,29010,2,220,100,129,120,1,,
29003,29011,2,218,98,127,120,1,,
29003,29012,2,225,105,136,120,1,,
29003,29013,2,236,116,149,120,1,,
29003,70030,2,131,71,126,60,1,,
29003,70031,2,131,71,126,60,1,,
29004,29001,2,155,35,45,120,1,,
29004,29002,2,139,19,25,120,1,,
29004,29003,2,130,10,13,120,1,,
29004,29005,2,129,9,11,120,1,,
29004,29006,2,139,19,24,120,1,,
29004,29007,2,196,76,99,120,1,,
29004,29008,2,191,71,91,120,1,,
29004,29009,2,201,81,104,120,1,,
29004,29010,2,210,90,116,120,1,,
29004,29011,2,208,88,114,120,1,,
29004,29012,2,215,95,123,120,1,,
29004,29013,2,226,106,136,120,1,,
29004,70030,2,128,68,135,60,1,,
29004,70031,2,128,68,135,60,1,,
29005,29001,2,164,44,57,120,1,,
29005,29002,2,148,28,37,120,1,,
29005,29003,2,139,19,24,120,1,,
29005,29004,2,129,9,11,120,1,,
29005,29006,2,130,10,13,120,1,,
29005,29007,2,188,68,88,120,1,,
29005,29008,2,182,62,80,120,1,,
29005,29009,2,192,72,93,120,1,,
29005,29010,2,201,81,105,120,1,,
29005,29011,2,199,79,103,120,1,,
29005,29012,2,207,87,112,120,1,,
29005,29013,2,217,97,126,120,1,,
29005,70030,2,137,77,135,60,1,,
29005,70031,2,137,77,135,60,1,,
29006,29001,2,174,54,70,120,1,,
29006,29002,2,158,38,49,120,1,,
29006,29003,2,149,29,37,120,1,,
29006,29004,2,139,19,24,120,1,,
29006,29005,2,130,10,13,120,1,,
29006,29007,2,178,58,75,120,1,,
29006,29008,2,172,52,67,120,1,,
29006,29009,2,182,62,80,120,1,,
29006,29010,2,191,71,92,120,1,,
29006,29011,2,189,69,90,120,1,,
29006,29012,2,197,77,99,120,1,,
29006,29013,2,207,87,113,120,1,,
29006,70030,2,146,86,135,60,1,,
29006,70031,2,146,86,135,60,1,,
29007,29001,2,234,114,138,120,1,,
29007,29002,2,214,94,121,120,1,,
29007,29003,2,204,84,109,120,1,,
29007,29004,2,194,74,96,120,1,,
29007,29005,2,186,66,85,120,1,,
29007,29006,2,176,56,72,120,1,,
29007,29008,2,135,15,20,120,1,,
29007,29009,2,146,26,33,120,1,,
29007,29010,2,155,35,45,120,1,,
29007,29011,2,143,23,29,120,1,,
29007,29012,2,150,30,38,120,1,,
29007,29013,2,160,40,51,120,1,,
29007,70030,2,202,142,207,60,1,,
29007,70031,2,202,142,207,60,1,,
29008,29001,2,229,109,131,120,1,,
29008,29002,2,208,88,114,120,1,,
29008,29003,2,199,79,102,120,1,,
29008,29004,2,189,69,89,120,1,,
29008,29005,2,180,60,78,120,1,,
29008,29006,2,170,50,65,120,1,,
29008,29007,2,135,15,20,120,1,,
29008,29009,2,131,11,14,120,1,,
29008,29010,2,140,20,25,120,1,,
29008,29011,2,148,28,36,120,1,,
29008,29012,2,154,34,44,120,1,,
29008,29013,2,164,44,57,120,1,,
29008,70030,2,196,136,200,60,1,,
29008,70031,2,196,136,200,60,1,,
29009,29001,2,239,119,144,120,1,,
29009,29002,2,218,98,127,120,1,,
29009,29003,2,209,89,115,120,1,,
29009,29004,2,199,79,102,120,1,,
29009,29005,2,190,70,91,120,1,,
29009,29006,2,180,60,78,120,1,,
29009,29007,2,146,26,33,120,1,,
29009,29008,2,131,11,14,120,1,,
29009,29010,2,129,9,12,120,1,,
29009,29011,2,158,38,49,120,1,,
29009,29012,2,165,45,58,120,1,,
29009,29013,2,175,55,71,120,1,,
29009,70030,2,206,146,213,60,1,,
29009,70031,2,206,146,213,60,1,,
29010,29001,2,248,128,156,120,1,,
29010,29002,2,227,107,139,120,1,,
29010,29003,2,218,98,126,120,1,,
29010,29004,2,208,88,113,120,1,,
29010,29005,2,199,79,102,120,1,,
29010,29006,2,189,69,89,120,1,,
29010,29007,2,155,35,45,120,1,,
29010,29008,2,140,20,25,120,1,,
29010,29009,2,129,9,12,120,1,,
29010,29011,2,167,47,61,120,1,,
29010,29012,2,174,54,70,120,1,,
29010,29013,2,184,64,83,120,1,,
29010,70030,2,216,156,225,60,1,,
29010,70031,2,216,156,225,60,1,,
29011,29001,2,246,126,153,120,1,,
29011,29002,2,225,105,136,120,1,,
29011,29003,2,216,96,124,120,1,,
29011,29004,2,206,86,111,120,1,,
29011,29005,2,197,77,100,120,1,,
29011,29006,2,187,67,87,120,1,,
29011,29007,2,143,23,29,120,1,,
29011,29008,2,148,28,36,120,1,,
29011,29009,2,158,38,49,120,1,,
29011,29010,2,167,47,61,120,1,,
29011,29012,2,135,15,19,120,1,,
29011,29013,2,145,25,33,120,1,,
29011,70030,2,214,154,222,60,1,,
29011,70031,2,214,154,222,60,1,,
29012,29001,2,253,133,163,120,1,,
29012,29002,2,233,113,146,120,1,,
29012,29003,2,223,103,133,120,1,,
29012,29004,2,213,93,120,120,1,,
29012,29005,2,205,85,110,120,1,,
29012,29006,2,195,75,97,120,1,,
29012,29007,2,150,30,38,120,1,,
29012,29008,2,154,34,44,120,1,,
29012,29009,2,165,45,58,120,1,,
29012,29010,2,174,54,70,120,1,,
29012,29011,2,135,15,19,120,1,,
29012,29013,2,131,11,14,120,1,,
29012,70030,2,221,161,232,60,1,,
29012,70031,2,221,161,232,60,1,,
29013,29001,2,264,144,176,120,1,,
29013,29002,2,243,123,159,120,1,,
29013,29003,2,233,113,147,120,1,,
29013,29004,2,223,103,134,120,1,,
29013,29005,2,215,95,123,120,1,,
29013,29006,2,205,85,110,120,1,,
29013,29007,2,160,40,51,120,1,,
29013,29008,2,164,44,57,120,1,,
29013,29009,2,175,55,71,120,1,,
29013,29010,2,184,64,83,120,1,,
29013,29011,2,145,25,33,120,1,,
29013,29012,2,131,11,14,120,1,,
29013,70030,2,231,171,245,60,1,,
29013,70031,2,231,171,245,60,1,,
3125,70097,2,192,132,208,60,1,,
3125,70098,2,192,132,208,60,1,,
32000,32001,2,174,54,,120,2,,
32000,32002,2,184,64,,120,2,,
32000,32003,2,194,74,,120,2,,
32000,32004,2,203,83,,120,2,,
32000,32005,2,213,93,,120,2,,
32000,70101,2,124,64,,60,2,,
32000,70102,2,124,64,,60,2,,
32000,MM-0079-S,2,364,64,,300,2,,
32001,32000,2,177,57,,120,2,,
32001,32002,2,150,30,39,120,1,,
32001,32003,2,160,40,52,120,1,,
32001,32004,2,169,49,63,120,1,,
32001,32005,2,179,59,76,120,1,,
32001,70101,2,101,41,114,60,1,,
32001,70102,2,101,41,114,60,1,,
32001,MM-0079-S,2,360,60,142,300,1,,
32002,32000,2,187,67,,120,2,,
32002,32001,2,150,30,39,120,1,,
32002,32003,2,170,50,65,120,1,,
32002,32004,2,179,59,76,120,1,,
32002,32005,2,189,69,89,120,1,,
32002,70101,2,111,51,127,60,1,,
32002,70102,2,111,51,127,60,1,,
32002,MM-0079-S,2,370,70,155,300,1,,
32003,32000,2,197,77,,120,2,,
32003,32001,2,160,40,52,120,1,,
32003,32002,2,170,50,65,120,1,,
32003,32004,2,189,69,89,120,1,,
32003,32005,2,199,79,102,120,1,,
32003,70101,2,121,61,140,60,1,,
32003,70102,2,121,61,140,60,1,,
32003,MM-0079-S,2,380,80,167,300,1,,
32004,32000,2,206,86,,120,2,,
32004,32001,2,169,49,63,120,1,,
32004,32002,2,179,59,76,120,1,,
32004,32003,2,189,69,89,120,1,,
32004,32005,2,208,88,114,120,1,,
32004,70101,2,130,70,152,60,1,,
32004,70102,2,130,70,152,60,1,,
32004,MM-0079-S,2,389,89,179,300,1,,
32005,32000,2,216,96,,120,2,,
32005,32001,2,179,59,76,120,1,,
32005,32002,2,189,69,89,120,1,,
32005,32003,2,199,79,102,120,1,,
32005,32004,2,208,88,114,120,1,,
32005,70101,2,140,80,165,60,1,,
32005,70102,2,140,80,165,60,1,,
32005,MM-0079-S,2,399,99,192,300,1,,
32301,32302,2,177,57,14,120,1,,
32301,32303,2,212,92,14,120,1,,
32301,70089,2,148,88,116,60,1,,
32301,70090,2,146,86,114,60,1,,
32302,32301,2,177,57,14,120,1,,
32302,32303,2,154,34,14,120,1,,
32302,70089,2,93,33,116,60,1,,
32302,70090,2,91,31,114,60,1,,
32303,32301,2,212,92,14,120,1,,
32303,32302,2,154,34,14,120,1,,
32303,70089,2,125,65,116,60,1,,
32303,70090,2,123,63,114,60,1,,
334,70093,2,115,55,100,60,1,,
334,70094,2,144,84,138,60,1,,
334,70261,2,208,88,111,120,1,,
38155,70160,2,277,157,200,120,1,,
38155,70161,2,282,162,207,120,1,,
38155,river-B,2,122,2,,120,2,,
38671,70105,2,111,51,101,60,1,,
38671,Braintree-01,2,111,51,101,60,1,,
38671,Braintree-02,2,111,51,101,60,1,,
38671,MM-0109,2,545,245,317,300,1,,
38671,MM-0109-CS,2,545,245,317,300,1,,
38671,MM-0109-S,2,545,245,317,300,1,,
41031,70103,2,112,52,117,60,1,,
41031,70104,2,120,60,127,60,1,,
4510,70039,2,152,92,203,60,1,,
4510,70040,2,152,92,203,60,1,,
4510,70201,2,190,70,129,120,1,,
4510,70202,2,191,71,131,120,1,,
4510,Government Center-Brattle,2,190,70,129,120,1,,
49002,6565,2,178,58,75,120,1,,
49002,70016,2,121,61,154,60,1,,
49002,70017,2,131,71,167,60,1,,
5072,5327,2,225,105,136,120,1,,
5072,53270,2,216,96,124,120,1,,
5072,70034,2,134,74,141,60,1,,
5072,70035,2,134,74,141,60,1,,
5072,WR-0045-S,2,369,69,146,300,1,,
5104,70063,2,165,105,259,60,1,,
5104,70064,2,165,105,259,60,1,,
52710,52711,2,225,105,136,120,1,,
52710,52712,2,210,90,117,120,1,,
52710,52713,2,198,78,101,120,1,,
52710,52714,2,236,116,150,120,1,,
52710,52715,2,222,102,132,120,1,,
52710,52716,2,210,90,116,120,1,,
52710,52720,2,189,69,89,120,1,,
52710,70032,2,234,174,268,60,1,,
52710,70033,2,234,174,268,60,1,,
52711,52710,2,225,105,136,120,1,,
52711,52712,2,191,71,92,120,1,,
52711,52713,2,179,59,76,120,1,,
52711,52714,2,217,97,125,120,1,,
52711,52715,2,203,83,107,120,1,,
52711,52716,2,191,71,92,120,1,,
52711,52720,2,170,50,65,120,1,,
52711,70032,2,215,155,244,60,1,,
52711,70033,2,215,155,244,60,1,,
52712,52710,2,210,90,117,120,1,,
52712,52711,2,191,71,92,120,1,,
52712,52713,2,164,44,57,120,1,,
52712,52714,2,202,82,106,120,1,,
52712,52715,2,188,68,88,120,1,,
52712,52716,2,176,56,73,120,1,,
52712,52720,2,155,35,46,120,1,,
52712,70032,2,200,140,224,60,1,,
52712,70033,2,200,140,224,60,1,,
52713,52710,2,198,78,101,120,1,,
52713,52711,2,179,59,76,120,1,,
52713,52712,2,164,44,57,120,1,,
52713,52714,2,189,69,90,120,1,,
52713,52715,2,175,55,72,120,1,,
52713,52716,2,164,44,56,120,1,,
52713,52720,2,143,23,29,120,1,,
52713,70032,2,188,128,208,60,1,,
52713,70033,2,188,128,208,60,1,,
52714,52710,2,236,116,150,120,1,,
52714,52711,2,217,97,125,120,1,,
52714,52712,2,202,82,106,120,1,,
52714,52713,2,189,69,90,120,1,,
52714,52715,2,213,93,121,120,1,,
52714,52716,2,201,81,105,120,1,,
52714,52720,2,181,61,78,120,1,,
52714,70032,2,225,165,257,60,1,,
52714,70033,2,225,165,257,60,1,,
52715,52710,2,222,102,132,120,1,,
52715,52711,2,203,83,107,120,1,,
52715,52712,2,188,68,88,120,1,,
52715,52713,2,175,55,72,120,1,,
52715,52714,2,213,93,121,120,1,,
52715,52716,2,188,68,87,120,1,,
52715,52720,2,167,47,60,120,1,,
52715,70032,2,212,152,239,60,1,,
52715,70033,2,212,152,239,60,1,,
52716,52710,2,210,90,116,120,1,,
52716,52711,2,191,71,92,120,1,,
52716,52712,2,176,56,73,120,1,,
52716,52713,2,164,44,56,120,1,,
52716,52714,2,201,81,105,120,1,,
52716,52715,2,188,68,87,120,1,,
52716,52720,2,155,35,45,120,1,,
52716,70032,2,200,140,224,60,1,,
52716,70033,2,200,140,224,60,1,,
52720,52710,2,189,69,89,120,1,,
52720,52711,2,170,50,65,120,1,,
52720,52712,2,155,35,46,120,1,,
52720,52713,2,143,23,29,120,1,,
52720,52714,2,181,61,78,120,1,,
52720,52715,2,167,47,60,120,1,,
52720,52716,2,155,35,45,120,1,,
52720,70032,2,179,119,197,60,1,,
52720,70033,2,179,119,197,60,1,,
5327,5072,2,226,106,137,120,1,,
5327,53270,2,167,47,61,120,1,,
5327,70034,2,158,98,171,60,1,,
5327,70035,2,158,98,171,60,1,,
5327,WR-0045-S,2,382,82,162,300,1,,
53270,5072,2,217,97,125,120,1,,
53270,5327,2,167,47,61,120,1,,
53270,70034,2,149,89,160,60,1,,
53270,70035,2,149,89,160,60,1,,
53270,WR-0045-S,2,373,73,150,300,1,,
5666,70049,2,116,56,69,60,1,,
5666,70050,2,158,98,200,60,1,,
5740,57400,2,156,36,46,120,1,,
5740,70045,2,131,71,129,60,1,,
5740,70046,2,131,71,129,60,1,,
57400,5740,2,156,36,46,120,1,,
57400,70045,2,131,71,129,60,1,,
57400,70046,2,131,71,129,60,1,,
5810,5819,2,210,90,116,120,1,,
5810,70055,2,106,46,116,60,1,,
5810,70056,2,106,46,116,60,1,,
5819,5810,2,210,90,116,120,1,,
5819,70055,2,164,104,192,60,1,,
5819,70056,2,164,104,192,60,1,,
5879,15879,2,200,80,188,120,1,,
5879,15880,2,200,80,188,120,1,,
5879,5880,2,138,18,23,120,1,,
5879,70051,2,107,47,58,60,1,,
5879,70052,2,132,72,174,60,1,,
5880,15879,2,182,62,165,120,1,,
5880,15880,2,182,62,165,120,1,,
5880,5879,2,138,18,23,120,1,,
5880,70051,2,89,29,34,60,1,,
5880,70052,2,114,54,151,60,1,,
6565,49002,2,178,58,75,120,1,,
6565,70016,2,157,97,200,60,1,,
6565,70017,2,168,108,214,60,1,,
70001,10642,2,195,75,153,120,1,,
70001,875,2,207,87,223,120,1,,
70001,Forest Hills-01,2,71,11,14,60,1,,
70001,Forest Hills-02,2,71,11,14,60,1,,
70001,NEC-2237,2,367,127,280,240,1,,
70001,NEC-2237-03,2,367,127,280,240,1,,
70001,NEC-2237-05,2,367,127,280,240,1,,
70002,70003,2,116,56,72,60,1,,
70003,70002,2,116,56,72,60,1,,
70004,70005,2,117,57,74,60,1,,
70005,70004,2,116,56,72,60,1,,
70006,11531,2,165,45,116,120,1,,
70006,70007,2,115,55,72,60,1,,
70007,11531,2,165,45,116,120,1,,
70007,70006,2,115,55,72,60,1,,
70008,1222,2,262,142,233,120,1,,
70008,1258,2,218,98,177,120,1,,
70008,1323,2,211,91,168,120,1,,
70008,1357,2,195,75,148,120,1,,
70008,70009,2,148,88,114,60,1,,
70009,1222,2,262,142,233,120,1,,
70009,1258,2,218,98,177,120,1,,
70009,1323,2,211,91,168,120,1,,
70009,1357,2,195,75,148,120,1,,
70009,70008,2,148,88,114,60,1,,
70010,17861,2,166,46,136,120,1,,
70010,17862,2,184,64,218,120,1,,
70010,17863,2,172,52,203,120,1,,
70010,17865,2,162,42,190,120,1,,
70010,17866,2,177,57,209,120,1,,
70010,17867,2,170,50,195,120,1,,
70010,17868,2,172,52,197,120,1,,
70010,17869,2,177,57,204,120,1,,
70010,17870,2,185,65,214,120,1,,
70010,17871,2,191,71,221,120,1,,
70010,70011,2,75,15,19,60,1,,
70010,NEC-2265,2,284,44,133,240,1,,
70010,NEC-2265-01,2,286,46,185,240,1,,
70010,NEC-2265-02,2,404,164,348,240,1,,
70010,NEC-2265-03,2,286,46,185,240,1,,
70011,17861,2,166,46,136,120,1,,
70011,17862,2,184,64,218,120,1,,
70011,17863,2,172,52,203,120,1,,
70011,17865,2,162,42,190,120,1,,
70011,17866,2,177,57,209,120,1,,
70011,17867,2,170,50,195,120,1,,
70011,17868,2,172,52,197,120,1,,
70011,17869,2,177,57,204,120,1,,
70011,17870,2,185,65,214,120,1,,
70011,17871,2,191,71,221,120,1,,
70011,70010,2,75,15,19,60,1,,
70011,NEC-2265,2,284,44,133,240,1,,
70011,NEC-2265-01,2,286,46,185,240,1,,
70011,NEC-2265-02,2,404,164,348,240,1,,
70011,NEC-2265-03,2,286,46,185,240,1,,
70012,187,2,219,99,176,120,1,,
70012,188,2,224,104,182,120,1,,
70012,70013,2,125,65,84,60,1,,
70013,187,2,219,99,176,120,1,,
70013,188,2,224,104,182,120,1,,
70013,70012,2,125,65,84,60,1,,
70014,11384,2,181,61,115,120,1,,
70014,176,2,217,97,162,120,1,,
70014,23391,2,205,85,146,120,1,,
70014,70015,2,74,14,18,60,1,,
70014,NEC-2276,2,290,50,101,240,1,,
70014,NEC-2276-01,2,314,74,184,240,1,,
70014,NEC-2276-02,2,315,75,209,240,1,,
70014,NEC-2276-03,2,314,74,184,240,1,,
70014,WML-0012-05,2,406,166,299,240,1,,
70014,WML-0012-07,2,406,166,299,240,1,,
70015,11384,2,181,61,115,120,1,,
70015,176,2,217,97,162,120,1,,
70015,23391,2,205,85,146,120,1,,
70015,70014,2,74,14,18,60,1,,
70015,NEC-2276,2,290,50,101,240,1,,
70015,NEC-2276-01,2,314,74,184,240,1,,
70015,NEC-2276-02,2,315,75,209,240,1,,
70015,NEC-2276-03,2,314,74,184,240,1,,
70015,WML-0012-05,2,406,166,299,240,1,,
70015,WML-0012-07,2,406,166,299,240,1,,
70016,49002,2,207,87,190,120,1,,
70016,6565,2,243,123,237,120,1,,
70016,70017,2,156,96,208,60,1,,
70017,49002,2,217,97,204,120,1,,
70017,6565,2,254,134,251,120,1,,
70017,70016,2,156,96,208,60,1,,
70020,70021,2,138,78,,60,2,,
70020,70075,2,285,180,299,105,1,,
70020,70076,2,285,180,299,105,1,,
70020,70077,2,175,115,,60,2,,
70020,70078,2,171,111,,60,2,,
70020,70196,2,323,233,418,90,1,,
70020,70197,2,335,245,397,90,1,,
70020,70198,2,323,233,418,90,1,,
70020,70199,2,335,245,397,90,1,,
70020,70200,2,291,201,260,90,1,,
70020,71199,2,297,207,268,90,1,,
70021,70020,2,140,80,,60,2,,
70021,70075,2,322,217,,105,2,,
70021,70076,2,322,217,,105,2,,
70021,70077,2,204,144,341,60,1,,
70021,70078,2,145,85,159,60,1,,
70021,70196,2,361,271,,90,2,,
70021,70197,2,372,282,,90,2,,
70021,70198,2,361,271,,90,2,,
70021,70199,2,372,282,,90,2,,
70021,70200,2,328,238,,90,2,,
70021,71199,2,334,244,,90,2,,
70022,70023,2,181,121,205,60,1,,
70022,70041,2,249,189,293,60,1,,
70022,70042,2,201,141,183,60,1,,
70023,70022,2,168,108,188,60,1,,
70023,70041,2,128,68,88,60,1,,
70023,70042,2,93,33,91,60,1,,
70024,70025,2,100,40,172,60,1,,
70024,70203,2,169,79,212,90,1,,
70024,70204,2,169,79,212,90,1,,
70025,70024,2,90,30,158,60,1,,
70025,70203,2,170,80,214,90,1,,
70025,70204,2,170,80,214,90,1,,
70026,70027,2,114,54,165,60,1,,
70026,70205,2,112,22,69,90,1,,
70026,70206,2,102,12,15,90,1,,
70026,BNT-0000,2,480,240,300,240,1,,
70026,BNT-0000-01,2,480,240,300,240,1,,
70026,BNT-0000-02,2,480,240,300,240,1,,
70026,BNT-0000-03,2,480,240,300,240,1,,
70026,BNT-0000-04,2,480,240,300,240,1,,
70026,BNT-0000-05,2,480,240,300,240,1,,
70026,BNT-0000-06,2,480,240,300,240,1,,
70026,BNT-0000-07,2,480,240,300,240,1,,
70026,BNT-0000-08,2,480,240,300,240,1,,
70026,BNT-0000-09,2,480,240,300,240,1,,
70026,BNT-0000-10,2,480,240,300,240,1,,
70027,70026,2,113,53,165,60,1,,
70027,70205,2,119,29,93,90,1,,
70027,70206,2,141,51,162,90,1,,
70027,BNT-0000,2,480,240,300,240,1,,
70027,BNT-0000-01,2,480,240,300,240,1,,
70027,BNT-0000-02,2,480,240,300,240,1,,
70027,BNT-0000-03,2,480,240,300,240,1,,
70027,BNT-0000-04,2,480,240,300,240,1,,
70027,BNT-0000-05,2,480,240,300,240,1,,
70027,BNT-0000-06,2,480,240,300,240,1,,
70027,BNT-0000-07,2,480,240,300,240,1,,
70027,BNT-0000-08,2,480,240,300,240,1,,
70027,BNT-0000-09,2,480,240,300,240,1,,
70027,BNT-0000-10,2,480,240,300,240,1,,
70028,70029,2,101,41,52,60,1,,
70029,70028,2,101,41,52,60,1,,
70030,29001,2,188,68,127,120,1,,
70030,29002,2,184,64,121,120,1,,
70030,29003,2,182,62,118,120,1,,
70030,29004,2,179,59,127,120,1,,
70030,29005,2,188,68,127,120,1,,
70030,29006,2,198,78,127,120,1,,
70030,29007,2,256,136,202,120,1,,
70030,29008,2,250,130,195,120,1,,
70030,29009,2,260,140,207,120,1,,
70030,29010,2,269,149,219,120,1,,
70030,29011,2,267,147,217,120,1,,
70030,29012,2,274,154,226,120,1,,
70030,29013,2,285,165,240,120,1,,
70030,70031,2,66,6,8,60,1,,
70031,29001,2,188,68,127,120,1,,
70031,29002,2,184,64,121,120,1,,
70031,29003,2,182,62,118,120,1,,
70031,29004,2,179,59,127,120,1,,
70031,29005,2,188,68,127,120,1,,
70031,29006,2,198,78,127,120,1,,
70031,29007,2,256,136,202,120,1,,
70031,29008,2,250,130,195,120,1,,
70031,29009,2,260,140,207,120,1,,
70031,29010,2,269,149,219,120,1,,
70031,29011,2,267,147,217,120,1,,
70031,29012,2,274,154,226,120,1,,
70031,29013,2,285,165,240,120,1,,
70031,70030,2,66,6,8,60,1,,
70032,52710,2,314,194,298,120,1,,
70032,52711,2,295,175,273,120,1,,
70032,52712,2,281,161,254,120,1,,
70032,52713,2,268,148,238,120,1,,
70032,52714,2,306,186,287,120,1,,
70032,52715,2,292,172,269,120,1,,
70032,52716,2,280,160,253,120,1,,
70032,52720,2,259,139,226,120,1,,
70032,70033,2,65,5,6,60,1,,
70033,52710,2,314,194,298,120,1,,
70033,52711,2,295,175,273,120,1,,
70033,52712,2,281,161,254,120,1,,
70033,52713,2,268,148,238,120,1,,
70033,52714,2,306,186,287,120,1,,
70033,52715,2,292,172,269,120,1,,
70033,52716,2,280,160,253,120,1,,
70033,52720,2,259,139,226,120,1,,
70033,70032,2,65,5,6,60,1,,
70034,5072,2,176,56,121,120,1,,
70034,5327,2,199,79,151,120,1,,
70034,53270,2,190,70,139,120,1,,
70034,70035,2,76,16,21,60,1,,
70034,WR-0045-S,2,284,44,161,240,1,,
70035,5072,2,176,56,121,120,1,,
70035,5327,2,199,79,151,120,1,,
70035,53270,2,190,70,139,120,1,,
70035,70034,2,76,16,21,60,1,,
70035,WR-0045-S,2,284,44,161,240,1,,
70036,9328,2,235,115,243,120,1,,
70036,Oak Grove-01,2,65,5,6,60,1,,
70036,Oak Grove-02,2,65,5,6,60,1,,
70036,WR-0053-S,2,358,118,,240,2,,
70038,70838,2,82,22,28,60,1,,
70039,4510,2,217,97,212,120,1,,
70039,70040,2,69,9,12,60,1,,
70039,70201,2,138,48,106,90,1,,
70039,70202,2,124,34,88,90,1,,
70039,Government Center-Brattle,2,138,48,106,90,1,,
70040,4510,2,217,97,212,120,1,,
70040,70039,2,69,9,12,60,1,,
70040,70201,2,138,48,106,90,1,,
70040,70202,2,124,34,88,90,1,,
70040,Government Center-Brattle,2,138,48,106,90,1,,
70041,70022,2,244,184,285,60,1,,
70041,70023,2,136,76,98,60,1,,
70041,70042,2,169,109,189,60,1,,
70042,70022,2,215,155,200,60,1,,
70042,70023,2,117,57,134,60,1,,
70042,70041,2,185,125,222,60,1,,
70043,70044,2,127,67,187,60,1,,
70044,70043,2,127,67,187,60,1,,
70045,5740,2,196,76,139,120,1,,
70045,57400,2,196,76,139,120,1,,
70045,70046,2,92,32,42,60,1,,
70046,5740,2,196,76,139,120,1,,
70046,57400,2,196,76,139,120,1,,
70046,70045,2,92,32,42,60,1,,
70047,70048,2,114,54,189,60,1,,
70047,7096,2,200,80,224,120,1,,
70047,70961,2,201,81,224,120,1,,
70047,7097,2,189,69,210,120,1,,
70048,70047,2,108,48,182,60,1,,
70048,7096,2,166,46,60,120,1,,
70048,70961,2,166,46,60,120,1,,
70048,7097,2,155,35,45,120,1,,
70049,5666,2,167,47,60,120,1,,
70049,70050,2,113,53,145,60,1,,
70050,5666,2,210,90,192,120,1,,
70050,70049,2,113,53,144,60,1,,
70051,15879,2,170,50,149,120,1,,
70051,15880,2,170,50,149,120,1,,
70051,5879,2,149,29,38,120,1,,
70051,5880,2,149,29,38,120,1,,
70051,70052,2,85,25,116,60,1,,
70052,15879,2,145,25,32,120,1,,
70052,15880,2,145,25,32,120,1,,
70052,5879,2,169,49,147,120,1,,
70052,5880,2,169,49,147,120,1,,
70052,70051,2,85,25,116,60,1,,
70053,70054,2,250,190,245,60,1,,
70054,70053,2,243,183,237,60,1,,
70055,5810,2,171,51,126,120,1,,
70055,5819,2,230,110,202,120,1,,
70055,70056,2,92,32,162,60,1,,
70056,5810,2,171,51,126,120,1,,
70056,5819,2,230,110,202,120,1,,
70056,70055,2,92,32,162,60,1,,
70057,70058,2,83,23,110,60,1,,
70058,70057,2,81,21,107,60,1,,
70059,15796,2,186,66,86,120,1,,
70059,15797,2,171,51,67,120,1,,
70059,15798,2,187,67,87,120,1,,
70059,15799,2,208,88,113,120,1,,
70059,15800,2,228,108,140,120,1,,
70060,15796,2,297,177,257,120,1,,
70060,15797,2,282,162,238,120,1,,
70060,15798,2,298,178,258,120,1,,
70060,15799,2,318,198,284,120,1,,
70060,15800,2,338,218,311,120,1,,
70061,14112,2,332,212,332,120,1,,
70061,14118,2,330,210,330,120,1,,
70061,14120,2,302,182,293,120,1,,
70061,14121,2,312,192,306,120,1,,
70061,14122,2,326,206,324,120,1,,
70061,14123,2,341,221,344,120,1,,
70061,9070061,2,326,206,325,120,1,,
70061,Alewife-01,2,100,40,20,60,1,,
70061,Alewife-02,2,100,40,20,60,1,,
70063,5104,2,215,95,249,120,1,,
70063,70064,2,67,7,10,60,1,,
70064,5104,2,215,95,249,120,1,,
70064,70063,2,67,7,10,60,1,,
70065,70066,2,85,25,84,60,1,,
70065,FR-0034,2,326,86,235,240,1,,
70065,FR-0034-01,2,326,86,236,240,1,,
70065,FR-0034-02,2,326,86,236,240,1,,
70066,70065,2,85,25,84,60,1,,
70066,FR-0034,2,326,86,277,240,1,,
70066,FR-0034-01,2,326,86,278,240,1,,
70066,FR-0034-02,2,326,86,278,240,1,,
70067,70068,2,224,164,212,60,1,,
70067,76121,2,311,191,247,120,1,,
70067,76122,2,299,179,232,120,1,,
70067,76123,2,279,159,205,120,1,,
70067,76124,2,280,160,206,120,1,,
70067,76125,2,291,171,221,120,1,,
70067,76126,2,302,182,235,120,1,,
70067,76129,2,276,156,202,120,1,,
70068,70067,2,202,142,184,60,1,,
70068,76121,2,295,175,226,120,1,,
70068,76122,2,283,163,211,120,1,,
70068,76123,2,263,143,184,120,1,,
70068,76124,2,263,143,186,120,1,,
70068,76125,2,275,155,200,120,1,,
70068,76126,2,285,165,214,120,1,,
70068,76129,2,260,140,181,120,1,,
70073,70074,2,186,126,268,60,1,,
70074,70073,2,186,126,268,60,1,,
70075,70020,2,295,190,312,105,1,,
70075,70021,2,327,222,,105,2,,
70075,70076,2,63,3,4,60,1,,
70075,70077,2,360,255,,105,2,,
70075,70078,2,360,255,,105,2,,
70075,70196,2,152,62,130,90,1,,
70075,70197,2,184,94,171,90,1,,
70075,70198,2,152,62,130,90,1,,
70075,70199,2,184,94,171,90,1,,
70075,70200,2,178,88,180,90,1,,
70075,71199,2,184,94,187,90,1,,
70076,70020,2,295,190,312,105,1,,
70076,70021,2,327,222,,105,2,,
70076,70075,2,63,3,4,60,1,,
70076,70077,2,360,255,,105,2,,
70076,70078,2,360,255,,105,2,,
70076,70196,2,152,62,130,90,1,,
70076,70197,2,184,94,171,90,1,,
70076,70198,2,152,62,130,90,1,,
70076,70199,2,184,94,171,90,1,,
70076,70200,2,178,88,180,90,1,,
70076,71199,2,184,94,187,90,1,,
70077,70020,2,174,114,,60,2,,
70077,70021,2,195,135,329,60,1,,
70077,70075,2,349,244,,105,2,,
70077,70076,2,349,244,,105,2,,
70077,70078,2,106,46,164,60,1,,
70077,70196,2,387,297,,90,2,,
70077,70197,2,399,309,,90,2,,
70077,70198,2,387,297,,90,2,,
70077,70199,2,399,309,,90,2,,
70077,70200,2,355,265,,90,2,,
70077,71199,2,361,271,,90,2,,
70078,70020,2,170,110,,60,2,,
70078,70021,2,149,89,165,60,1,,
70078,70075,2,352,247,,105,2,,
70078,70076,2,352,247,,105,2,,
70078,70077,2,120,60,181,60,1,,
70078,70196,2,391,301,,90,2,,
70078,70197,2,402,312,,90,2,,
70078,70198,2,391,301,,90,2,,
70078,70199,2,402,312,,90,2,,
70078,70200,2,358,268,,90,2,,
70078,71199,2,364,274,,90,2,,
70079,70080,2,98,38,169,60,1,,
70079,74611,2,131,11,74,120,1,,
70079,74617,2,159,39,171,120,1,,
70079,84611,2,131,11,,120,2,,
70079,NEC-2287,2,349,109,255,240,1,,
70079,NEC-2287-01,2,398,158,319,240,1,,
70079,NEC-2287-02,2,396,156,315,240,1,,
70079,NEC-2287-03,2,396,156,315,240,1,,
70079,NEC-2287-04,2,397,157,317,240,1,,
70079,NEC-2287-05,2,397,157,317,240,1,,
70079,NEC-2287-06,2,395,155,314,240,1,,
70079,NEC-2287-07,2,395,155,314,240,1,,
70079,NEC-2287-08,2,398,158,318,240,1,,
70079,NEC-2287-09,2,398,158,318,240,1,,
70079,NEC-2287-10,2,401,161,322,240,1,,
70079,NEC-2287-11,2,401,161,322,240,1,,
70079,NEC-2287-12,2,419,179,345,240,1,,
70079,NEC-2287-13,2,419,179,345,240,1,,
70079,NEC-2287-B2,2,338,218,442,120,1,,
70079,NEC-2287-B36,2,254,134,334,120,1,,
70079,NEC-2287-B37,2,268,148,351,120,1,,
70080,70079,2,95,35,165,60,1,,
70080,74611,2,147,27,95,120,1,,
70080,74617,2,162,42,114,120,1,,
70080,84611,2,152,32,,120,2,,
70080,NEC-2287,2,371,131,343,240,1,,
70080,NEC-2287-01,2,420,180,407,240,1,,
70080,NEC-2287-02,2,417,177,403,240,1,,
70080,NEC-2287-03,2,417,177,403,240,1,,
70080,NEC-2287-04,2,418,178,405,240,1,,
70080,NEC-2287-05,2,418,178,405,240,1,,
70080,NEC-2287-06,2,416,176,402,240,1,,
70080,NEC-2287-07,2,416,176,402,240,1,,
70080,NEC-2287-08,2,419,179,406,240,1,,
70080,NEC-2287-09,2,419,179,406,240,1,,
70080,NEC-2287-10,2,422,182,410,240,1,,
70080,NEC-2287-11,2,422,182,410,240,1,,
70080,NEC-2287-12,2,440,200,433,240,1,,
70080,NEC-2287-13,2,440,200,433,240,1,,
70080,NEC-2287-B2,2,359,239,530,120,1,,
70080,NEC-2287-B36,2,276,156,422,120,1,,
70080,NEC-2287-B37,2,289,169,439,120,1,,
70081,150,2,202,82,181,120,1,,
70081,151,2,212,92,192,120,1,,
70081,70082,2,64,4,6,60,1,,
70082,150,2,202,82,181,120,1,,
70082,151,2,212,92,192,120,1,,
70082,70081,2,64,4,6,60,1,,
70083,13,2,210,90,178,120,1,,
70083,70084,2,146,86,171,60,1,,
70084,13,2,200,80,166,120,1,,
70084,70083,2,138,78,160,60,1,,
70085,121,2,300,180,283,120,1,,
70085,70086,2,66,6,8,60,1,,
70085,70095,2,88,28,136,60,1,,
70085,70096,2,88,28,136,60,1,,
70085,MM-0023-S,2,453,213,326,240,1,,
70086,121,2,300,180,283,120,1,,
70086,70085,2,66,6,8,60,1,,
70086,70095,2,88,28,136,60,1,,
70086,70096,2,88,28,136,60,1,,
70086,MM-0023-S,2,453,213,326,240,1,,
70087,70088,2,66,6,8,60,1,,
70088,70087,2,66,6,8,60,1,,
70089,32301,2,211,91,123,120,1,,
70089,32302,2,156,36,123,120,1,,
70089,32303,2,188,68,123,120,1,,
70089,70090,2,97,37,180,60,1,,
70090,32301,2,209,89,121,120,1,,
70090,32302,2,154,34,121,120,1,,
70090,32303,2,186,66,121,120,1,,
70090,70089,2,97,37,180,60,1,,
70091,70092,2,97,37,170,60,1,,
70092,70091,2,97,37,170,60,1,,
70093,334,2,165,45,90,120,1,,
70093,70261,2,213,123,191,90,1,,
70094,334,2,194,74,128,120,1,,
70094,70093,2,179,119,218,60,1,,
70094,70261,2,144,54,102,90,1,,
70095,121,2,297,177,279,120,1,,
70095,70085,2,88,28,136,60,1,,
70095,70086,2,88,28,136,60,1,,
70095,70096,2,66,6,8,60,1,,
70095,MM-0023-S,2,450,210,321,240,1,,
70096,121,2,297,177,279,120,1,,
70096,70085,2,88,28,136,60,1,,
70096,70086,2,88,28,136,60,1,,
70096,70095,2,66,6,8,60,1,,
70096,MM-0023-S,2,450,210,321,240,1,,
70097,3125,2,201,81,144,120,1,,
70097,70098,2,65,5,7,60,1,,
70098,3125,2,201,81,144,120,1,,
70098,70097,2,65,5,7,60,1,,
70099,70100,2,67,7,9,60,1,,
70100,70099,2,68,8,10,60,1,,
70101,32000,2,216,96,,120,2,,
70101,32001,2,191,71,140,120,1,,
70101,32002,2,201,81,153,120,1,,
70101,32003,2,211,91,166,120,1,,
70101,32004,2,220,100,178,120,1,,
70101,32005,2,230,110,191,120,1,,
70101,70102,2,89,29,38,60,1,,
70101,MM-0079-S,2,339,99,240,240,1,,
70102,32000,2,216,96,,120,2,,
70102,32001,2,191,71,140,120,1,,
70102,32002,2,201,81,153,120,1,,
70102,32003,2,211,91,166,120,1,,
70102,32004,2,220,100,178,120,1,,
70102,32005,2,230,110,191,120,1,,
70102,70101,2,89,29,38,60,1,,
70102,MM-0079-S,2,339,99,240,240,1,,
70103,41031,2,164,44,109,120,1,,
70103,70104,2,78,18,23,60,1,,
70104,41031,2,171,51,118,120,1,,
70104,70103,2,77,17,23,60,1,,
70105,38671,2,161,41,90,120,1,,
70105,Braintree-01,2,73,13,16,60,1,,
70105,Braintree-02,2,73,13,16,60,1,,
70105,MM-0109,2,480,240,348,240,1,,
70105,MM-0109-CS,2,480,240,348,240,1,,
70105,MM-0109-S,2,480,240,348,240,1,,
70150,70151,2,162,42,,120,2,,
70150,71150,2,134,14,,120,2,,
70150,71151,2,162,42,,120,2,,
70150,899,2,170,50,,120,2,,
70151,70150,2,162,42,,120,2,,
70151,71150,2,162,42,,120,2,,
70151,71151,2,128,8,,120,2,,
70151,899,2,165,45,,120,2,,
70152,70153,2,177,57,,120,2,,
70152,79,2,243,123,,120,2,,
70152,93,2,193,73,,120,2,,
70153,70152,2,177,57,,120,2,,
70153,79,2,244,124,,120,2,,
70153,93,2,194,74,,120,2,,
70156,70157,2,164,44,165,120,1,,
70157,70156,2,166,46,167,120,1,,
70160,38155,2,264,144,186,120,1,,
70160,70161,2,178,58,74,120,1,,
70160,river-B,2,266,146,,120,2,,
70161,38155,2,269,149,193,120,1,,
70161,70160,2,178,58,74,120,1,,
70161,river-B,2,271,151,,120,2,,
70162,70163,2,185,65,84,120,1,,
70163,70162,2,185,65,84,120,1,,
70164,70165,2,178,58,76,120,1,,
70165,70164,2,178,58,76,120,1,,
70166,70167,2,172,52,67,120,1,,
70167,70166,2,172,52,67,120,1,,
70168,70169,2,155,35,45,120,1,,
70168,8155,2,254,134,174,120,1,,
70168,8203,2,254,134,174,120,1,,
70169,70168,2,155,35,45,120,1,,
70169,8155,2,223,103,133,120,1,,
70169,8203,2,223,103,133,120,1,,
70170,70171,2,172,52,67,120,1,,
70171,70170,2,172,52,67,120,1,,
70172,70173,2,163,43,56,120,1,,
70173,70172,2,163,43,56,120,1,,
70174,21917,2,262,142,184,120,1,,
70174,21918,2,238,118,153,120,1,,
70174,70175,2,182,62,80,120,1,,
70175,21917,2,261,141,183,120,1,,
70175,21918,2,290,170,220,120,1,,
70175,70174,2,182,62,80,120,1,,
70176,70177,2,186,66,85,120,1,,
70177,70176,2,186,66,85,120,1,,
70178,70179,2,192,72,94,120,1,,
70179,70178,2,192,72,94,120,1,,
70180,70181,2,169,49,63,120,1,,
70181,70180,2,169,49,63,120,1,,
70182,70183,2,165,45,58,120,1,,
70183,70182,2,165,45,58,120,1,,
70186,70187,2,183,63,81,120,1,,
70187,70186,2,183,63,81,120,1,,
70196,70020,2,289,199,373,90,1,,
70196,70021,2,321,231,,90,2,,
70196,70075,2,130,40,102,90,1,,
70196,70076,2,130,40,102,90,1,,
70196,70077,2,354,264,,90,2,,
70196,70078,2,354,264,,90,2,,
70196,70197,2,154,34,44,120,1,,
70196,70198,2,124,4,6,120,1,,
70196,70199,2,154,34,44,120,1,,
70196,70200,2,186,66,165,120,1,,
70196,71199,2,191,71,172,120,1,,
70197,70020,2,301,211,352,90,1,,
70197,70021,2,333,243,,90,2,,
70197,70075,2,154,64,132,90,1,,
70197,70076,2,154,64,132,90,1,,
70197,70077,2,366,276,,90,2,,
70197,70078,2,366,276,,90,2,,
70197,70196,2,154,34,44,120,1,,
70197,70198,2,154,34,44,120,1,,
70197,70199,2,124,4,6,120,1,,
70197,70200,2,170,50,144,120,1,,
70197,71199,2,176,56,152,120,1,,
70198,70020,2,289,199,373,90,1,,
70198,70021,2,321,231,,90,2,,
70198,70075,2,130,40,102,90,1,,
70198,70076,2,130,40,102,90,1,,
70198,70077,2,354,264,,90,2,,
70198,70078,2,354,264,,90,2,,
70198,70196,2,124,4,6,120,1,,
70198,70197,2,154,34,44,120,1,,
70198,70199,2,154,34,44,120,1,,
70198,70200,2,186,66,165,120,1,,
70198,71199,2,191,71,172,120,1,,
70199,70020,2,301,211,352,90,1,,
70199,70021,2,333,243,,90,2,,
70199,70075,2,154,64,132,90,1,,
70199,70076,2,154,64,132,90,1,,
70199,70077,2,366,276,,90,2,,
70199,70078,2,366,276,,90,2,,
70199,70196,2,154,34,44,120,1,,
70199,70197,2,124,4,6,120,1,,
70199,70198,2,154,34,44,120,1,,
70199,70200,2,170,50,144,120,1,,
70199,71199,2,176,56,152,120,1,,
70200,70020,2,257,167,216,90,1,,
70200,70021,2,289,199,,90,2,,
70200,70075,2,133,43,122,90,1,,
70200,70076,2,133,43,122,90,1,,
70200,70077,2,322,232,,90,2,,
70200,70078,2,322,232,,90,2,,
70200,70196,2,186,66,165,120,1,,
70200,70197,2,170,50,144,120,1,,
70200,70198,2,186,66,165,120,1,,
70200,70199,2,170,50,144,120,1,,
70200,71199,2,126,6,8,120,1,,
70201,4510,2,177,57,116,120,1,,
70201,70039,2,126,36,91,90,1,,
70201,70040,2,126,36,91,90,1,,
70201,70202,2,144,24,31,120,1,,
70201,Government Center-Brattle,2,147,27,35,120,1,,
70202,4510,2,184,64,124,120,1,,
70202,70039,2,112,22,72,90,1,,
70202,70040,2,112,22,72,90,1,,
70202,70201,2,144,24,31,120,1,,
70202,Government Center-Brattle,2,141,21,27,120,1,,
70203,70024,2,134,44,167,90,1,,
70203,70025,2,150,60,188,90,1,,
70203,70204,2,169,49,64,120,1,,
70204,70024,2,134,44,167,90,1,,
70204,70025,2,150,60,188,90,1,,
70204,70203,2,169,49,64,120,1,,
70205,70026,2,115,25,72,90,1,,
70205,70027,2,121,31,96,90,1,,
70205,70206,2,143,23,69,120,1,,
70205,BNT-0000,2,480,240,300,240,1,,
70205,BNT-0000-01,2,480,240,300,240,1,,
70205,BNT-0000-02,2,480,240,300,240,1,,
70205,BNT-0000-03,2,480,240,300,240,1,,
70205,BNT-0000-04,2,480,240,300,240,1,,
70205,BNT-0000-05,2,480,240,300,240,1,,
70205,BNT-0000-06,2,480,240,300,240,1,,
70205,BNT-0000-07,2,480,240,300,240,1,,
70205,BNT-0000-08,2,480,240,300,240,1,,
70205,BNT-0000-09,2,480,240,300,240,1,,
70205,BNT-0000-10,2,480,240,300,240,1,,
70206,70026,2,104,14,18,90,1,,
70206,70027,2,132,42,150,90,1,,
70206,70205,2,131,11,54,120,1,,
70206,BNT-0000,2,480,240,300,240,1,,
70206,BNT-0000-01,2,480,240,300,240,1,,
70206,BNT-0000-02,2,480,240,300,240,1,,
70206,BNT-0000-03,2,480,240,300,240,1,,
70206,BNT-0000-04,2,480,240,300,240,1,,
70206,BNT-0000-05,2,480,240,300,240,1,,
70206,BNT-0000-06,2,480,240,300,240,1,,
70206,BNT-0000-07,2,480,240,300,240,1,,
70206,BNT-0000-08,2,480,240,300,240,1,,
70206,BNT-0000-09,2,480,240,300,240,1,,
70206,BNT-0000-10,2,480,240,300,240,1,,
70207,70208,2,141,21,107,120,1,,
70208,70207,2,141,21,107,120,1,,
70239,70240,2,184,64,179,120,1,,
70240,70239,2,184,64,179,120,1,,
70261,334,2,198,78,101,120,1,,
70261,70093,2,213,123,191,90,1,,
70261,70094,2,144,54,102,90,1,,
70263,70264,2,143,23,30,120,1,,
70264,70263,2,143,23,30,120,1,,
70265,70266,2,135,15,20,120,1,,
70266,70265,2,135,15,20,120,1,,
70267,70268,2,134,14,18,120,1,,
70268,70267,2,134,14,18,120,1,,
70271,70272,2,137,17,22,120,1,,
70272,70271,2,137,17,22,120,1,,
70275,185,2,145,25,32,120,1,,
70275,18511,2,167,47,61,120,1,,
70275,70276,2,167,47,61,120,1,,
70276,185,2,143,23,30,120,1,,
70276,18511,2,139,19,25,120,1,,
70276,70275,2,167,47,61,120,1,,
70278,70279,2,85,25,32,60,1,,
70279,70278,2,85,25,32,60,1,,
70500,70501,2,215,95,171,120,1,,
70500,70502,2,268,148,240,120,1,,
70501,70500,2,205,85,161,120,1,,
70501,70502,2,179,59,77,120,1,,
70502,70500,2,258,138,230,120,1,,
70502,70501,2,179,59,77,120,1,,
70503,70504,2,244,124,161,120,1,,
70503,Union Square-01,2,244,124,161,120,1,,
70503,Union Square-02,2,244,124,161,120,1,,
70504,70503,2,244,124,161,120,1,,
70504,Union Square-01,2,244,124,161,120,1,,
70504,Union Square-02,2,244,124,161,120,1,,
70505,70506,2,146,26,34,120,1,,
70506,70505,2,146,26,34,120,1,,
70507,70508,2,146,26,34,120,1,,
70508,70507,2,146,26,34,120,1,,
70509,70510,2,144,24,31,120,1,,
70510,70509,2,144,24,31,120,1,,
70511,70512,2,124,4,6,120,1,,
70512,70511,2,124,4,6,120,1,,
70513,70514,2,144,24,31,120,1,,
70514,70513,2,144,24,31,120,1,,
70838,70038,2,82,22,28,60,1,,
7096,70047,2,145,85,227,60,1,,
7096,70048,2,119,59,73,60,1,,
7096,70961,2,154,34,45,120,1,,
7096,7097,2,143,23,30,120,1,,
70961,70047,2,145,85,227,60,1,,
70961,70048,2,119,59,74,60,1,,
70961,7096,2,154,34,45,120,1,,
70961,7097,2,144,24,31,120,1,,
7097,70047,2,134,74,212,60,1,,
7097,70048,2,108,48,59,60,1,,
7097,7096,2,143,23,30,120,1,,
7097,70961,2,144,24,31,120,1,,
71150,70150,2,134,14,,120,2,,
71150,70151,2,162,42,,120,2,,
71150,71151,2,162,42,,120,2,,
71150,899,2,170,50,,120,2,,
71151,70150,2,162,42,,120,2,,
71151,70151,2,128,8,,120,2,,
71151,71150,2,162,42,,120,2,,
71151,899,2,165,45,,120,2,,
71199,70020,2,263,173,223,90,1,,
71199,70021,2,295,205,,90,2,,
71199,70075,2,139,49,130,90,1,,
71199,70076,2,139,49,130,90,1,,
71199,70077,2,328,238,,90,2,,
71199,70078,2,327,237,,90,2,,
71199,70196,2,191,71,172,120,1,,
71199,70197,2,176,56,152,120,1,,
71199,70198,2,191,71,172,120,1,,
71199,70199,2,176,56,152,120,1,,
71199,70200,2,126,6,8,120,1,,
74611,70079,2,78,18,80,60,1,,
74611,70080,2,97,37,105,60,1,,
74611,74617,2,154,34,164,120,1,,
74611,84611,2,126,6,,120,2,,
74611,NEC-2287,2,404,104,248,300,1,,
74611,NEC-2287-01,2,453,153,312,300,1,,
74611,NEC-2287-02,2,450,150,308,300,1,,
74611,NEC-2287-03,2,450,150,308,300,1,,
74611,NEC-2287-04,2,451,151,310,300,1,,
74611,NEC-2287-05,2,451,151,310,300,1,,
74611,NEC-2287-06,2,449,149,307,300,1,,
74611,NEC-2287-07,2,449,149,307,300,1,,
74611,NEC-2287-08,2,452,152,311,300,1,,
74611,NEC-2287-09,2,452,152,311,300,1,,
74611,NEC-2287-10,2,456,156,315,300,1,,
74611,NEC-2287-11,2,456,156,315,300,1,,
74611,NEC-2287-12,2,473,173,338,300,1,,
74611,NEC-2287-13,2,473,173,338,300,1,,
74611,NEC-2287-B2,2,333,213,435,120,1,,
74611,NEC-2287-B36,2,249,129,327,120,1,,
74611,NEC-2287-B37,2,262,142,344,120,1,,
74612,74616,2,195,75,209,120,1,,
74613,74615,2,179,59,184,120,1,,
74615,74613,2,179,59,184,120,1,,
74616,74612,2,195,75,209,120,1,,
74617,70079,2,102,42,111,60,1,,
74617,70080,2,97,37,105,60,1,,
74617,74611,2,154,34,164,120,1,,
74617,84611,2,154,34,,120,2,,
74617,NEC-2287,2,407,107,252,300,1,,
74617,NEC-2287-01,2,456,156,316,300,1,,
74617,NEC-2287-02,2,453,153,312,300,1,,
74617,NEC-2287-03,2,453,153,312,300,1,,
74617,NEC-2287-04,2,454,154,314,300,1,,
74617,NEC-2287-05,2,454,154,314,300,1,,
74617,NEC-2287-06,2,453,153,311,300,1,,
74617,NEC-2287-07,2,453,153,311,300,1,,
74617,NEC-2287-08,2,455,155,315,300,1,,
74617,NEC-2287-09,2,455,155,315,300,1,,
74617,NEC-2287-10,2,459,159,319,300,1,,
74617,NEC-2287-11,2,459,159,319,300,1,,
74617,NEC-2287-12,2,476,176,342,300,1,,
74617,NEC-2287-13,2,476,176,342,300,1,,
74617,NEC-2287-B2,2,336,216,439,120,1,,
74617,NEC-2287-B36,2,252,132,331,120,1,,
74617,NEC-2287-B37,2,265,145,348,120,1,,
74630,74631,2,199,79,102,120,1,,
74630,ER-0042,2,450,150,194,300,1,,
74630,ER-0042-01,2,450,150,194,300,1,,
74631,74630,2,199,79,102,120,1,,
74631,ER-0042,2,422,122,157,300,1,,
74631,ER-0042-01,2,422,122,157,300,1,,
74632,74633,2,202,82,106,120,1,,
74633,74632,2,200,80,104,120,1,,
76121,70067,2,215,155,197,60,1,,
76121,70068,2,221,161,205,60,1,,
76121,76122,2,187,67,87,120,1,,
76121,76123,2,166,46,60,120,1,,
76121,76124,2,167,47,61,120,1,,
76121,76125,2,178,58,75,120,1,,
76121,76126,2,189,69,89,120,1,,
76121,76129,2,224,104,134,120,1,,
76122,70067,2,203,143,182,60,1,,
76122,70068,2,209,149,190,60,1,,
76122,76121,2,187,67,87,120,1,,
76122,76123,2,155,35,45,120,1,,
76122,76124,2,156,36,46,120,1,,
76122,76125,2,167,47,60,120,1,,
76122,76126,2,178,58,74,120,1,,
76122,76129,2,212,92,119,120,1,,
76123,70067,2,183,123,156,60,1,,
76123,70068,2,188,128,163,60,1,,
76123,76121,2,166,46,60,120,1,,
76123,76122,2,155,35,45,120,1,,
76123,76124,2,135,15,19,120,1,,
76123,76125,2,146,26,34,120,1,,
76123,76126,2,157,37,48,120,1,,
76123,76129,2,192,72,93,120,1,,
76124,70067,2,183,123,157,60,1,,
76124,70068,2,189,129,164,60,1,,
76124,76121,2,167,47,61,120,1,,
76124,76122,2,156,36,46,120,1,,
76124,76123,2,135,15,19,120,1,,
76124,76125,2,147,27,35,120,1,,
76124,76126,2,149,29,37,120,1,,
76124,76129,2,192,72,94,120,1,,
76125,70067,2,195,135,171,60,1,,
76125,70068,2,200,140,179,60,1,,
76125,76121,2,178,58,75,120,1,,
76125,76122,2,167,47,60,120,1,,
76125,76123,2,146,26,34,120,1,,
76125,76124,2,147,27,35,120,1,,
76125,76126,2,138,18,23,120,1,,
76125,76129,2,204,84,108,120,1,,
76126,70067,2,205,145,185,60,1,,
76126,70068,2,211,151,193,60,1,,
76126,76121,2,189,69,89,120,1,,
76126,76122,2,178,58,74,120,1,,
76126,76123,2,157,37,48,120,1,,
76126,76124,2,149,29,37,120,1,,
76126,76125,2,138,18,23,120,1,,
76126,76129,2,214,94,122,120,1,,
76129,70067,2,181,121,153,60,1,,
76129,70068,2,186,126,161,60,1,,
76129,76121,2,225,105,135,120,1,,
76129,76122,2,213,93,120,120,1,,
76129,76123,2,192,72,94,120,1,,
76129,76124,2,193,73,95,120,1,,
76129,76125,2,204,84,109,120,1,,
76129,76126,2,215,95,123,120,1,,
79,70152,2,247,127,,120,2,,
79,70153,2,249,129,,120,2,,
79,93,2,199,79,102,120,1,,
8155,70168,2,262,142,180,120,1,,
8155,70169,2,230,110,140,120,1,,
8155,8203,2,166,46,59,120,1,,
8203,70168,2,261,141,180,120,1,,
8203,70169,2,230,110,139,120,1,,
8203,8155,2,166,46,59,120,1,,
84611,70079,2,78,18,,60,2,,
84611,70080,2,103,43,,60,2,,
84611,74611,2,126,6,,120,2,,
84611,74617,2,154,34,,120,2,,
84611,NEC-2287,2,404,104,,300,2,,
84611,NEC-2287-01,2,453,153,,300,2,,
84611,NEC-2287-02,2,450,150,,300,2,,
84611,NEC-2287-03,2,450,150,,300,2,,
84611,NEC-2287-04,2,451,151,,300,2,,
84611,NEC-2287-05,2,451,151,,300,2,,
84611,NEC-2287-06,2,449,149,,300,2,,
84611,NEC-2287-07,2,449,149,,300,2,,
84611,NEC-2287-08,2,452,152,,300,2,,
84611,NEC-2287-09,2,452,152,,300,2,,
84611,NEC-2287-10,2,456,156,,300,2,,
84611,NEC-2287-11,2,456,156,,300,2,,
84611,NEC-2287-12,2,473,173,,300,2,,
84611,NEC-2287-13,2,473,173,,300,2,,
84611,NEC-2287-B2,2,333,213,,120,2,,
84611,NEC-2287-B36,2,249,129,,120,2,,
84611,NEC-2287-B37,2,262,142,,120,2,,
875,10642,2,225,105,190,120,1,,
875,70001,2,146,86,218,60,1,,
875,Forest Hills-01,2,146,86,218,60,1,,
875,Forest Hills-02,2,146,86,218,60,1,,
875,NEC-2237,2,456,156,316,300,1,,
875,NEC-2237-03,2,456,156,316,300,1,,
875,NEC-2237-05,2,456,156,316,300,1,,
899,70150,2,180,60,,120,2,,
899,70151,2,175,55,,120,2,,
899,71150,2,180,60,,120,2,,
899,71151,2,175,55,,120,2,,
9070061,14112,2,183,63,82,120,1,,
9070061,14118,2,182,62,80,120,1,,
9070061,14120,2,153,33,43,120,1,,
9070061,14121,2,163,43,56,120,1,,
9070061,14122,2,177,57,74,120,1,,
9070061,14123,2,193,73,94,120,1,,
9070061,70061,2,233,173,279,60,1,,
9070061,Alewife-01,2,233,173,279,60,1,,
9070061,Alewife-02,2,233,173,279,60,1,,
93,70152,2,197,77,,120,2,,
93,70153,2,199,79,,120,2,,
93,79,2,199,79,102,120,1,,
9328,70036,2,150,90,207,60,1,,
9328,Oak Grove-01,2,150,90,207,60,1,,
9328,Oak Grove-02,2,150,90,207,60,1,,
9328,WR-0053-S,2,382,82,,300,2,,
Alewife-01,14112,2,332,212,332,120,1,,
Alewife-01,14118,2,330,210,330,120,1,,
Alewife-01,14120,2,302,182,293,120,1,,
Alewife-01,14121,2,312,192,306,120,1,,
Alewife-01,14122,2,326,206,324,120,1,,
Alewife-01,14123,2,341,221,344,120,1,,
Alewife-01,70061,2,100,40,20,60,1,,
Alewife-01,9070061,2,326,206,325,120,1,,
Alewife-01,Alewife-02,2,100,40,20,60,1,,
Alewife-02,14112,2,332,212,332,120,1,,
Alewife-02,14118,2,330,210,330,120,1,,
Alewife-02,14120,2,302,182,293,120,1,,
Alewife-02,14121,2,312,192,306,120,1,,
Alewife-02,14122,2,326,206,324,120,1,,
Alewife-02,14123,2,341,221,344,120,1,,
Alewife-02,70061,2,100,40,20,60,1,,
Alewife-02,9070061,2,326,206,325,120,1,,
Alewife-02,Alewife-01,2,100,40,20,60,1,,
BNT-0000,70026,2,360,240,300,120,1,,
BNT-0000,70027,2,360,240,300,120,1,,
BNT-0000,70205,2,360,240,300,120,1,,
BNT-0000,70206,2,360,240,300,120,1,,
BNT-0000,BNT-0000-01,2,239,119,153,120,1,,
BNT-0000,BNT-0000-02,2,239,119,153,120,1,,
BNT-0000,BNT-0000-03,2,240,120,155,120,1,,
BNT-0000,BNT-0000-04,2,240,120,155,120,1,,
BNT-0000,BNT-0000-05,2,247,127,164,120,1,,
BNT-0000,BNT-0000-06,2,247,127,164,120,1,,
BNT-0000,BNT-0000-07,2,254,134,173,120,1,,
BNT-0000,BNT-0000-08,2,254,134,173,120,1,,
BNT-0000,BNT-0000-09,2,254,134,173,120,1,,
BNT-0000,BNT-0000-10,2,254,134,173,120,1,,
BNT-0000-01,70026,2,360,240,300,120,1,,
BNT-0000-01,70027,2,360,240,300,120,1,,
BNT-0000-01,70205,2,360,240,300,120,1,,
BNT-0000-01,70206,2,360,240,300,120,1,,
BNT-0000-01,BNT-0000,2,239,119,153,120,1,,
BNT-0000-01,BNT-0000-02,2,231,111,143,120,1,,
BNT-0000-01,BNT-0000-03,2,232,112,145,120,1,,
BNT-0000-01,BNT-0000-04,2,232,112,145,120,1,,
BNT-0000-01,BNT-0000-05,2,239,119,154,120,1,,
BNT-0000-01,BNT-0000-06,2,239,119,154,120,1,,
BNT-0000-01,BNT-0000-07,2,246,126,163,120,1,,
BNT-0000-01,BNT-0000-08,2,246,126,163,120,1,,
BNT-0000-01,BNT-0000-09,2,246,126,163,120,1,,
BNT-0000-01,BNT-0000-10,2,246,126,163,120,1,,
BNT-0000-02,70026,2,360,240,300,120,1,,
BNT-0000-02,70027,2,360,240,300,120,1,,
BNT-0000-02,70205,2,360,240,300,120,1,,
BNT-0000-02,70206,2,360,240,300,120,1,,
BNT-0000-02,BNT-0000,2,239,119,153,120,1,,
BNT-0000-02,BNT-0000-01,2,231,111,143,120,1,,
BNT-0000-02,BNT-0000-03,2,232,112,145,120,1,,
BNT-0000-02,BNT-0000-04,2,232,112,145,120,1,,
BNT-0000-02,BNT-0000-05,2,239,119,154,120,1,,
BNT-0000-02,BNT-0000-06,2,239,119,154,120,1,,
BNT-0000-02,BNT-0000-07,2,246,126,163,120,1,,
BNT-0000-02,BNT-0000-08,2,246,126,163,120,1,,
BNT-0000-02,BNT-0000-09,2,246,126,163,120,1,,
BNT-0000-02,BNT-0000-10,2,246,126,163,120,1,,
BNT-0000-03,70026,2,360,240,300,120,1,,
BNT-0000-03,70027,2,360,240,300,120,1,,
BNT-0000-03,70205,2,360,240,300,120,1,,
BNT-0000-03,70206,2,360,240,300,120,1,,
BNT-0000-03,BNT-0000,2,240,120,155,120,1,,
BNT-0000-03,BNT-0000-01,2,232,112,145,120,1,,
BNT-0000-03,BNT-0000-02,2,232,112,145,120,1,,
BNT-0000-03,BNT-0000-04,2,233,113,147,120,1,,
BNT-0000-03,BNT-0000-05,2,240,120,156,120,1,,
BNT-0000-03,BNT-0000-06,2,240,120,156,120,1,,
BNT-0000-03,BNT-0000-07,2,247,127,165,120,1,,
BNT-0000-03,BNT-0000-08,2,247,127,165,120,1,,
BNT-0000-03,BNT-0000-09,2,247,127,165,120,1,,
BNT-0000-03,BNT-0000-10,2,247,127,165,120,1,,
BNT-0000-04,70026,2,360,240,300,120,1,,
BNT-0000-04,70027,2,360,240,300,120,1,,
BNT-0000-04,70205,2,360,240,300,120,1,,
BNT-0000-04,70206,2,360,240,300,120,1,,
BNT-0000-04,BNT-0000,2,240,120,155,120,1,,
BNT-0000-04,BNT-0000-01,2,232,112,145,120,1,,
BNT-0000-04,BNT-0000-02,2,232,112,145,120,1,,
BNT-0000-04,BNT-0000-03,2,233,113,147,120,1,,
BNT-0000-04,BNT-0000-05,2,240,120,156,120,1,,
BNT-0000-04,BNT-0000-06,2,240,120,156,120,1,,
BNT-0000-04,BNT-0000-07,2,247,127,165,120,1,,
BNT-0000-04,BNT-0000-08,2,247,127,165,120,1,,
BNT-0000-04,BNT-0000-09,2,247,127,165,120,1,,
BNT-0000-04,BNT-0000-10,2,247,127,165,120,1,,
BNT-0000-05,70026,2,360,240,300,120,1,,
BNT-0000-05,70027,2,360,240,300,120,1,,
BNT-0000-05,70205,2,360,240,300,120,1,,
BNT-0000-05,70206,2,360,240,300,120,1,,
BNT-0000-05,BNT-0000,2,247,127,164,120,1,,
BNT-0000-05,BNT-0000-01,2,239,119,154,120,1,,
BNT-0000-05,BNT-0000-02,2,239,119,154,120,1,,
BNT-0000-05,BNT-0000-03,2,240,120,156,120,1,,
BNT-0000-05,BNT-0000-04,2,240,120,156,120,1,,
BNT-0000-05,BNT-0000-06,2,248,128,165,120,1,,
BNT-0000-05,BNT-0000-07,2,255,135,174,120,1,,
BNT-0000-05,BNT-0000-08,2,255,135,174,120,1,,
BNT-0000-05,BNT-0000-09,2,255,135,174,120,1,,
BNT-0000-05,BNT-0000-10,2,255,135,174,120,1,,
BNT-0000-06,70026,2,360,240,300,120,1,,
BNT-0000-06,70027,2,360,240,300,120,1,,
BNT-0000-06,70205,2,360,240,300,120,1,,
BNT-0000-06,70206,2,360,240,300,120,1,,
BNT-0000-06,BNT-0000,2,247,127,164,120,1,,
BNT-0000-06,BNT-0000-01,2,239,119,154,120,1,,
BNT-0000-06,BNT-0000-02,2,239,119,154,120,1,,
BNT-0000-06,BNT-0000-03,2,240,120,156,120,1,,
BNT-0000-06,BNT-0000-04,2,240,120,156,120,1,,
BNT-0000-06,BNT-0000-05,2,248,128,165,120,1,,
BNT-0000-06,BNT-0000-07,2,255,135,174,120,1,,
BNT-0000-06,BNT-0000-08,2,255,135,174,120,1,,
BNT-0000-06,BNT-0000-09,2,255,135,174,120,1,,
BNT-0000-06,BNT-0000-10,2,255,135,174,120,1,,
BNT-0000-07,70026,2,360,240,300,120,1,,
BNT-0000-07,70027,2,360,240,300,120,1,,
BNT-0000-07,70205,2,360,240,300,120,1,,
BNT-0000-07,70206,2,360,240,300,120,1,,
BNT-0000-07,BNT-0000,2,254,134,173,120,1,,
BNT-0000-07,BNT-0000-01,2,246,126,163,120,1,,
BNT-0000-07,BNT-0000-02,2,246,126,163,120,1,,
BNT-0000-07,BNT-0000-03,2,247,127,165,120,1,,
BNT-0000-07,BNT-0000-04,2,247,127,165,120,1,,
BNT-0000-07,BNT-0000-05,2,255,135,174,120,1,,
BNT-0000-07,BNT-0000-06,2,255,135,174,120,1,,
BNT-0000-07,BNT-0000-08,2,262,142,183,120,1,,
BNT-0000-07,BNT-0000-09,2,262,142,183,120,1,,
BNT-0000-07,BNT-0000-10,2,262,142,183,120,1,,
BNT-0000-08,70026,2,360,240,300,120,1,,
BNT-0000-08,70027,2,360,240,300,120,1,,
BNT-0000-08,70205,2,360,240,300,120,1,,
BNT-0000-08,70206,2,360,240,300,120,1,,
BNT-0000-08,BNT-0000,2,254,134,173,120,1,,
BNT-0000-08,BNT-0000-01,2,246,126,163,120,1,,
BNT-0000-08,BNT-0000-02,2,246,126,163,120,1,,
BNT-0000-08,BNT-0000-03,2,247,127,165,120,1,,
BNT-0000-08,BNT-0000-04,2,247,127,165,120,1,,
BNT-0000-08,BNT-0000-05,2,255,135,174,120,1,,
BNT-0000-08,BNT-0000-06,2,255,135,174,120,1,,
BNT-0000-08,BNT-0000-07,2,262,142,183,120,1,,
BNT-0000-08,BNT-0000-09,2,262,142,183,120,1,,
BNT-0000-08,BNT-0000-10,2,262,142,183,120,1,,
BNT-0000-09,70026,2,360,240,300,120,1,,
BNT-0000-09,70027,2,360,240,300,120,1,,
BNT-0000-09,70205,2,360,240,300,120,1,,
BNT-0000-09,70206,2,360,240,300,120,1,,
BNT-0000-09,BNT-0000,2,254,134,173,120,1,,
BNT-0000-09,BNT-0000-01,2,246,126,163,120,1,,
BNT-0000-09,BNT-0000-02,2,246,126,163,120,1,,
BNT-0000-09,BNT-0000-03,2,247,127,165,120,1,,
BNT-0000-09,BNT-0000-04,2,247,127,165,120,1,,
BNT-0000-09,BNT-0000-05,2,255,135,174,120,1,,
BNT-0000-09,BNT-0000-06,2,255,135,174,120,1,,
BNT-0000-09,BNT-0000-07,2,262,142,183,120,1,,
BNT-0000-09,BNT-0000-08,2,262,142,183,120,1,,
BNT-0000-09,BNT-0000-10,2,262,142,183,120,1,,
BNT-0000-10,70026,2,360,240,300,120,1,,
BNT-0000-10,70027,2,360,240,300,120,1,,
BNT-0000-10,70205,2,360,240,300,120,1,,
BNT-0000-10,70206,2,360,240,300,120,1,,
BNT-0000-10,BNT-0000,2,254,134,173,120,1,,
BNT-0000-10,BNT-0000-01,2,246,126,163,120,1,,
BNT-0000-10,BNT-0000-02,2,246,126,163,120,1,,
BNT-0000-10,BNT-0000-03,2,247,127,165,120,1,,
BNT-0000-10,BNT-0000-04,2,247,127,165,120,1,,
BNT-0000-10,BNT-0000-05,2,255,135,174,120,1,,
BNT-0000-10,BNT-0000-06,2,255,135,174,120,1,,
BNT-0000-10,BNT-0000-07,2,262,142,183,120,1,,
BNT-0000-10,BNT-0000-08,2,262,142,183,120,1,,
BNT-0000-10,BNT-0000-09,2,262,142,183,120,1,,
Braintree-01,38671,2,161,41,90,120,1,,
Braintree-01,70105,2,73,13,16,60,1,,
Braintree-01,Braintree-02,2,73,13,16,60,1,,
Braintree-01,MM-0109,2,480,240,348,240,1,,
Braintree-01,MM-0109-CS,2,480,240,348,240,1,,
Braintree-01,MM-0109-S,2,480,240,348,240,1,,
Braintree-02,38671,2,161,41,90,120,1,,
Braintree-02,70105,2,73,13,16,60,1,,
Braintree-02,Braintree-01,2,73,13,16,60,1,,
Braintree-02,MM-0109,2,480,240,348,240,1,,
Braintree-02,MM-0109-CS,2,480,240,348,240,1,,
Braintree-02,MM-0109-S,2,480,240,348,240,1,,
ER-0042,74630,2,269,149,192,120,1,,
ER-0042,74631,2,240,120,156,120,1,,
ER-0042,ER-0042-01,2,269,149,192,120,1,,
ER-0042-01,74630,2,269,149,192,120,1,,
ER-0042-01,74631,2,240,120,156,120,1,,
ER-0042-01,ER-0042,2,269,149,192,120,1,,
FR-0034,70065,2,195,75,218,120,1,,
FR-0034,70066,2,195,75,260,120,1,,
FR-0034,FR-0034-01,2,129,9,12,120,1,,
FR-0034,FR-0034-02,2,129,9,12,120,1,,
FR-0034-01,70065,2,196,76,219,120,1,,
FR-0034-01,70066,2,196,76,261,120,1,,
FR-0034-01,FR-0034,2,129,9,12,120,1,,
FR-0034-01,FR-0034-02,2,130,10,13,120,1,,
FR-0034-02,70065,2,196,76,219,120,1,,
FR-0034-02,70066,2,196,76,261,120,1,,
FR-0034-02,FR-0034,2,129,9,12,120,1,,
FR-0034-02,FR-0034-01,2,130,10,13,120,1,,
Forest Hills-01,10642,2,195,75,153,120,1,,
Forest Hills-01,70001,2,71,11,14,60,1,,
Forest Hills-01,875,2,207,87,223,120,1,,
Forest Hills-01,Forest Hills-02,2,71,11,14,60,1,,
Forest Hills-01,NEC-2237,2,367,127,280,240,1,,
Forest Hills-01,NEC-2237-03,2,367,127,280,240,1,,
Forest Hills-01,NEC-2237-05,2,367,127,280,240,1,,
Forest Hills-02,10642,2,195,75,153,120,1,,
Forest Hills-02,70001,2,71,11,14,60,1,,
Forest Hills-02,875,2,207,87,223,120,1,,
Forest Hills-02,Forest Hills-01,2,71,11,14,60,1,,
Forest Hills-02,NEC-2237,2,367,127,280,240,1,,
Forest Hills-02,NEC-2237-03,2,367,127,280,240,1,,
Forest Hills-02,NEC-2237-05,2,367,127,280,240,1,,
Government Center-Brattle,4510,2,177,57,116,120,1,,
Government Center-Brattle,70039,2,126,36,91,90,1,,
Government Center-Brattle,70040,2,126,36,91,90,1,,
Government Center-Brattle,70201,2,147,27,35,120,1,,
Government Center-Brattle,70202,2,141,21,27,120,1,,
MM-0023-S,121,2,206,86,112,120,1,,
MM-0023-S,70085,2,346,226,340,120,1,,
MM-0023-S,70086,2,346,226,340,120,1,,
MM-0023-S,70095,2,343,223,335,120,1,,
MM-0023-S,70096,2,343,223,335,120,1,,
MM-0079-S,32000,2,187,67,,120,2,,
MM-0079-S,32001,2,180,60,142,120,1,,
MM-0079-S,32002,2,190,70,155,120,1,,
MM-0079-S,32003,2,200,80,167,120,1,,
MM-0079-S,32004,2,209,89,179,120,1,,
MM-0079-S,32005,2,219,99,192,120,1,,
MM-0079-S,70101,2,189,69,215,120,1,,
MM-0079-S,70102,2,189,69,215,120,1,,
MM-0109,38671,2,361,241,312,120,1,,
MM-0109,70105,2,366,246,353,120,1,,
MM-0109,Braintree-01,2,366,246,353,120,1,,
MM-0109,Braintree-02,2,366,246,353,120,1,,
MM-0109,MM-0109-CS,2,324,204,263,120,1,,
MM-0109,MM-0109-S,2,324,204,263,120,1,,
MM-0109-CS,38671,2,361,241,312,120,1,,
MM-0109-CS,70105,2,366,246,353,120,1,,
MM-0109-CS,Braintree-01,2,366,246,353,120,1,,
MM-0109-CS,Braintree-02,2,366,246,353,120,1,,
MM-0109-CS,MM-0109,2,324,204,263,120,1,,
MM-0109-CS,MM-0109-S,2,324,204,263,120,1,,
MM-0109-S,38671,2,361,241,312,120,1,,
MM-0109-S,70105,2,366,246,353,120,1,,
MM-0109-S,Braintree-01,2,366,246,353,120,1,,
MM-0109-S,Braintree-02,2,366,246,353,120,1,,
MM-0109-S,MM-0109,2,324,204,263,120,1,,
MM-0109-S,MM-0109-CS,2,324,204,263,120,1,,
NBM-0374,NBM-0374-01,2,153,33,42,120,1,,
NBM-0374,NBM-0374-02,2,153,33,42,120,1,,
NBM-0374,NBM-0374-B,2,209,89,223,120,1,,
NBM-0374-01,NBM-0374,2,153,33,42,120,1,,
NBM-0374-01,NBM-0374-02,2,153,33,42,120,1,,
NBM-0374-01,NBM-0374-B,2,209,89,223,120,1,,
NBM-0374-02,NBM-0374,2,153,33,42,120,1,,
NBM-0374-02,NBM-0374-01,2,153,33,42,120,1,,
NBM-0374-02,NBM-0374-B,2,209,89,223,120,1,,
NBM-0374-B,NBM-0374,2,389,89,223,300,1,,
NBM-0374-B,NBM-0374-01,2,389,89,223,300,1,,
NBM-0374-B,NBM-0374-02,2,389,89,223,300,1,,
NEC-2237,10642,2,274,154,259,120,1,,
NEC-2237,70001,2,245,125,275,120,1,,
NEC-2237,875,2,276,156,316,120,1,,
NEC-2237,Forest Hills-01,2,245,125,275,120,1,,
NEC-2237,Forest Hills-02,2,245,125,275,120,1,,
NEC-2237,NEC-2237-03,2,287,167,216,120,1,,
NEC-2237,NEC-2237-05,2,287,167,216,120,1,,
NEC-2237-03,10642,2,274,154,259,120,1,,
NEC-2237-03,70001,2,245,125,275,120,1,,
NEC-2237-03,875,2,276,156,316,120,1,,
NEC-2237-03,Forest Hills-01,2,245,125,275,120,1,,
NEC-2237-03,Forest Hills-02,2,245,125,275,120,1,,
NEC-2237-03,NEC-2237,2,287,167,216,120,1,,
NEC-2237-03,NEC-2237-05,2,124,4,6,120,1,,
NEC-2237-05,10642,2,274,154,259,120,1,,
NEC-2237-05,70001,2,245,125,275,120,1,,
NEC-2237-05,875,2,276,156,316,120,1,,
NEC-2237-05,Forest Hills-01,2,245,125,275,120,1,,
NEC-2237-05,Forest Hills-02,2,245,125,275,120,1,,
NEC-2237-05,NEC-2237,2,287,167,216,120,1,,
NEC-2237-05,NEC-2237-03,2,124,4,6,120,1,,
NEC-2265,17861,2,145,25,32,120,1,,
NEC-2265,17862,2,167,47,121,120,1,,
NEC-2265,17863,2,156,36,106,120,1,,
NEC-2265,17865,2,146,26,93,120,1,,
NEC-2265,17866,2,160,40,112,120,1,,
NEC-2265,17867,2,153,33,97,120,1,,
NEC-2265,17868,2,154,34,99,120,1,,
NEC-2265,17869,2,160,40,105,120,1,,
NEC-2265,17870,2,167,47,115,120,1,,
NEC-2265,17871,2,173,53,123,120,1,,
NEC-2265,70010,2,172,52,141,120,1,,
NEC-2265,70011,2,172,52,141,120,1,,
NEC-2265,NEC-2265-01,2,174,54,119,120,1,,
NEC-2265,NEC-2265-02,2,267,147,250,120,1,,
NEC-2265,NEC-2265-03,2,174,54,119,120,1,,
NEC-2265-01,17861,2,164,44,107,120,1,,
NEC-2265-01,17862,2,176,56,182,120,1,,
NEC-2265-01,17863,2,164,44,167,120,1,,
NEC-2265-01,17865,2,154,34,154,120,1,,
NEC-2265-01,17866,2,169,49,173,120,1,,
NEC-2265-01,17867,2,173,53,172,120,1,,
NEC-2265-01,17868,2,174,54,174,120,1,,
NEC-2265-01,17869,2,179,59,180,120,1,,
NEC-2265-01,17870,2,187,67,191,120,1,,
NEC-2265-01,17871,2,193,73,198,120,1,,
NEC-2265-01,70010,2,174,54,193,120,1,,
NEC-2265-01,70011,2,174,54,193,120,1,,
NEC-2265-01,NEC-2265,2,174,54,119,120,1,,
NEC-2265-01,NEC-2265-02,2,276,156,311,120,1,,
NEC-2265-01,NEC-2265-03,2,133,13,17,120,1,,
NEC-2265-02,17861,2,284,164,272,120,1,,
NEC-2265-02,17862,2,263,143,185,120,1,,
NEC-2265-02,17863,2,259,139,180,120,1,,
NEC-2265-02,17865,2,249,129,166,120,1,,
NEC-2265-02,17866,2,235,115,149,120,1,,
NEC-2265-02,17867,2,255,135,175,120,1,,
NEC-2265-02,17868,2,256,136,175,120,1,,
NEC-2265-02,17869,2,249,129,166,120,1,,
NEC-2265-02,17870,2,256,136,176,120,1,,
NEC-2265-02,17871,2,262,142,184,120,1,,
NEC-2265-02,70010,2,293,173,357,120,1,,
NEC-2265-02,70011,2,293,173,357,120,1,,
NEC-2265-02,NEC-2265,2,269,149,252,120,1,,
NEC-2265-02,NEC-2265-01,2,277,157,313,120,1,,
NEC-2265-02,NEC-2265-03,2,277,157,313,120,1,,
NEC-2265-03,17861,2,164,44,107,120,1,,
NEC-2265-03,17862,2,176,56,182,120,1,,
NEC-2265-03,17863,2,164,44,167,120,1,,
NEC-2265-03,17865,2,154,34,154,120,1,,
NEC-2265-03,17866,2,169,49,173,120,1,,
NEC-2265-03,17867,2,173,53,172,120,1,,
NEC-2265-03,17868,2,174,54,174,120,1,,
NEC-2265-03,17869,2,179,59,180,120,1,,
NEC-2265-03,17870,2,187,67,191,120,1,,
NEC-2265-03,17871,2,193,73,198,120,1,,
NEC-2265-03,70010,2,174,54,193,120,1,,
NEC-2265-03,70011,2,174,54,193,120,1,,
NEC-2265-03,NEC-2265,2,174,54,119,120,1,,
NEC-2265-03,NEC-2265-01,2,133,13,17,120,1,,
NEC-2265-03,NEC-2265-02,2,276,156,311,120,1,,
NEC-2276,11384,2,158,38,49,120,1,,
NEC-2276,176,2,179,59,76,120,1,,
NEC-2276,23391,2,183,63,82,120,1,,
NEC-2276,70014,2,185,65,117,120,1,,
NEC-2276,70015,2,185,65,117,120,1,,
NEC-2276,NEC-2276-01,2,179,59,128,120,1,,
NEC-2276,NEC-2276-02,2,180,60,154,120,1,,
NEC-2276,NEC-2276-03,2,179,59,128,120,1,,
NEC-2276,WML-0012-05,2,272,152,244,120,1,,
NEC-2276,WML-0012-07,2,272,152,244,120,1,,
NEC-2276-01,11384,2,215,95,175,120,1,,
NEC-2276-01,176,2,250,130,221,120,1,,
NEC-2276-01,23391,2,188,68,140,120,1,,
NEC-2276-01,70014,2,233,113,232,120,1,,
NEC-2276-01,70015,2,233,113,232,120,1,,
NEC-2276-01,NEC-2276,2,203,83,160,120,1,,
NEC-2276-01,NEC-2276-02,2,228,108,268,120,1,,
NEC-2276-01,NEC-2276-03,2,151,31,41,120,1,,
NEC-2276-01,WML-0012-05,2,320,200,359,120,1,,
NEC-2276-01,WML-0012-07,2,320,200,359,120,1,,
NEC-2276-02,11384,2,250,130,244,120,1,,
NEC-2276-02,176,2,272,152,272,120,1,,
NEC-2276-02,23391,2,262,142,260,120,1,,
NEC-2276-02,70014,2,269,149,302,120,1,,
NEC-2276-02,70015,2,269,149,302,120,1,,
NEC-2276-02,NEC-2276,2,240,120,231,120,1,,
NEC-2276-02,NEC-2276-01,2,264,144,314,120,1,,
NEC-2276-02,NEC-2276-03,2,264,144,314,120,1,,
NEC-2276-02,WML-0012-05,2,357,237,430,120,1,,
NEC-2276-02,WML-0012-07,2,357,237,430,120,1,,
NEC-2276-03,11384,2,215,95,175,120,1,,
NEC-2276-03,176,2,250,130,221,120,1,,
NEC-2276-03,23391,2,188,68,140,120,1,,
NEC-2276-03,70014,2,233,113,232,120,1,,
NEC-2276-03,70015,2,233,113,232,120,1,,
NEC-2276-03,NEC-2276,2,203,83,160,120,1,,
NEC-2276-03,NEC-2276-01,2,151,31,41,120,1,,
NEC-2276-03,NEC-2276-02,2,228,108,268,120,1,,
NEC-2276-03,WML-0012-05,2,320,200,359,120,1,,
NEC-2276-03,WML-0012-07,2,320,200,359,120,1,,
NEC-2287,70079,2,236,116,261,120,1,,
NEC-2287,70080,2,261,141,353,120,1,,
NEC-2287,74611,2,224,104,248,120,1,,
NEC-2287,74617,2,227,107,252,120,1,,
NEC-2287,84611,2,224,104,,120,2,,
NEC-2287,NEC-2287-01,2,181,61,79,120,1,,
NEC-2287,NEC-2287-02,2,175,55,71,120,1,,
NEC-2287,NEC-2287-03,2,175,55,71,120,1,,
NEC-2287,NEC-2287-04,2,169,49,63,120,1,,
NEC-2287,NEC-2287-05,2,169,49,63,120,1,,
NEC-2287,NEC-2287-06,2,166,46,59,120,1,,
NEC-2287,NEC-2287-07,2,166,46,59,120,1,,
NEC-2287,NEC-2287-08,2,173,53,68,120,1,,
NEC-2287,NEC-2287-09,2,173,53,68,120,1,,
NEC-2287,NEC-2287-10,2,176,56,73,120,1,,
NEC-2287,NEC-2287-11,2,176,56,73,120,1,,
NEC-2287,NEC-2287-12,2,194,74,96,120,1,,
NEC-2287,NEC-2287-13,2,194,74,96,120,1,,
NEC-2287,NEC-2287-B2,2,229,109,187,120,1,,
NEC-2287,NEC-2287-B36,2,146,26,79,120,1,,
NEC-2287,NEC-2287-B37,2,159,39,96,120,1,,
NEC-2287-01,70079,2,285,165,325,120,1,,
NEC-2287-01,70080,2,310,190,417,120,1,,
NEC-2287-01,74611,2,273,153,312,120,1,,
NEC-2287-01,74617,2,276,156,316,120,1,,
NEC-2287-01,84611,2,273,153,,120,2,,
NEC-2287-01,NEC-2287,2,181,61,79,120,1,,
NEC-2287-01,NEC-2287-02,2,177,57,74,120,1,,
NEC-2287-01,NEC-2287-03,2,177,57,74,120,1,,
NEC-2287-01,NEC-2287-04,2,182,62,80,120,1,,
NEC-2287-01,NEC-2287-05,2,182,62,80,120,1,,
NEC-2287-01,NEC-2287-06,2,192,72,93,120,1,,
NEC-2287-01,NEC-2287-07,2,192,72,93,120,1,,
NEC-2287-01,NEC-2287-08,2,234,114,148,120,1,,
NEC-2287-01,NEC-2287-09,2,234,114,148,120,1,,
NEC-2287-01,NEC-2287-10,2,237,117,152,120,1,,
NEC-2287-01,NEC-2287-11,2,237,117,152,120,1,,
NEC-2287-01,NEC-2287-12,2,255,135,175,120,1,,
NEC-2287-01,NEC-2287-13,2,255,135,175,120,1,,
NEC-2287-01,NEC-2287-B2,2,261,141,228,120,1,,
NEC-2287-01,NEC-2287-B36,2,177,57,120,120,1,,
NEC-2287-01,NEC-2287-B37,2,190,70,137,120,1,,
NEC-2287-02,70079,2,282,162,321,120,1,,
NEC-2287-02,70080,2,307,187,413,120,1,,
NEC-2287-02,74611,2,270,150,308,120,1,,
NEC-2287-02,74617,2,273,153,312,120,1,,
NEC-2287-02,84611,2,270,150,,120,2,,
NEC-2287-02,NEC-2287,2,175,55,71,120,1,,
NEC-2287-02,NEC-2287-01,2,177,57,74,120,1,,
NEC-2287-02,NEC-2287-03,2,172,52,68,120,1,,
NEC-2287-02,NEC-2287-04,2,177,57,74,120,1,,
NEC-2287-02,NEC-2287-05,2,177,57,74,120,1,,
NEC-2287-02,NEC-2287-06,2,186,66,85,120,1,,
NEC-2287-02,NEC-2287-07,2,186,66,85,120,1,,
NEC-2287-02,NEC-2287-08,2,228,108,140,120,1,,
NEC-2287-02,NEC-2287-09,2,228,108,140,120,1,,
NEC-2287-02,NEC-2287-10,2,231,111,144,120,1,,
NEC-2287-02,NEC-2287-11,2,231,111,144,120,1,,
NEC-2287-02,NEC-2287-12,2,249,129,167,120,1,,
NEC-2287-02,NEC-2287-13,2,249,129,167,120,1,,
NEC-2287-02,NEC-2287-B2,2,254,134,219,120,1,,
NEC-2287-02,NEC-2287-B36,2,170,50,111,120,1,,
NEC-2287-02,NEC-2287-B37,2,183,63,128,120,1,,
NEC-2287-03,70079,2,282,162,321,120,1,,
NEC-2287-03,70080,2,307,187,413,120,1,,
NEC-2287-03,74611,2,270,150,308,120,1,,
NEC-2287-03,74617,2,273,153,312,120,1,,
NEC-2287-03,84611,2,270,150,,120,2,,
NEC-2287-03,NEC-2287,2,175,55,71,120,1,,
NEC-2287-03,NEC-2287-01,2,177,57,74,120,1,,
NEC-2287-03,NEC-2287-02,2,172,52,68,120,1,,
NEC-2287-03,NEC-2287-04,2,177,57,74,120,1,,
NEC-2287-03,NEC-2287-05,2,177,57,74,120,1,,
NEC-2287-03,NEC-2287-06,2,186,66,85,120,1,,
NEC-2287-03,NEC-2287-07,2,186,66,85,120,1,,
NEC-2287-03,NEC-2287-08,2,228,108,140,120,1,,
NEC-2287-03,NEC-2287-09,2,228,108,140,120,1,,
NEC-2287-03,NEC-2287-10,2,231,111,144,120,1,,
NEC-2287-03,NEC-2287-11,2,231,111,144,120,1,,
NEC-2287-03,NEC-2287-12,2,249,129,167,120,1,,
NEC-2287-03,NEC-2287-13,2,249,129,167,120,1,,
NEC-2287-03,NEC-2287-B2,2,254,134,219,120,1,,
NEC-2287-03,NEC-2287-B36,2,170,50,111,120,1,,
NEC-2287-03,NEC-2287-B37,2,183,63,128,120,1,,
NEC-2287-04,70079,2,284,164,323,120,1,,
NEC-2287-04,70080,2,308,188,415,120,1,,
NEC-2287-04,74611,2,271,151,310,120,1,,
NEC-2287-04,74617,2,274,154,314,120,1,,
NEC-2287-04,84611,2,271,151,,120,2,,
NEC-2287-04,NEC-2287,2,169,49,63,120,1,,
NEC-2287-04,NEC-2287-01,2,182,62,80,120,1,,
NEC-2287-04,NEC-2287-02,2,177,57,74,120,1,,
NEC-2287-04,NEC-2287-03,2,177,57,74,120,1,,
NEC-2287-04,NEC-2287-05,2,172,52,68,120,1,,
NEC-2287-04,NEC-2287-06,2,179,59,77,120,1,,
NEC-2287-04,NEC-2287-07,2,179,59,77,120,1,,
NEC-2287-04,NEC-2287-08,2,222,102,131,120,1,,
NEC-2287-04,NEC-2287-09,2,222,102,131,120,1,,
NEC-2287-04,NEC-2287-10,2,225,105,136,120,1,,
NEC-2287-04,NEC-2287-11,2,225,105,136,120,1,,
NEC-2287-04,NEC-2287-12,2,242,122,158,120,1,,
NEC-2287-04,NEC-2287-13,2,242,122,158,120,1,,
NEC-2287-04,NEC-2287-B2,2,247,127,211,120,1,,
NEC-2287-04,NEC-2287-B36,2,164,44,102,120,1,,
NEC-2287-04,NEC-2287-B37,2,177,57,120,120,1,,
NEC-2287-05,70079,2,284,164,323,120,1,,
NEC-2287-05,70080,2,308,188,415,120,1,,
NEC-2287-05,74611,2,271,151,310,120,1,,
NEC-2287-05,74617,2,274,154,314,120,1,,
NEC-2287-05,84611,2,271,151,,120,2,,
NEC-2287-05,NEC-2287,2,169,49,63,120,1,,
NEC-2287-05,NEC-2287-01,2,182,62,80,120,1,,
NEC-2287-05,NEC-2287-02,2,177,57,74,120,1,,
NEC-2287-05,NEC-2287-03,2,177,57,74,120,1,,
NEC-2287-05,NEC-2287-04,2,172,52,68,120,1,,
NEC-2287-05,NEC-2287-06,2,179,59,77,120,1,,
NEC-2287-05,NEC-2287-07,2,179,59,77,120,1,,
NEC-2287-05,NEC-2287-08,2,222,102,131,120,1,,
NEC-2287-05,NEC-2287-09,2,222,102,131,120,1,,
NEC-2287-05,NEC-2287-10,2,225,105,136,120,1,,
NEC-2287-05,NEC-2287-11,2,225,105,136,120,1,,
NEC-2287-05,NEC-2287-12,2,242,122,158,120,1,,
NEC-2287-05,NEC-2287-13,2,242,122,158,120,1,,
NEC-2287-05,NEC-2287-B2,2,247,127,211,120,1,,
NEC-2287-05,NEC-2287-B36,2,164,44,102,120,1,,
NEC-2287-05,NEC-2287-B37,2,177,57,120,120,1,,
NEC-2287-06,70079,2,282,162,320,120,1,,
NEC-2287-06,70080,2,306,186,412,120,1,,
NEC-2287-06,74611,2,269,149,307,120,1,,
NEC-2287-06,74617,2,273,153,311,120,1,,
NEC-2287-06,84611,2,269,149,,120,2,,
NEC-2287-06,NEC-2287,2,166,46,59,120,1,,
NEC-2287-06,NEC-2287-01,2,192,72,93,120,1,,
NEC-2287-06,NEC-2287-02,2,186,66,85,120,1,,
NEC-2287-06,NEC-2287-03,2,186,66,85,120,1,,
NEC-2287-06,NEC-2287-04,2,179,59,77,120,1,,
NEC-2287-06,NEC-2287-05,2,179,59,77,120,1,,
NEC-2287-06,NEC-2287-07,2,175,55,71,120,1,,
NEC-2287-06,NEC-2287-08,2,219,99,128,120,1,,
NEC-2287-06,NEC-2287-09,2,219,99,128,120,1,,
NEC-2287-06,NEC-2287-10,2,222,102,132,120,1,,
NEC-2287-06,NEC-2287-11,2,222,102,132,120,1,,
NEC-2287-06,NEC-2287-12,2,240,120,155,120,1,,
NEC-2287-06,NEC-2287-13,2,240,120,155,120,1,,
NEC-2287-06,NEC-2287-B2,2,243,123,205,120,1,,
NEC-2287-06,NEC-2287-B36,2,159,39,97,120,1,,
NEC-2287-06,NEC-2287-B37,2,173,53,114,120,1,,
NEC-2287-07,70079,2,282,162,320,120,1,,
NEC-2287-07,70080,2,306,186,412,120,1,,
NEC-2287-07,74611,2,269,149,307,120,1,,
NEC-2287-07,74617,2,273,153,311,120,1,,
NEC-2287-07,84611,2,269,149,,120,2,,
NEC-2287-07,NEC-2287,2,166,46,59,120,1,,
NEC-2287-07,NEC-2287-01,2,192,72,93,120,1,,
NEC-2287-07,NEC-2287-02,2,186,66,85,120,1,,
NEC-2287-07,NEC-2287-03,2,186,66,85,120,1,,
NEC-2287-07,NEC-2287-04,2,179,59,77,120,1,,
NEC-2287-07,NEC-2287-05,2,179,59,77,120,1,,
NEC-2287-07,NEC-2287-06,2,175,55,71,120,1,,
NEC-2287-07,NEC-2287-08,2,219,99,128,120,1,,
NEC-2287-07,NEC-2287-09,2,219,99,128,120,1,,
NEC-2287-07,NEC-2287-10,2,222,102,132,120,1,,
NEC-2287-07,NEC-2287-11,2,222,102,132,120,1,,
NEC-2287-07,NEC-2287-12,2,240,120,155,120,1,,
NEC-2287-07,NEC-2287-13,2,240,120,155,120,1,,
NEC-2287-07,NEC-2287-B2,2,243,123,205,120,1,,
NEC-2287-07,NEC-2287-B36,2,159,39,97,120,1,,
NEC-2287-07,NEC-2287-B37,2,173,53,114,120,1,,
NEC-2287-08,70079,2,284,164,324,120,1,,
NEC-2287-08,70080,2,309,189,416,120,1,,
NEC-2287-08,74611,2,272,152,311,120,1,,
NEC-2287-08,74617,2,275,155,315,120,1,,
NEC-2287-08,84611,2,272,152,,120,2,,
NEC-2287-08,NEC-2287,2,173,53,68,120,1,,
NEC-2287-08,NEC-2287-01,2,234,114,148,120,1,,
NEC-2287-08,NEC-2287-02,2,228,108,140,120,1,,
NEC-2287-08,NEC-2287-03,2,228,108,140,120,1,,
NEC-2287-08,NEC-2287-04,2,222,102,131,120,1,,
NEC-2287-08,NEC-2287-05,2,222,102,131,120,1,,
NEC-2287-08,NEC-2287-06,2,219,99,128,120,1,,
NEC-2287-08,NEC-2287-07,2,219,99,128,120,1,,
NEC-2287-08,NEC-2287-09,2,202,82,106,120,1,,
NEC-2287-08,NEC-2287-10,2,205,85,110,120,1,,
NEC-2287-08,NEC-2287-11,2,205,85,110,120,1,,
NEC-2287-08,NEC-2287-12,2,223,103,133,120,1,,
NEC-2287-08,NEC-2287-13,2,223,103,133,120,1,,
NEC-2287-08,NEC-2287-B2,2,279,159,252,120,1,,
NEC-2287-08,NEC-2287-B36,2,196,76,144,120,1,,
NEC-2287-08,NEC-2287-B37,2,209,89,161,120,1,,
NEC-2287-09,70079,2,284,164,324,120,1,,
NEC-2287-09,70080,2,309,189,416,120,1,,
NEC-2287-09,74611,2,272,152,311,120,1,,
NEC-2287-09,74617,2,275,155,315,120,1,,
NEC-2287-09,84611,2,272,152,,120,2,,
NEC-2287-09,NEC-2287,2,173,53,68,120,1,,
NEC-2287-09,NEC-2287-01,2,234,114,148,120,1,,
NEC-2287-09,NEC-2287-02,2,228,108,140,120,1,,
NEC-2287-09,NEC-2287-03,2,228,108,140,120,1,,
NEC-2287-09,NEC-2287-04,2,222,102,131,120,1,,
NEC-2287-09,NEC-2287-05,2,222,102,131,120,1,,
NEC-2287-09,NEC-2287-06,2,219,99,128,120,1,,
NEC-2287-09,NEC-2287-07,2,219,99,128,120,1,,
NEC-2287-09,NEC-2287-08,2,202,82,106,120,1,,
NEC-2287-09,NEC-2287-10,2,205,85,110,120,1,,
NEC-2287-09,NEC-2287-11,2,205,85,110,120,1,,
NEC-2287-09,NEC-2287-12,2,223,103,133,120,1,,
NEC-2287-09,NEC-2287-13,2,223,103,133,120,1,,
NEC-2287-09,NEC-2287-B2,2,279,159,252,120,1,,
NEC-2287-09,NEC-2287-B36,2,196,76,144,120,1,,
NEC-2287-09,NEC-2287-B37,2,209,89,161,120,1,,
NEC-2287-10,70079,2,288,168,328,120,1,,
NEC-2287-10,70080,2,313,193,420,120,1,,
NEC-2287-10,74611,2,276,156,315,120,1,,
NEC-2287-10,74617,2,279,159,319,120,1,,
NEC-2287-10,84611,2,276,156,,120,2,,
NEC-2287-10,NEC-2287,2,176,56,73,120,1,,
NEC-2287-10,NEC-2287-01,2,237,117,152,120,1,,
NEC-2287-10,NEC-2287-02,2,231,111,144,120,1,,
NEC-2287-10,NEC-2287-03,2,231,111,144,120,1,,
NEC-2287-10,NEC-2287-04,2,225,105,136,120,1,,
NEC-2287-10,NEC-2287-05,2,225,105,136,120,1,,
NEC-2287-10,NEC-2287-06,2,222,102,132,120,1,,
NEC-2287-10,NEC-2287-07,2,222,102,132,120,1,,
NEC-2287-10,NEC-2287-08,2,205,85,110,120,1,,
NEC-2287-10,NEC-2287-09,2,205,85,110,120,1,,
NEC-2287-10,NEC-2287-11,2,208,88,114,120,1,,
NEC-2287-10,NEC-2287-12,2,226,106,137,120,1,,
NEC-2287-10,NEC-2287-13,2,226,106,137,120,1,,
NEC-2287-10,NEC-2287-B2,2,283,163,256,120,1,,
NEC-2287-10,NEC-2287-B36,2,199,79,148,120,1,,
NEC-2287-10,NEC-2287-B37,2,212,92,165,120,1,,
NEC-2287-11,70079,2,288,168,328,120,1,,
NEC-2287-11,70080,2,313,193,420,120,1,,
NEC-2287-11,74611,2,276,156,315,120,1,,
NEC-2287-11,74617,2,279,159,319,120,1,,
NEC-2287-11,84611,2,276,156,,120,2,,
NEC-2287-11,NEC-2287,2,176,56,73,120,1,,
NEC-2287-11,NEC-2287-01,2,237,117,152,120,1,,
NEC-2287-11,NEC-2287-02,2,231,111,144,120,1,,
NEC-2287-11,NEC-2287-03,2,231,111,144,120,1,,
NEC-2287-11,NEC-2287-04,2,225,105,136,120,1,,
NEC-2287-11,NEC-2287-05,2,225,105,136,120,1,,
NEC-2287-11,NEC-2287-06,2,222,102,132,120,1,,
NEC-2287-11,NEC-2287-07,2,222,102,132,120,1,,
NEC-2287-11,NEC-2287-08,2,205,85,110,120,1,,
NEC-2287-11,NEC-2287-09,2,205,85,110,120,1,,
NEC-2287-11,NEC-2287-10,2,208,88,114,120,1,,
NEC-2287-11,NEC-2287-12,2,226,106,137,120,1,,
NEC-2287-11,NEC-2287-13,2,226,106,137,120,1,,
NEC-2287-11,NEC-2287-B2,2,283,163,256,120,1,,
NEC-2287-11,NEC-2287-B36,2,199,79,148,120,1,,
NEC-2287-11,NEC-2287-B37,2,212,92,165,120,1,,
NEC-2287-12,70079,2,305,185,351,120,1,,
NEC-2287-12,70080,2,330,210,443,120,1,,
NEC-2287-12,74611,2,293,173,338,120,1,,
NEC-2287-12,74617,2,296,176,342,120,1,,
NEC-2287-12,84611,2,293,173,,120,2,,
NEC-2287-12,NEC-2287,2,194,74,96,120,1,,
NEC-2287-12,NEC-2287-01,2,255,135,175,120,1,,
NEC-2287-12,NEC-2287-02,2,249,129,167,120,1,,
NEC-2287-12,NEC-2287-03,2,249,129,167,120,1,,
NEC-2287-12,NEC-2287-04,2,242,122,158,120,1,,
NEC-2287-12,NEC-2287-05,2,242,122,158,120,1,,
NEC-2287-12,NEC-2287-06,2,240,120,155,120,1,,
NEC-2287-12,NEC-2287-07,2,240,120,155,120,1,,
NEC-2287-12,NEC-2287-08,2,223,103,133,120,1,,
NEC-2287-12,NEC-2287-09,2,223,103,133,120,1,,
NEC-2287-12,NEC-2287-10,2,226,106,137,120,1,,
NEC-2287-12,NEC-2287-11,2,226,106,137,120,1,,
NEC-2287-12,NEC-2287-13,2,244,124,160,120,1,,
NEC-2287-12,NEC-2287-B2,2,300,180,279,120,1,,
NEC-2287-12,NEC-2287-B36,2,217,97,171,120,1,,
NEC-2287-12,NEC-2287-B37,2,230,110,188,120,1,,
NEC-2287-13,70079,2,305,185,351,120,1,,
NEC-2287-13,70080,2,330,210,443,120,1,,
NEC-2287-13,74611,2,293,173,338,120,1,,
NEC-2287-13,74617,2,296,176,342,120,1,,
NEC-2287-13,84611,2,293,173,,120,2,,
NEC-2287-13,NEC-2287,2,194,74,96,120,1,,
NEC-2287-13,NEC-2287-01,2,255,135,175,120,1,,
NEC-2287-13,NEC-2287-02,2,249,129,167,120,1,,
NEC-2287-13,NEC-2287-03,2,249,129,167,120,1,,
NEC-2287-13,NEC-2287-04,2,242,122,158,120,1,,
NEC-2287-13,NEC-2287-05,2,242,122,158,120,1,,
NEC-2287-13,NEC-2287-06,2,240,120,155,120,1,,
NEC-2287-13,NEC-2287-07,2,240,120,155,120,1,,
NEC-2287-13,NEC-2287-08,2,223,103,133,120,1,,
NEC-2287-13,NEC-2287-09,2,223,103,133,120,1,,
NEC-2287-13,NEC-2287-10,2,226,106,137,120,1,,
NEC-2287-13,NEC-2287-11,2,226,106,137,120,1,,
NEC-2287-13,NEC-2287-12,2,244,124,160,120,1,,
NEC-2287-13,NEC-2287-B2,2,300,180,279,120,1,,
NEC-2287-13,NEC-2287-B36,2,217,97,171,120,1,,
NEC-2287-13,NEC-2287-B37,2,230,110,188,120,1,,
NEC-2287-B2,70079,2,285,225,448,60,1,,
NEC-2287-B2,70080,2,310,250,540,60,1,,
NEC-2287-B2,74611,2,333,213,435,120,1,,
NEC-2287-B2,74617,2,336,216,439,120,1,,
NEC-2287-B2,84611,2,333,213,,120,2,,
NEC-2287-B2,NEC-2287,2,409,109,187,300,1,,
NEC-2287-B2,NEC-2287-01,2,441,141,228,300,1,,
NEC-2287-B2,NEC-2287-02,2,434,134,219,300,1,,
NEC-2287-B2,NEC-2287-03,2,434,134,219,300,1,,
NEC-2287-B2,NEC-2287-04,2,427,127,211,300,1,,
NEC-2287-B2,NEC-2287-05,2,427,127,211,300,1,,
NEC-2287-B2,NEC-2287-06,2,423,123,205,300,1,,
NEC-2287-B2,NEC-2287-07,2,423,123,205,300,1,,
NEC-2287-B2,NEC-2287-08,2,459,159,252,300,1,,
NEC-2287-B2,NEC-2287-09,2,459,159,252,300,1,,
NEC-2287-B2,NEC-2287-10,2,463,163,256,300,1,,
NEC-2287-B2,NEC-2287-11,2,463,163,256,300,1,,
NEC-2287-B2,NEC-2287-12,2,480,180,279,300,1,,
NEC-2287-B2,NEC-2287-13,2,480,180,279,300,1,,
NEC-2287-B2,NEC-2287-B36,2,210,90,117,120,1,,
NEC-2287-B2,NEC-2287-B37,2,207,87,113,120,1,,
NEC-2287-B36,70079,2,201,141,340,60,1,,
NEC-2287-B36,70080,2,226,166,432,60,1,,
NEC-2287-B36,74611,2,249,129,327,120,1,,
NEC-2287-B36,74617,2,252,132,331,120,1,,
NEC-2287-B36,84611,2,249,129,,120,2,,
NEC-2287-B36,NEC-2287,2,326,26,79,300,1,,
NEC-2287-B36,NEC-2287-01,2,357,57,120,300,1,,
NEC-2287-B36,NEC-2287-02,2,350,50,111,300,1,,
NEC-2287-B36,NEC-2287-03,2,350,50,111,300,1,,
NEC-2287-B36,NEC-2287-04,2,344,44,102,300,1,,
NEC-2287-B36,NEC-2287-05,2,344,44,102,300,1,,
NEC-2287-B36,NEC-2287-06,2,339,39,97,300,1,,
NEC-2287-B36,NEC-2287-07,2,339,39,97,300,1,,
NEC-2287-B36,NEC-2287-08,2,376,76,144,300,1,,
NEC-2287-B36,NEC-2287-09,2,376,76,144,300,1,,
NEC-2287-B36,NEC-2287-10,2,379,79,148,300,1,,
NEC-2287-B36,NEC-2287-11,2,379,79,148,300,1,,
NEC-2287-B36,NEC-2287-12,2,397,97,171,300,1,,
NEC-2287-B36,NEC-2287-13,2,397,97,171,300,1,,
NEC-2287-B36,NEC-2287-B2,2,210,90,117,120,1,,
NEC-2287-B36,NEC-2287-B37,2,141,21,27,120,1,,
NEC-2287-B37,70079,2,214,154,357,60,1,,
NEC-2287-B37,70080,2,239,179,449,60,1,,
NEC-2287-B37,74611,2,262,142,344,120,1,,
NEC-2287-B37,74617,2,265,145,348,120,1,,
NEC-2287-B37,84611,2,262,142,,120,2,,
NEC-2287-B37,NEC-2287,2,339,39,96,300,1,,
NEC-2287-B37,NEC-2287-01,2,370,70,137,300,1,,
NEC-2287-B37,NEC-2287-02,2,363,63,128,300,1,,
NEC-2287-B37,NEC-2287-03,2,363,63,128,300,1,,
NEC-2287-B37,NEC-2287-04,2,357,57,120,300,1,,
NEC-2287-B37,NEC-2287-05,2,357,57,120,300,1,,
NEC-2287-B37,NEC-2287-06,2,353,53,114,300,1,,
NEC-2287-B37,NEC-2287-07,2,353,53,114,300,1,,
NEC-2287-B37,NEC-2287-08,2,389,89,161,300,1,,
NEC-2287-B37,NEC-2287-09,2,389,89,161,300,1,,
NEC-2287-B37,NEC-2287-10,2,392,92,165,300,1,,
NEC-2287-B37,NEC-2287-11,2,392,92,165,300,1,,
NEC-2287-B37,NEC-2287-12,2,410,110,188,300,1,,
NEC-2287-B37,NEC-2287-13,2,410,110,188,300,1,,
NEC-2287-B37,NEC-2287-B2,2,207,87,113,120,1,,
NEC-2287-B37,NEC-2287-B36,2,141,21,27,120,1,,
Oak Grove-01,70036,2,65,5,6,60,1,,
Oak Grove-01,9328,2,235,115,243,120,1,,
Oak Grove-01,Oak Grove-02,2,65,5,6,60,1,,
Oak Grove-01,WR-0053-S,2,358,118,,240,2,,
Oak Grove-02,70036,2,65,5,6,60,1,,
Oak Grove-02,9328,2,235,115,243,120,1,,
Oak Grove-02,Oak Grove-01,2,65,5,6,60,1,,
Oak Grove-02,WR-0053-S,2,358,118,,240,2,,
Union Square-01,70503,2,244,124,161,120,1,,
Union Square-01,70504,2,244,124,161,120,1,,
Union Square-01,Union Square-02,2,244,124,161,120,1,,
Union Square-02,70503,2,244,124,161,120,1,,
Union Square-02,70504,2,244,124,161,120,1,,
Union Square-02,Union Square-01,2,244,124,161,120,1,,
WML-0012-05,11384,2,263,143,233,120,1,,
WML-0012-05,176,2,306,186,289,120,1,,
WML-0012-05,23391,2,301,181,282,120,1,,
WML-0012-05,70014,2,301,181,315,120,1,,
WML-0012-05,70015,2,301,181,315,120,1,,
WML-0012-05,NEC-2276,2,272,152,244,120,1,,
WML-0012-05,NEC-2276-01,2,296,176,328,120,1,,
WML-0012-05,NEC-2276-02,2,297,177,353,120,1,,
WML-0012-05,NEC-2276-03,2,296,176,328,120,1,,
WML-0012-05,WML-0012-07,2,165,45,58,120,1,,
WML-0012-07,11384,2,263,143,233,120,1,,
WML-0012-07,176,2,306,186,289,120,1,,
WML-0012-07,23391,2,301,181,282,120,1,,
WML-0012-07,70014,2,301,181,315,120,1,,
WML-0012-07,70015,2,301,181,315,120,1,,
WML-0012-07,NEC-2276,2,272,152,244,120,1,,
WML-0012-07,NEC-2276-01,2,296,176,328,120,1,,
WML-0012-07,NEC-2276-02,2,297,177,353,120,1,,
WML-0012-07,NEC-2276-03,2,296,176,328,120,1,,
WML-0012-07,WML-0012-05,2,165,45,58,120,1,,
WR-0045-S,5072,2,189,69,146,120,1,,
WR-0045-S,5327,2,201,81,161,120,1,,
WR-0045-S,53270,2,192,72,149,120,1,,
WR-0045-S,70034,2,182,62,181,120,1,,
WR-0045-S,70035,2,182,62,181,120,1,,
WR-0053-S,70036,2,256,136,,120,2,,
WR-0053-S,9328,2,224,104,,120,2,,
WR-0053-S,Oak Grove-01,2,256,136,,120,2,,
WR-0053-S,Oak Grove-02,2,256,136,,120,2,,
river-B,38155,2,122,2,,120,2,,
river-B,70160,2,279,159,,120,2,,
river-B,70161,2,284,164,,120,2,,
70018,70019,3,,,,,,,
70019,70018,3,,,,,,,
70059,70060,3,,,,,,,
70060,70059,3,,,,,,,
70069,70070,3,,,,,,,
70070,70069,3,,,,,,,
70071,70072,3,,,,,,,
70072,70071,3,,,,,,,
70093,70094,3,,,,,,,
70154,70155,3,,,,,,,
70155,70154,3,,,,,,,
70158,70159,3,,,,,,,
70159,70158,3,,,,,,,
70241,70242,3,,,,,,,
70242,70241,3,,,,,,,
10000,10000,4,,,,,,78980128,78980129
10000,10000,4,,,,,,78980222,78980224
10000,10000,4,,,,,,78980225,78980228
10000,10000,4,,,,,,78980227,78980214
10000,10000,4,,,,,,78980231,78980221
10000,10000,4,,,,,,78980230,78980219
10000,10000,4,,,,,,78980223,78980215
10000,10000,4,,,,,,78980133,78980125
10000,10000,4,,,,,,78980131,78980134
10000,10000,4,,,,,,78980339,78980333
10000,10000,4,,,,,,78980345,78980343
10000,10000,4,,,,,,78980335,78980342
10000,10000,4,,,,,,78980338,78980329
10000,10000,4,,,,,,78980337,78980328
10000,10000,4,,,,,,78980136,78980132
10000,10000,4,,,,,,78980130,78980138
10000,10000,4,,,,,,78980140,78980143
10000,10000,4,,,,,,78980137,78980135
10000,10000,4,,,,,,78980879,78980878
10000,10000,4,,,,,,78980139,78980141
10000,10000,4,,,,,,78980147,78980145
10000,10000,4,,,,,,78980349,78980348
10000,10000,4,,,,,,78980332,78980327
10000,10000,4,,,,,,78980331,78980325
10000,10000,4,,,,,,78980336,78980330
10000,10000,4,,,,,,78980326,78980340
10000,10000,4,,,,,,78980344,78980334
10000,10000,4,,,,,,78980142,78980146
10000,10000,4,,,,,,78980144,78980148
10000,10000,4,,,,,,78980150,78980151
10000,10000,4,,,,,,78980149,78980153
10000,10000,4,,,,,,78982927,78982928
10000,10000,4,,,,,,78982931,78982929
10000,10000,4,,,,,,78982933,78982930
10000,10000,4,,,,,,78982935,78982936
10000,10000,4,,,,,,78982934,78982938
10000,10000,4,,,,,,78982939,78982932
10000,10000,4,,,,,,78982964,78982963
10000,10000,4,,,,,,78982969,78982971
10000,10000,4,,,,,,78982978,78982979
10000,10000,4,,,,,,78982950,78982984
10000,10000,4,,,,,,78982948,78982983
10000,10000,4,,,,,,78982980,78982940
10000,10000,4,,,,,,78982952,78982987
10000,10000,4,,,,,,78982946,78982985
10000,10000,4,,,,,,78982954,78982949
10000,10000,4,,,,,,78982986,78982990
10000,10000,4,,,,,,78982955,78982953
10000,10000,4,,,,,,78982958,78982960
10000,10000,4,,,,,,78982961,78982957
10000,10000,4,,,,,,78982962,78982959
10000,10000,4,,,,,,78982965,78982966
10000,10000,4,,,,,,78982937,78982941
10000,10000,4,,,,,,78982972,78982942
10000,10000,4,,,,,,78982970,78982973
10000,10000,4,,,,,,78982967,78982974
10000,10000,4,,,,,,78982944,78982968
10000,10000,4,,,,,,78982975,78982976
10000,10000,4,,,,,,78982945,78982947
10000,10000,4,,,,,,78982981,78982977
10000,10000,4,,,,,,78982943,78982951
10000,10000,4,,,,,,78978030,78978024
10000,10000,4,,,,,,78978032,78978026
10000,10000,4,,,,,,78978034,78978017
10000,10000,4,,,,,,78978028,78978020
10000,10000,4,,,,,,78978022,78978021
10000,10000,4,,,,,,78978027,78978019
10000,10000,4,,,,,,78978033,78978025
10000,10000,4,,,,,,78978049,78978055
10000,10000,4,,,,,,78978050,78978048
10000,10000,4,,,,,,78977964,78977738
10000,10000,4,,,,,,78977967,78977740
10000,10000,4,,,,,,78978031,78978018
10000,10000,4,,,,,,78978029,78978023
10000,10000,4,,,,,,78978035,78978038
10000,10000,4,,,,,,78978041,78978037
10000,10000,4,,,,,,78978056,78978051
10000,10000,4,,,,,,78978053,78978083
10000,10000,4,,,,,,78978080,78978076
10000,10000,4,,,,,,78977926,78977736
10000,10000,4,,,,,,78977941,78977745
10000,10000,4,,,,,,78977969,78977743
10000,10000,4,,,,,,78977968,78977747
10000,10000,4,,,,,,78977972,78977744
10000,10000,4,,,,,,78977976,78977746
10000,10000,4,,,,,,78978040,78978039
10000,10000,4,,,,,,78978036,78978052
10000,10000,4,,,,,,78977954,78977741
10000,10000,4,,,,,,78977951,78977739
10000,10000,4,,,,,,78181566,78181560
10000,10000,4,,,,,,78181568,78181562
10000,10000,4,,,,,,78181570,78181553
10000,10000,4,,,,,,78181564,78181556
10000,10000,4,,,,,,78181558,78181557
10000,10000,4,,,,,,78181563,78181555
10000,10000,4,,,,,,78181569,78181561
10000,10000,4,,,,,,78181585,78181591
10000,10000,4,,,,,,78181586,78181584
10000,10000,4,,,,,,78181500,78181274
10000,10000,4,,,,,,78181503,78181276
10000,10000,4,,,,,,78181567,78181554
10000,10000,4,,,,,,78181565,78181559
10000,10000,4,,,,,,78181571,78181574
10000,10000,4,,,,,,78181577,78181573
10000,10000,4,,,,,,78181592,78181587
10000,10000,4,,,,,,78181589,78181619
10000,10000,4,,,,,,78181616,78181612
10000,10000,4,,,,,,78181462,78181272
10000,10000,4,,,,,,78181477,78181281
10000,10000,4,,,,,,78181505,78181279
10000,10000,4,,,,,,78181504,78181283
10000,10000,4,,,,,,78181508,78181280
10000,10000,4,,,,,,78181512,78181282
10000,10000,4,,,,,,78181576,78181575
10000,10000,4,,,,,,78181572,78181588
10000,10000,4,,,,,,78181490,78181277
10000,10000,4,,,,,,78181487,78181275
10000,10000,4,,,,,,79300442,79300443
10000,10000,4,,,,,,79300536,79300538
10000,10000,4,,,,,,79300539,79300542
10000,10000,4,,,,,,79300541,79300528
10000,10000,4,,,,,,79300545,79300535
10000,10000,4,,,,,,79300544,79300533
10000,10000,4,,,,,,79300537,79300529
10000,10000,4,,,,,,79300447,79300439
10000,10000,4,,,,,,79300445,79300448
10000,10000,4,,,,,,79300653,79300647
10000,10000,4,,,,,,79300659,79300657
10000,10000,4,,,,,,79300649,79300656
10000,10000,4,,,,,,79300652,79300643
10000,10000,4,,,,,,79300651,79300642
10000,10000,4,,,,,,79300450,79300446
10000,10000,4,,,,,,79300444,79300452
10000,10000,4,,,,,,79300454,79300457
10000,10000,4,,,,,,79300451,79300449
10000,10000,4,,,,,,79301193,79301192
10000,10000,4,,,,,,79300453,79300455
10000,10000,4,,,,,,79300461,79300459
10000,10000,4,,,,,,79300663,79300662
10000,10000,4,,,,,,79300646,79300641
10000,10000,4,,,,,,79300645,79300639
10000,10000,4,,,,,,79300650,79300644
10000,10000,4,,,,,,79300640,79300654
10000,10000,4,,,,,,79300658,79300648
10000,10000,4,,,,,,79300456,79300460
10000,10000,4,,,,,,79300458,79300462
10000,10000,4,,,,,,79300464,79300465
10000,10000,4,,,,,,79300463,79300467
10000,10000,4,,,,,,79303250,79303251
10000,10000,4,,,,,,79303254,79303252
10000,10000,4,,,,,,79303256,79303253
10000,10000,4,,,,,,79303258,79303259
10000,10000,4,,,,,,79303257,79303261
10000,10000,4,,,,,,79303262,79303255
10000,10000,4,,,,,,79303287,79303286
10000,10000,4,,,,,,79303292,79303294
10000,10000,4,,,,,,79303301,79303302
10000,10000,4,,,,,,79303273,79303307
10000,10000,4,,,,,,79303271,79303306
10000,10000,4,,,,,,79303303,79303263
10000,10000,4,,,,,,79303275,79303310
10000,10000,4,,,,,,79303269,79303308
10000,10000,4,,,,,,79303277,79303272
10000,10000,4,,,,,,79303309,79303313
10000,10000,4,,,,,,79303278,79303276
10000,10000,4,,,,,,79303281,79303283
10000,10000,4,,,,,,79303284,79303280
10000,10000,4,,,,,,79303285,79303282
10000,10000,4,,,,,,79303288,79303289
10000,10000,4,,,,,,79303260,79303264
10000,10000,4,,,,,,79303295,79303265
10000,10000,4,,,,,,79303293,79303297
10000,10000,4,,,,,,79303290,79303298
10000,10000,4,,,,,,79303267,79303291
10000,10000,4,,,,,,79303299,79303296
10000,10000,4,,,,,,79303268,79303270
10000,10000,4,,,,,,79303304,79303300
10000,10000,4,,,,,,79303266,79303274
10000,10000,4,,,,,,79306690,79306684
10000,10000,4,,,,,,79306692,79306686
10000,10000,4,,,,,,79306694,79306677
10000,10000,4,,,,,,79306688,79306680
10000,10000,4,,,,,,79306682,79306681
10000,10000,4,,,,,,79306687,79306679
10000,10000,4,,,,,,79306693,79306685
10000,10000,4,,,,,,79306709,79306715
10000,10000,4,,,,,,79306710,79306708
10000,10000,4,,,,,,79306624,79306398
10000,10000,4,,,,,,79306627,79306400
10000,10000,4,,,,,,79306691,79306678
10000,10000,4,,,,,,79306689,79306683
10000,10000,4,,,,,,79306695,79306698
10000,10000,4,,,,,,79306701,79306697
10000,10000,4,,,,,,79306716,79306711
10000,10000,4,,,,,,79306713,79306743
10000,10000,4,,,,,,79306740,79306736
10000,10000,4,,,,,,79306586,79306396
10000,10000,4,,,,,,79306601,79306405
10000,10000,4,,,,,,79306629,79306403
10000,10000,4,,,,,,79306628,79306407
10000,10000,4,,,,,,79306632,79306404
10000,10000,4,,,,,,79306636,79306406
10000,10000,4,,,,,,79306700,79306699
10000,10000,4,,,,,,79306696,79306712
10000,10000,4,,,,,,79306614,79306401
10000,10000,4,,,,,,79306611,79306399
10000,10000,4,,,,,,78251713,78251484
10000,10000,4,,,,,,78251716,78251486
10000,10000,4,,,,,,78251939,78251932
10000,10000,4,,,,,,78251935,78252005
10000,10000,4,,,,,,78252002,78251998
10000,10000,4,,,,,,78251675,78251482
10000,10000,4,,,,,,78251718,78251490
10000,10000,4,,,,,,78251717,78251494
10000,10000,4,,,,,,78251690,78251492
10000,10000,4,,,,,,78251703,78251488
10000,10000,4,,,,,,78251700,78251485
10000,10000,4,,,,,,78251845,78251844
10000,10000,4,,,,,,78251851,78251846
10000,10000,4,,,,,,78251858,78251849
10000,10000,4,,,,,,78251721,78251491
10000,10000,4,,,,,,78251725,78251493
10000,10000,4,,,,,,78251854,78251848
10000,10000,4,,,,,,78251857,78251850
10000,10000,4,,,,,,78251859,78251838
10000,10000,4,,,,,,78251852,78251843
10000,10000,4,,,,,,78251855,78251842
10000,10000,4,,,,,,78251853,78251847
10000,10000,4,,,,,,78251862,78251893
10000,10000,4,,,,,,78251896,78251892
10000,10000,4,,,,,,78251895,78251894
10000,10000,4,,,,,,78251888,78251933
10000,10000,4,,,,,,78251930,78251937
10000,10000,4,,,,,,78251931,78251929
10000,10000,4,,,,,,78303752,78303754
10000,10000,4,,,,,,78303760,78303758
10000,10000,4,,,,,,78303755,78303759
10000,10000,4,,,,,,78303741,78303742
10000,10000,4,,,,,,78303835,78303837
10000,10000,4,,,,,,78303838,78303841
10000,10000,4,,,,,,78303840,78303827
10000,10000,4,,,,,,78303844,78303834
10000,10000,4,,,,,,78303843,78303832
10000,10000,4,,,,,,78303836,78303828
10000,10000,4,,,,,,78303746,78303738
10000,10000,4,,,,,,78303744,78303747
10000,10000,4,,,,,,78303952,78303946
10000,10000,4,,,,,,78303958,78303956
10000,10000,4,,,,,,78303948,78303955
10000,10000,4,,,,,,78303962,78303961
10000,10000,4,,,,,,78303945,78303940
10000,10000,4,,,,,,78303944,78303938
10000,10000,4,,,,,,78303949,78303943
10000,10000,4,,,,,,78303939,78303953
10000,10000,4,,,,,,78303957,78303947
10000,10000,4,,,,,,78303951,78303942
10000,10000,4,,,,,,78303950,78303941
10000,10000,4,,,,,,78303749,78303745
10000,10000,4,,,,,,78303743,78303751
10000,10000,4,,,,,,78303753,78303756
10000,10000,4,,,,,,78303750,78303748
10000,10000,4,,,,,,78304437,78304436
10000,10000,4,,,,,,78303757,78303761
10000,10000,4,,,,,,78303763,78303764
10000,10000,4,,,,,,78303762,78303766
10000,10000,4,,,,,,78219063,78219064
10000,10000,4,,,,,,78219067,78219065
10000,10000,4,,,,,,78219069,78219066
10000,10000,4,,,,,,78219071,78219072
10000,10000,4,,,,,,78219070,78219074
10000,10000,4,,,,,,78219075,78219068
10000,10000,4,,,,,,78219100,78219099
10000,10000,4,,,,,,78219105,78219107
10000,10000,4,,,,,,78219114,78219115
10000,10000,4,,,,,,78219086,78219120
10000,10000,4,,,,,,78219084,78219119
10000,10000,4,,,,,,78219116,78219076
10000,10000,4,,,,,,78219088,78219123
10000,10000,4,,,,,,78219082,78219121
10000,10000,4,,,,,,78219090,78219085
10000,10000,4,,,,,,78219122,78219126
10000,10000,4,,,,,,78219091,78219089
10000,10000,4,,,,,,78219095,78219097
10000,10000,4,,,,,,78219094,78219093
10000,10000,4,,,,,,78219098,78219096
10000,10000,4,,,,,,78219101,78219102
10000,10000,4,,,,,,78219073,78219077
10000,10000,4,,,,,,78219108,78219078
10000,10000,4,,,,,,78219106,78219109
10000,10000,4,,,,,,78219103,78219110
10000,10000,4,,,,,,78219080,78219104
10000,10000,4,,,,,,78219111,78219112
10000,10000,4,,,,,,78219081,78219083
10000,10000,4,,,,,,78219117,78219113
10000,10000,4,,,,,,78219079,78219087
10000,10000,4,,,,,,78268188,78267963
10000,10000,4,,,,,,78268191,78267965
10000,10000,4,,,,,,78268278,78268273
10000,10000,4,,,,,,78268275,78268302
10000,10000,4,,,,,,78268299,78268295
10000,10000,4,,,,,,78268150,78267961
10000,10000,4,,,,,,78268193,78267968
10000,10000,4,,,,,,78268192,78267972
10000,10000,4,,,,,,78268165,78267970
10000,10000,4,,,,,,78268178,78267966
10000,10000,4,,,,,,78268175,78267964
10000,10000,4,,,,,,78268243,78268242
10000,10000,4,,,,,,78268249,78268244
10000,10000,4,,,,,,78268255,78268247
10000,10000,4,,,,,,78268196,78267969
10000,10000,4,,,,,,78268200,78267971
10000,10000,4,,,,,,78268252,78268246
10000,10000,4,,,,,,78268254,78268248
10000,10000,4,,,,,,78268256,78268239
10000,10000,4,,,,,,78268250,78268241
10000,10000,4,,,,,,78268253,78268240
10000,10000,4,,,,,,78268251,78268245
10000,10000,4,,,,,,78268257,78268260
10000,10000,4,,,,,,78268263,78268259
10000,10000,4,,,,,,78268262,78268261
10000,10000,4,,,,,,78268258,78268274
10000,10000,4,,,,,,78268271,78268277
10000,10000,4,,,,,,78268272,78268270
10642,10642,4,,,,,,78950731_1,78950731_2
10642,10642,4,,,,,,78941879_1,78941879_2
10642,10642,4,,,,,,78951104_1,78951104_2
10642,10642,4,,,,,,78942252_1,78942252_2
10642,10642,4,,,,,,78950976_1,78950976_2
10642,10642,4,,,,,,78942124_1,78942124_2
10642,10642,4,,,,,,78951038_1,78951038_2
10642,10642,4,,,,,,78942186_1,78942186_2
10642,10642,4,,,,,,78950224_1,78950224_2
10642,10642,4,,,,,,78941372_1,78941372_2
10642,10642,4,,,,,,78950230_1,78950230_2
10642,10642,4,,,,,,78941378_1,78941378_2
10642,10642,4,,,,,,78950227_1,78950227_2
10642,10642,4,,,,,,78941375_1,78941375_2
10642,10642,4,,,,,,78950229_1,78950229_2
10642,10642,4,,,,,,78941377_1,78941377_2
109821,109821,4,,,,,,78960232,78960237
109821,109821,4,,,,,,78986320,78986325
109853,109853,4,,,,,,78985780,78985779
109853,109853,4,,,,,,78985786,78985788
109853,109853,4,,,,,,78985787,78985785
109853,109853,4,,,,,,78985891,78985887
109853,109853,4,,,,,,78985898,78985894
109853,109853,4,,,,,,78985912,78985913
109853,109853,4,,,,,,78985821,78985823
109853,109853,4,,,,,,78985822,78985819
109853,109853,4,,,,,,78985901,78985900
109853,109853,4,,,,,,78985806,78985807
109853,109853,4,,,,,,78985904,78985907
109853,109853,4,,,,,,78985885,78985884
109853,109853,4,,,,,,78985855,78985854
109853,109853,4,,,,,,78985816,78985813
109853,109853,4,,,,,,78985804,78985774
109853,109853,4,,,,,,78985805,78985802
109853,109853,4,,,,,,78985836,78985835
109853,109853,4,,,,,,78985834,78985833
109853,109853,4,,,,,,78985832,78985831
109853,109853,4,,,,,,78985830,78985826
109853,109853,4,,,,,,78985829,78985828
109853,109853,4,,,,,,78985827,78985820
109853,109853,4,,,,,,78985825,78985824
109853,109853,4,,,,,,78985838,78985837
109853,109853,4,,,,,,78960183,78960181
109853,109853,4,,,,,,78960168,78960179
109853,109853,4,,,,,,78960147,78960153
109853,109853,4,,,,,,78960163,78960159
109853,109853,4,,,,,,78960165,78960184
109853,109853,4,,,,,,78960161,78960152
109853,109853,4,,,,,,78960169,78960186
109853,109853,4,,,,,,78960146,78960164
109853,109853,4,,,,,,78960143,78960178
109853,109853,4,,,,,,78960145,78960151
109853,109853,4,,,,,,78960187,78960167
109853,109853,4,,,,,,78960142,78960173
109853,109853,4,,,,,,78960180,78960150
109853,109853,4,,,,,,78960166,78960162
109853,109853,4,,,,,,78960185,78960155
109853,109853,4,,,,,,78960144,78960176
109853,109853,4,,,,,,78960171,78960149
109853,109853,4,,,,,,78960170,78960160
109853,109853,4,,,,,,78960172,78960156
109853,109853,4,,,,,,78960158,78960175
109853,109853,4,,,,,,78960157,78960148
109853,109853,4,,,,,,78960231,78960235
109853,109853,4,,,,,,78960174,78960188
109853,109853,4,,,,,,78960227,78960182
109853,109853,4,,,,,,78960230,78960189
109853,109853,4,,,,,,78960225,78960190
109853,109853,4,,,,,,78960229,78960191
109853,109853,4,,,,,,78960228,78960192
109853,109853,4,,,,,,78960226,78960193
109853,109853,4,,,,,,78960224,78960195
109853,109853,4,,,,,,78960223,78960196
109853,109853,4,,,,,,78960222,78960197
109853,109853,4,,,,,,78960218,78960200
109853,109853,4,,,,,,78960221,78960194
109853,109853,4,,,,,,78960220,78960201
109853,109853,4,,,,,,78960219,78960198
109853,109853,4,,,,,,78960217,78960203
109853,109853,4,,,,,,78960216,78960204
109853,109853,4,,,,,,78960215,78960202
109853,109853,4,,,,,,78960214,78960199
109853,109853,4,,,,,,78960210,78960205
109853,109853,4,,,,,,78960213,78960206
109853,109853,4,,,,,,78960212,78960207
109853,109853,4,,,,,,78960211,78960208
109853,109853,4,,,,,,78960209,78960234
109853,109853,4,,,,,,78960134,78960100
109853,109853,4,,,,,,78960110,78960087
109853,109853,4,,,,,,78960121,78960101
109853,109853,4,,,,,,78960111,78960088
109853,109853,4,,,,,,78960122,78960099
109853,109853,4,,,,,,78960113,78960090
109853,109853,4,,,,,,78960125,78960102
109853,109853,4,,,,,,78960114,78960091
109853,109853,4,,,,,,78960123,78960103
109853,109853,4,,,,,,78960112,78960092
109853,109853,4,,,,,,78960124,78960104
109853,109853,4,,,,,,78960115,78960093
109853,109853,4,,,,,,78960127,78960107
109853,109853,4,,,,,,78960116,78960094
109853,109853,4,,,,,,78960126,78960108
109853,109853,4,,,,,,78960117,78960095
109853,109853,4,,,,,,78960128,78960105
109853,109853,4,,,,,,78960118,78960097
109853,109853,4,,,,,,78960129,78960106
109853,109853,4,,,,,,78960119,78960098
109853,109853,4,,,,,,78960130,78960109
109853,109853,4,,,,,,78960120,78960096
109853,109853,4,,,,,,79323351,79323350
109853,109853,4,,,,,,79323357,79323359
109853,109853,4,,,,,,79323358,79323356
109853,109853,4,,,,,,79323462,79323458
109853,109853,4,,,,,,79323469,79323465
109853,109853,4,,,,,,79323483,79323484
109853,109853,4,,,,,,79323392,79323394
109853,109853,4,,,,,,79323393,79323390
109853,109853,4,,,,,,79323472,79323471
109853,109853,4,,,,,,79323377,79323378
109853,109853,4,,,,,,79323475,79323478
109853,109853,4,,,,,,79323456,79323455
109853,109853,4,,,,,,79323426,79323425
109853,109853,4,,,,,,79323387,79323384
109853,109853,4,,,,,,79323375,79323345
109853,109853,4,,,,,,79323376,79323373
109853,109853,4,,,,,,79323407,79323406
109853,109853,4,,,,,,79323405,79323404
109853,109853,4,,,,,,79323403,79323402
109853,109853,4,,,,,,79323401,79323397
109853,109853,4,,,,,,79323400,79323399
109853,109853,4,,,,,,79323398,79323391
109853,109853,4,,,,,,79323396,79323395
109853,109853,4,,,,,,79323409,79323408
109853,109853,4,,,,,,78986271,78986269
109853,109853,4,,,,,,78986256,78986267
109853,109853,4,,,,,,78986235,78986241
109853,109853,4,,,,,,78986251,78986247
109853,109853,4,,,,,,78986253,78986272
109853,109853,4,,,,,,78986249,78986240
109853,109853,4,,,,,,78986257,78986274
109853,109853,4,,,,,,78986234,78986252
109853,109853,4,,,,,,78986231,78986266
109853,109853,4,,,,,,78986233,78986239
109853,109853,4,,,,,,78986275,78986255
109853,109853,4,,,,,,78986230,78986261
109853,109853,4,,,,,,78986268,78986238
109853,109853,4,,,,,,78986254,78986250
109853,109853,4,,,,,,78986273,78986243
109853,109853,4,,,,,,78986232,78986264
109853,109853,4,,,,,,78986259,78986237
109853,109853,4,,,,,,78986258,78986248
109853,109853,4,,,,,,78986260,78986244
109853,109853,4,,,,,,78986246,78986263
109853,109853,4,,,,,,78986245,78986236
109853,109853,4,,,,,,78986319,78986323
109853,109853,4,,,,,,78986262,78986276
109853,109853,4,,,,,,78986315,78986270
109853,109853,4,,,,,,78986318,78986277
109853,109853,4,,,,,,78986313,78986278
109853,109853,4,,,,,,78986317,78986279
109853,109853,4,,,,,,78986316,78986280
109853,109853,4,,,,,,78986314,78986281
109853,109853,4,,,,,,78986312,78986283
109853,109853,4,,,,,,78986311,78986284
109853,109853,4,,,,,,78986310,78986285
109853,109853,4,,,,,,78986306,78986288
109853,109853,4,,,,,,78986309,78986282
109853,109853,4,,,,,,78986308,78986289
109853,109853,4,,,,,,78986307,78986286
109853,109853,4,,,,,,78986305,78986291
109853,109853,4,,,,,,78986304,78986292
109853,109853,4,,,,,,78986303,78986290
109853,109853,4,,,,,,78986302,78986287
109853,109853,4,,,,,,78986298,78986293
109853,109853,4,,,,,,78986301,78986294
109853,109853,4,,,,,,78986300,78986295
109853,109853,4,,,,,,78986299,78986296
109853,109853,4,,,,,,78986297,78986322
109853,109853,4,,,,,,78985430,78985429
109853,109853,4,,,,,,78985436,78985438
109853,109853,4,,,,,,78985437,78985435
109853,109853,4,,,,,,78985541,78985537
109853,109853,4,,,,,,78985548,78985544
109853,109853,4,,,,,,78985562,78985563
109853,109853,4,,,,,,78985471,78985473
109853,109853,4,,,,,,78985472,78985469
109853,109853,4,,,,,,78985551,78985550
109853,109853,4,,,,,,78985456,78985457
109853,109853,4,,,,,,78985554,78985557
109853,109853,4,,,,,,78985535,78985534
109853,109853,4,,,,,,78985505,78985504
109853,109853,4,,,,,,78985466,78985463
109853,109853,4,,,,,,78985454,78985424
109853,109853,4,,,,,,78985455,78985452
109853,109853,4,,,,,,78985486,78985485
109853,109853,4,,,,,,78985484,78985483
109853,109853,4,,,,,,78985482,78985481
109853,109853,4,,,,,,78985480,78985476
109853,109853,4,,,,,,78985479,78985478
109853,109853,4,,,,,,78985477,78985470
109853,109853,4,,,,,,78985475,78985474
109853,109853,4,,,,,,78985488,78985487
109853,109853,4,,,,,,78986752,78986718
109853,109853,4,,,,,,78986728,78986705
109853,109853,4,,,,,,78986739,78986719
109853,109853,4,,,,,,78986729,78986706
109853,109853,4,,,,,,78986740,78986717
109853,109853,4,,,,,,78986731,78986708
109853,109853,4,,,,,,78986743,78986720
109853,109853,4,,,,,,78986732,78986709
109853,109853,4,,,,,,78986741,78986721
109853,109853,4,,,,,,78986730,78986710
109853,109853,4,,,,,,78986742,78986722
109853,109853,4,,,,,,78986733,78986711
109853,109853,4,,,,,,78986745,78986725
109853,109853,4,,,,,,78986734,78986712
109853,109853,4,,,,,,78986744,78986726
109853,109853,4,,,,,,78986735,78986713
109853,109853,4,,,,,,78986746,78986723
109853,109853,4,,,,,,78986736,78986715
109853,109853,4,,,,,,78986747,78986724
109853,109853,4,,,,,,78986737,78986716
109853,109853,4,,,,,,78986748,78986727
109853,109853,4,,,,,,78986738,78986714
109853,109853,4,,,,,,78985605,78985604
109853,109853,4,,,,,,78985611,78985613
109853,109853,4,,,,,,78985612,78985610
109853,109853,4,,,,,,78985716,78985712
109853,109853,4,,,,,,78985723,78985719
109853,109853,4,,,,,,78985737,78985738
109853,109853,4,,,,,,78985646,78985648
109853,109853,4,,,,,,78985647,78985644
109853,109853,4,,,,,,78985726,78985725
109853,109853,4,,,,,,78985631,78985632
109853,109853,4,,,,,,78985729,78985732
109853,109853,4,,,,,,78985710,78985709
109853,109853,4,,,,,,78985680,78985679
109853,109853,4,,,,,,78985641,78985638
109853,109853,4,,,,,,78985629,78985599
109853,109853,4,,,,,,78985630,78985627
109853,109853,4,,,,,,78985661,78985660
109853,109853,4,,,,,,78985659,78985658
109853,109853,4,,,,,,78985657,78985656
109853,109853,4,,,,,,78985655,78985651
109853,109853,4,,,,,,78985654,78985653
109853,109853,4,,,,,,78985652,78985645
109853,109853,4,,,,,,78985650,78985649
109853,109853,4,,,,,,78985663,78985662
109898,109898,4,,,,,,78960133,78960132
109898,109898,4,,,,,,78986751,78986750
113,113,4,,,,,,78172958,78172964
113,113,4,,,,,,78172954,78173027
113,113,4,,,,,,78173020,78173028
113,113,4,,,,,,78172956,78172955
113,113,4,,,,,,78173024,78173023
113,113,4,,,,,,78173029,78173026
113,113,4,,,,,,78173511,78173508
113,113,4,,,,,,78173507,78173512
113,113,4,,,,,,78247581,78247587
113,113,4,,,,,,78247577,78247646
113,113,4,,,,,,78247639,78247647
113,113,4,,,,,,78247579,78247578
113,113,4,,,,,,78247643,78247642
113,113,4,,,,,,78247648,78247645
113,113,4,,,,,,78248118,78248116
113,113,4,,,,,,78248115,78248119
114,114,4,,,,,,78172843,78172811
114,114,4,,,,,,78172819,78172820
114,114,4,,,,,,78172813,78172818
114,114,4,,,,,,78173519,78173520
114,114,4,,,,,,78173523,78173518
114,114,4,,,,,,78173521,78173522
114,114,4,,,,,,78172809,78172805
114,114,4,,,,,,78172845,78172808
114,114,4,,,,,,78172807,78172810
114,114,4,,,,,,78247468,78247437
114,114,4,,,,,,78247445,78247446
114,114,4,,,,,,78247439,78247444
114,114,4,,,,,,78248126,78248127
114,114,4,,,,,,78248130,78248125
114,114,4,,,,,,78248128,78248129
114,114,4,,,,,,78247435,78247431
114,114,4,,,,,,78247470,78247434
114,114,4,,,,,,78247433,78247436
11802,11802,4,,,,,,78977127,78977705
11802,11802,4,,,,,,78978065,78978068
11802,11802,4,,,,,,78978067,78978089
11802,11802,4,,,,,,78977106,78977699
11802,11802,4,,,,,,78977112,78977701
11802,11802,4,,,,,,78977119,78977704
11802,11802,4,,,,,,78977115,78977696
11802,11802,4,,,,,,78977120,78977703
11802,11802,4,,,,,,78977113,78977698
11802,11802,4,,,,,,78977116,78977697
11802,11802,4,,,,,,78977123,78977702
11802,11802,4,,,,,,78977125,78977700
11802,11802,4,,,,,,78977126,78977707
11802,11802,4,,,,,,78977109,78977694
11802,11802,4,,,,,,78180663,78181241
11802,11802,4,,,,,,78181601,78181604
11802,11802,4,,,,,,78181603,78181625
11802,11802,4,,,,,,78180642,78181235
11802,11802,4,,,,,,78180648,78181237
11802,11802,4,,,,,,78180655,78181240
11802,11802,4,,,,,,78180651,78181232
11802,11802,4,,,,,,78180656,78181239
11802,11802,4,,,,,,78180649,78181234
11802,11802,4,,,,,,78180652,78181233
11802,11802,4,,,,,,78180659,78181238
11802,11802,4,,,,,,78180661,78181236
11802,11802,4,,,,,,78180662,78181243
11802,11802,4,,,,,,78180645,78181230
11802,11802,4,,,,,,79305784,79306365
11802,11802,4,,,,,,79306725,79306728
11802,11802,4,,,,,,79306727,79306749
11802,11802,4,,,,,,79305763,79306359
11802,11802,4,,,,,,79305769,79306361
11802,11802,4,,,,,,79305776,79306364
11802,11802,4,,,,,,79305772,79306356
11802,11802,4,,,,,,79305777,79306363
11802,11802,4,,,,,,79305770,79306358
11802,11802,4,,,,,,79305773,79306357
11802,11802,4,,,,,,79305780,79306362
11802,11802,4,,,,,,79305782,79306360
11802,11802,4,,,,,,79305783,79306367
11802,11802,4,,,,,,79305766,79306354
11802,11802,4,,,,,,78251952,78251955
11802,11802,4,,,,,,78251954,78252013
11802,11802,4,,,,,,78250813,78251437
11802,11802,4,,,,,,78250794,78251436
11802,11802,4,,,,,,78250800,78251438
11802,11802,4,,,,,,78250807,78251441
11802,11802,4,,,,,,78250797,78251432
11802,11802,4,,,,,,78250803,78251433
11802,11802,4,,,,,,78250808,78251440
11802,11802,4,,,,,,78250801,78251435
11802,11802,4,,,,,,78250804,78251434
11802,11802,4,,,,,,78250811,78251439
11802,11802,4,,,,,,78250814,78251444
11802,11802,4,,,,,,78250815,78251442
11802,11802,4,,,,,,78268285,78268288
11802,11802,4,,,,,,78268287,78268308
11802,11802,4,,,,,,78255161,78267927
11802,11802,4,,,,,,78255142,78267926
11802,11802,4,,,,,,78255148,78267928
11802,11802,4,,,,,,78255155,78267931
11802,11802,4,,,,,,78255145,78267922
11802,11802,4,,,,,,78255151,78267923
11802,11802,4,,,,,,78255156,78267930
11802,11802,4,,,,,,78255149,78267925
11802,11802,4,,,,,,78255152,78267924
11802,11802,4,,,,,,78255159,78267929
11802,11802,4,,,,,,78255162,78267934
11802,11802,4,,,,,,78255163,78267932
1618,1618,4,,,,,,78941139,78941037
1618,1618,4,,,,,,78941268,78941273
1618,1618,4,,,,,,78941214,78941218
1618,1618,4,,,,,,78941216,78941164
1618,1618,4,,,,,,78941046,78941148
1618,1618,4,,,,,,78941050,78941150
1618,1618,4,,,,,,78941018,78941035
1618,1618,4,,,,,,78941020,78941047
1618,1618,4,,,,,,78941161,78941036
1618,1618,4,,,,,,78941021,78941043
1618,1618,4,,,,,,78941440,78941022
1618,1618,4,,,,,,78941436,78941045
1618,1618,4,,,,,,78941040,78941030
1618,1618,4,,,,,,78941052,78941015
1618,1618,4,,,,,,78941039,78941149
1618,1618,4,,,,,,78941031,78941044
1618,1618,4,,,,,,78941143,78941028
1618,1618,4,,,,,,78941032,78941438
1618,1618,4,,,,,,78941033,78941433
1618,1618,4,,,,,,78941034,78941042
1618,1618,4,,,,,,78941029,78941430
1618,1618,4,,,,,,78941435,78941431
1618,1618,4,,,,,,78941213,78941212
1618,1618,4,,,,,,78941134,78941041
1618,1618,4,,,,,,78928005,78927598
1618,1618,4,,,,,,78928001,78927621
1618,1618,4,,,,,,78927605,78927995
1618,1618,4,,,,,,78928000,78927996
1618,1618,4,,,,,,78927715,78927613
1618,1618,4,,,,,,78927597,78927619
1618,1618,4,,,,,,78927844,78927849
1618,1618,4,,,,,,78927790,78927794
1618,1618,4,,,,,,78927792,78927740
1618,1618,4,,,,,,78927622,78927724
1618,1618,4,,,,,,78927594,78927611
1618,1618,4,,,,,,78927596,78927623
1618,1618,4,,,,,,78927737,78927612
1618,1618,4,,,,,,78927609,78927998
1618,1618,4,,,,,,78927610,78927618
1618,1618,4,,,,,,78927616,78927606
1618,1618,4,,,,,,78927628,78927591
1618,1618,4,,,,,,78927789,78927788
1618,1618,4,,,,,,78927710,78927617
1618,1618,4,,,,,,78927615,78927725
1618,1618,4,,,,,,78927607,78927620
1618,1618,4,,,,,,78927719,78927604
1618,1618,4,,,,,,78927608,78928003
1618,1618,4,,,,,,78927626,78927726
1618,1618,4,,,,,,78927624,78927627
1618,1618,4,,,,,,78896841,78896840
1618,1618,4,,,,,,78896838,78896839
1618,1618,4,,,,,,78896836,78896837
1618,1618,4,,,,,,78896835,78896834
1618,1618,4,,,,,,78896833,78896832
1618,1618,4,,,,,,78896831,78896830
1618,1618,4,,,,,,78896817,78896816
1618,1618,4,,,,,,78896815,78896814
1618,1618,4,,,,,,78896813,78896812
1618,1618,4,,,,,,78896811,78896810
1618,1618,4,,,,,,78896809,78896808
1618,1618,4,,,,,,78896807,78896806
1618,1618,4,,,,,,78896826,78896827
1618,1618,4,,,,,,78896825,78896824
1618,1618,4,,,,,,78896823,78896822
1618,1618,4,,,,,,78896820,78896821
1618,1618,4,,,,,,78896819,78896818
1618,1618,4,,,,,,78897231,78897232
1618,1618,4,,,,,,78897726,78897727
1618,1618,4,,,,,,78897592,78897593
1618,1618,4,,,,,,78897287,78897288
1618,1618,4,,,,,,78897732,78897733
1618,1618,4,,,,,,78897907,78897908
1618,1618,4,,,,,,78897909,78897910
1618,1618,4,,,,,,78898159,78898160
1618,1618,4,,,,,,78898083,78898084
1618,1618,4,,,,,,78898085,78898086
1618,1618,4,,,,,,78898093,78898094
1618,1618,4,,,,,,78897422,78897423
1618,1618,4,,,,,,78897424,78897425
1618,1618,4,,,,,,78897426,78897427
1618,1618,4,,,,,,78897428,78897429
1618,1618,4,,,,,,78898258,78898259
1618,1618,4,,,,,,78949991,78949889
1618,1618,4,,,,,,78950120,78950125
1618,1618,4,,,,,,78950066,78950070
1618,1618,4,,,,,,78950068,78950016
1618,1618,4,,,,,,78949898,78950000
1618,1618,4,,,,,,78949902,78950002
1618,1618,4,,,,,,78949870,78949887
1618,1618,4,,,,,,78949872,78949899
1618,1618,4,,,,,,78950013,78949888
1618,1618,4,,,,,,78949873,78949895
1618,1618,4,,,,,,78950292,78949874
1618,1618,4,,,,,,78950288,78949897
1618,1618,4,,,,,,78949892,78949882
1618,1618,4,,,,,,78949904,78949867
1618,1618,4,,,,,,78949891,78950001
1618,1618,4,,,,,,78949883,78949896
1618,1618,4,,,,,,78949995,78949880
1618,1618,4,,,,,,78949884,78950290
1618,1618,4,,,,,,78949885,78950285
1618,1618,4,,,,,,78949886,78949894
1618,1618,4,,,,,,78949881,78950282
1618,1618,4,,,,,,78950287,78950283
1618,1618,4,,,,,,78950065,78950064
1618,1618,4,,,,,,78949986,78949893
1618,1618,4,,,,,,78899923,78899922
1618,1618,4,,,,,,78899920,78899921
1618,1618,4,,,,,,78899918,78899919
1618,1618,4,,,,,,78899917,78899916
1618,1618,4,,,,,,78899915,78899914
1618,1618,4,,,,,,78899913,78899912
1618,1618,4,,,,,,78899910,78899911
1618,1618,4,,,,,,78899901,78899900
1618,1618,4,,,,,,78899899,78899898
1618,1618,4,,,,,,78899897,78899896
1618,1618,4,,,,,,78899895,78899894
1618,1618,4,,,,,,78899893,78899892
1618,1618,4,,,,,,78899891,78899890
1618,1618,4,,,,,,78899889,78899888
1618,1618,4,,,,,,78899908,78899909
1618,1618,4,,,,,,78899907,78899906
1618,1618,4,,,,,,78899905,78899904
1618,1618,4,,,,,,78899902,78899903
1618,1618,4,,,,,,78900502,78900503
1618,1618,4,,,,,,78900504,78900505
1618,1618,4,,,,,,78900307,78900308
1618,1618,4,,,,,,78900802,78900803
1618,1618,4,,,,,,78900668,78900669
1618,1618,4,,,,,,78900808,78900809
1618,1618,4,,,,,,78900983,78900984
1618,1618,4,,,,,,78900985,78900986
1618,1618,4,,,,,,78901235,78901236
1618,1618,4,,,,,,78900363,78900364
1618,1618,4,,,,,,78901159,78901160
1618,1618,4,,,,,,78901161,78901162
1618,1618,4,,,,,,78901169,78901170
1618,1618,4,,,,,,78900498,78900499
1618,1618,4,,,,,,78900500,78900501
1618,1618,4,,,,,,78901334,78901335
1618,1618,4,,,,,,78930421,78930014
1618,1618,4,,,,,,78930417,78930037
1618,1618,4,,,,,,78930021,78930411
1618,1618,4,,,,,,78930416,78930412
1618,1618,4,,,,,,78930131,78930029
1618,1618,4,,,,,,78930013,78930035
1618,1618,4,,,,,,78930260,78930265
1618,1618,4,,,,,,78930206,78930210
1618,1618,4,,,,,,78930208,78930156
1618,1618,4,,,,,,78930038,78930140
1618,1618,4,,,,,,78930010,78930027
1618,1618,4,,,,,,78930012,78930039
1618,1618,4,,,,,,78930153,78930028
1618,1618,4,,,,,,78930025,78930414
1618,1618,4,,,,,,78930026,78930034
1618,1618,4,,,,,,78930032,78930022
1618,1618,4,,,,,,78930044,78930007
1618,1618,4,,,,,,78930205,78930204
1618,1618,4,,,,,,78930126,78930033
1618,1618,4,,,,,,78930031,78930141
1618,1618,4,,,,,,78930023,78930036
1618,1618,4,,,,,,78930135,78930020
1618,1618,4,,,,,,78930024,78930419
1618,1618,4,,,,,,78930042,78930142
1618,1618,4,,,,,,78930040,78930043
17091,17091,4,,,,,,78204423,78204418
17091,17091,4,,,,,,78204437,78204422
17091,17091,4,,,,,,78204419,78204431
17091,17091,4,,,,,,78204435,78204433
17091,17091,4,,,,,,78204427,78204428
17091,17091,4,,,,,,78204420,78204426
17091,17091,4,,,,,,78204421,78204432
17091,17091,4,,,,,,78204430,78204436
17091,17091,4,,,,,,78204416,78204415
17091,17091,4,,,,,,78204411,78204410
17091,17091,4,,,,,,78204401,78204402
17091,17091,4,,,,,,78204400,78204404
17091,17091,4,,,,,,78204403,78204405
17091,17091,4,,,,,,78204438,78204425
17091,17091,4,,,,,,78204417,78204414
17091,17091,4,,,,,,78204412,78204413
17091,17091,4,,,,,,78204408,78204409
17091,17091,4,,,,,,78204407,78204406
17091,17091,4,,,,,,78204353,78204354
17091,17091,4,,,,,,78204209,78204213
17091,17091,4,,,,,,78204210,78204212
17091,17091,4,,,,,,78204214,78204215
17091,17091,4,,,,,,78204231,78204237
17091,17091,4,,,,,,78204290,78204287
17091,17091,4,,,,,,78204291,78204292
17091,17091,4,,,,,,78204293,78204294
17091,17091,4,,,,,,78204324,78204326
17091,17091,4,,,,,,78204312,78204315
17091,17091,4,,,,,,78204392,78204338
17091,17091,4,,,,,,78204329,78204327
17091,17091,4,,,,,,78204339,78204334
17091,17091,4,,,,,,78204336,78204328
17091,17091,4,,,,,,78204341,78204335
17091,17091,4,,,,,,78204333,78204331
17091,17091,4,,,,,,78204330,78204340
17091,17091,4,,,,,,78204344,78204343
17091,17091,4,,,,,,78204385,78204389
17091,17091,4,,,,,,78204379,78204383
17091,17091,4,,,,,,78204361,78204358
17091,17091,4,,,,,,78204348,78204349
17091,17091,4,,,,,,78204345,78204347
17091,17091,4,,,,,,78204346,78204350
17091,17091,4,,,,,,78204386,78204388
17091,17091,4,,,,,,78204381,78204380
17091,17091,4,,,,,,78204365,78204359
17091,17091,4,,,,,,78204351,78204352
17091,17091,4,,,,,,78204216,78204218
17091,17091,4,,,,,,78204256,78204257
17091,17091,4,,,,,,78204247,78204252
17091,17091,4,,,,,,78204250,78204253
17091,17091,4,,,,,,78204251,78204248
17091,17091,4,,,,,,78204337,78204342
17091,17091,4,,,,,,78204332,78204271
17091,17091,4,,,,,,78204275,78204276
17091,17091,4,,,,,,78204274,78204268
17091,17091,4,,,,,,78204270,78204273
17091,17091,4,,,,,,78204269,78204272
17091,17091,4,,,,,,78204277,78204278
17091,17091,4,,,,,,78204282,78204280
17091,17091,4,,,,,,78204279,78204281
17091,17091,4,,,,,,78204322,78204320
17091,17091,4,,,,,,78204311,78204307
17091,17091,4,,,,,,78204300,78204298
17091,17091,4,,,,,,78204285,78204284
17091,17091,4,,,,,,78204286,78204283
17091,17091,4,,,,,,78204289,78204288
17091,17091,4,,,,,,78204318,78204323
17091,17091,4,,,,,,78204308,78204305
17091,17091,4,,,,,,78204301,78204297
17091,17091,4,,,,,,78204260,78204258
17091,17091,4,,,,,,78204158,78204159
17091,17091,4,,,,,,78204156,78204157
17091,17091,4,,,,,,78204154,78204155
17091,17091,4,,,,,,78204152,78204153
17091,17091,4,,,,,,78204184,78204181
17091,17091,4,,,,,,78204179,78204177
17091,17091,4,,,,,,78204175,78204172
17091,17091,4,,,,,,78204174,78204169
17091,17091,4,,,,,,78204166,78204165
17091,17091,4,,,,,,78204224,78204222
17091,17091,4,,,,,,78204398,78204395
17091,17091,4,,,,,,78204360,78204362
17091,17091,4,,,,,,78204296,78204299
17091,17091,4,,,,,,78204295,78204264
17091,17091,4,,,,,,78204263,78204254
17091,17091,4,,,,,,78204255,78204244
17091,17091,4,,,,,,78204241,78204240
17091,17091,4,,,,,,78204211,78204217
17091,17091,4,,,,,,78204198,78204197
17091,17091,4,,,,,,78204195,78204196
17091,17091,4,,,,,,78204200,78204199
17091,17091,4,,,,,,78204227,78204225
17091,17091,4,,,,,,78204221,78204223
17091,17091,4,,,,,,78204201,78204204
17091,17091,4,,,,,,78204203,78204202
17091,17091,4,,,,,,78204208,78204205
17091,17091,4,,,,,,78204207,78204206
17091,17091,4,,,,,,78204230,78204228
17091,17091,4,,,,,,78204262,78204261
17091,17091,4,,,,,,78204162,78204161
17091,17091,4,,,,,,78204378,78204375
17091,17091,4,,,,,,78204303,78204310
17091,17091,4,,,,,,78204265,78204266
17091,17091,4,,,,,,78204267,78204259
17091,17091,4,,,,,,78204246,78204245
17091,17091,4,,,,,,78204242,78204243
17091,17091,4,,,,,,78204219,78204220
17091,17091,4,,,,,,78204194,78204193
17091,17091,4,,,,,,78204192,78204190
17091,17091,4,,,,,,78204191,78204188
17091,17091,4,,,,,,78204189,78204187
17091,17091,4,,,,,,78204186,78204185
17091,17091,4,,,,,,78204183,78204180
17091,17091,4,,,,,,78204178,78204176
17091,17091,4,,,,,,78204173,78204170
17091,17091,4,,,,,,78204171,78204168
17091,17091,4,,,,,,78204167,78204164
17091,17091,4,,,,,,78204163,78204160
17091,17091,4,,,,,,78204355,78204356
17091,17091,4,,,,,,78204387,78204390
17091,17091,4,,,,,,78204382,78204384
17091,17091,4,,,,,,78204373,78204370
17091,17091,4,,,,,,78204317,78204314
17091,17091,4,,,,,,78204316,78204313
17091,17091,4,,,,,,78204306,78204319
17091,17091,4,,,,,,78204304,78204321
17091,17091,4,,,,,,78204309,78204302
17091,17091,4,,,,,,78204367,78204368
17091,17091,4,,,,,,78204374,78204371
17091,17091,4,,,,,,78204376,78204369
17091,17091,4,,,,,,78204372,78204357
17091,17091,4,,,,,,78204364,78204363
17091,17091,4,,,,,,78204366,78204377
17091,17091,4,,,,,,78204234,78204236
17091,17091,4,,,,,,78204235,78204238
17091,17091,4,,,,,,78204239,78204232
17091,17091,4,,,,,,78204233,78204226
17091,17091,4,,,,,,78204151,78204149
17091,17091,4,,,,,,78204150,78204147
17091,17091,4,,,,,,78204148,78204146
17091,17091,4,,,,,,78204141,78204140
17091,17091,4,,,,,,78204142,78204143
17091,17091,4,,,,,,78204145,78204144
17091,17091,4,,,,,,78295947,78295942
17091,17091,4,,,,,,78295939,78295938
17091,17091,4,,,,,,78295935,78295937
17091,17091,4,,,,,,78295931,78295930
17091,17091,4,,,,,,78295929,78295928
17091,17091,4,,,,,,78295953,78295952
17091,17091,4,,,,,,78295956,78295955
17091,17091,4,,,,,,78295958,78295961
17091,17091,4,,,,,,78295980,78295979
17091,17091,4,,,,,,78295988,78295987
17091,17091,4,,,,,,78296005,78296006
17091,17091,4,,,,,,78296004,78296026
17091,17091,4,,,,,,78296036,78296035
17091,17091,4,,,,,,78296063,78296065
17091,17091,4,,,,,,78296085,78296086
17091,17091,4,,,,,,78296084,78296097
17091,17091,4,,,,,,78296108,78296123
17091,17091,4,,,,,,78295949,78295945
17091,17091,4,,,,,,78295943,78295944
17091,17091,4,,,,,,78295941,78295940
17091,17091,4,,,,,,78295934,78295936
17091,17091,4,,,,,,78295933,78295932
17091,17091,4,,,,,,78295951,78295950
17091,17091,4,,,,,,78295954,78295957
17091,17091,4,,,,,,78295959,78295960
17091,17091,4,,,,,,78295965,78295985
17091,17091,4,,,,,,78295990,78295989
17091,17091,4,,,,,,78296012,78296011
17091,17091,4,,,,,,78296013,78296027
17091,17091,4,,,,,,78296037,78296038
17091,17091,4,,,,,,78296068,78296070
17091,17091,4,,,,,,78295982,78295972
17091,17091,4,,,,,,78295975,78295978
17091,17091,4,,,,,,78295976,78295977
17091,17091,4,,,,,,78295970,78295971
17091,17091,4,,,,,,78295968,78295969
17091,17091,4,,,,,,78295967,78295962
17091,17091,4,,,,,,78295964,78295966
17091,17091,4,,,,,,78295974,78295973
17091,17091,4,,,,,,78295963,78295983
17091,17091,4,,,,,,78295984,78295986
17091,17091,4,,,,,,78296000,78295996
17091,17091,4,,,,,,78296025,78296022
17091,17091,4,,,,,,78296034,78296032
17091,17091,4,,,,,,78296061,78296048
17091,17091,4,,,,,,78296088,78296089
17091,17091,4,,,,,,78296087,78296103
17091,17091,4,,,,,,78296117,78296122
17091,17091,4,,,,,,78296124,78296141
17091,17091,4,,,,,,78296003,78296001
17091,17091,4,,,,,,78296017,78296019
17091,17091,4,,,,,,78296016,78296014
17091,17091,4,,,,,,78296015,78296018
17091,17091,4,,,,,,78296008,78296009
17091,17091,4,,,,,,78296007,78296010
17091,17091,4,,,,,,78295994,78295991
17091,17091,4,,,,,,78295997,78295998
17091,17091,4,,,,,,78296021,78296020
17091,17091,4,,,,,,78295999,78295995
17091,17091,4,,,,,,78295993,78295992
17091,17091,4,,,,,,78296024,78296023
17091,17091,4,,,,,,78296031,78296033
17091,17091,4,,,,,,78296059,78296054
17091,17091,4,,,,,,78296078,78296081
17091,17091,4,,,,,,78296113,78296114
17091,17091,4,,,,,,78296115,78296119
17091,17091,4,,,,,,78296139,78296140
17091,17091,4,,,,,,78296030,78296028
17091,17091,4,,,,,,78296062,78296051
17091,17091,4,,,,,,78296080,78296079
17091,17091,4,,,,,,78296107,78296110
17091,17091,4,,,,,,78296127,78296126
17091,17091,4,,,,,,78296137,78296136
17091,17091,4,,,,,,78296138,78296142
17091,17091,4,,,,,,78296150,78296151
17091,17091,4,,,,,,78296166,78296167
17091,17091,4,,,,,,78296052,78296041
17091,17091,4,,,,,,78296043,78296042
17091,17091,4,,,,,,78296077,78296076
17091,17091,4,,,,,,78296073,78296075
17091,17091,4,,,,,,78296074,78296072
17091,17091,4,,,,,,78296069,78296071
17091,17091,4,,,,,,78296067,78296066
17091,17091,4,,,,,,78296045,78296046
17091,17091,4,,,,,,78296060,78296057
17091,17091,4,,,,,,78296056,78296058
17091,17091,4,,,,,,78296047,78296039
17091,17091,4,,,,,,78296050,78296040
17091,17091,4,,,,,,78296044,78296049
17091,17091,4,,,,,,78296064,78296055
17091,17091,4,,,,,,78296082,78296083
17091,17091,4,,,,,,78296106,78296111
17091,17091,4,,,,,,78296121,78296118
17091,17091,4,,,,,,78296144,78296143
17091,17091,4,,,,,,78296101,78296100
17091,17091,4,,,,,,78296093,78296091
17091,17091,4,,,,,,78296092,78296096
17091,17091,4,,,,,,78296095,78296094
17091,17091,4,,,,,,78296098,78296099
17091,17091,4,,,,,,78296105,78296102
17091,17091,4,,,,,,78296109,78296104
17091,17091,4,,,,,,78296116,78296120
17091,17091,4,,,,,,78296200,78296201
17091,17091,4,,,,,,78296184,78296189
17091,17091,4,,,,,,78296182,78296181
17091,17091,4,,,,,,78296213,78296215
17091,17091,4,,,,,,78296214,78296212
17091,17091,4,,,,,,78296217,78296216
17091,17091,4,,,,,,78296219,78296211
17091,17091,4,,,,,,78296199,78296202
17091,17091,4,,,,,,78296185,78296187
17091,17091,4,,,,,,78296188,78296186
17091,17091,4,,,,,,78296190,78296192
17091,17091,4,,,,,,78296196,78296191
17091,17091,4,,,,,,78296183,78296194
17091,17091,4,,,,,,78296193,78296195
17091,17091,4,,,,,,78296197,78296198
17091,17091,4,,,,,,78296209,78296210
17091,17091,4,,,,,,78296207,78296205
17091,17091,4,,,,,,78296208,78296206
17091,17091,4,,,,,,78296133,78296131
17091,17091,4,,,,,,78296145,78296153
17091,17091,4,,,,,,78296221,78296223
17091,17091,4,,,,,,78296160,78296159
17091,17091,4,,,,,,78296177,78296171
17091,17091,4,,,,,,78296132,78296128
17091,17091,4,,,,,,78296152,78296154
17091,17091,4,,,,,,78296146,78296148
17091,17091,4,,,,,,78296168,78296173
17091,17091,4,,,,,,78296178,78296176
17091,17091,4,,,,,,78296130,78296129
17091,17091,4,,,,,,78296158,78296157
17091,17091,4,,,,,,78296163,78296162
17091,17091,4,,,,,,78296172,78296169
17091,17091,4,,,,,,78296170,78296179
17091,17091,4,,,,,,78296134,78296135
17091,17091,4,,,,,,78296155,78296156
17091,17091,4,,,,,,78296224,78296222
17091,17091,4,,,,,,78296220,78296226
17091,17091,4,,,,,,78296204,78296218
17091,17091,4,,,,,,78296149,78296164
17091,17091,4,,,,,,78296165,78296161
17091,17091,4,,,,,,78296174,78296175
17091,17091,4,,,,,,78591876,78591878
17091,17091,4,,,,,,78591877,78591879
17091,17091,4,,,,,,78591882,78591883
17091,17091,4,,,,,,78591881,78591884
17091,17091,4,,,,,,78591885,78591886
17091,17091,4,,,,,,78591889,78591888
17091,17091,4,,,,,,78591887,78591892
17091,17091,4,,,,,,78591894,78591890
17091,17091,4,,,,,,78591893,78591891
17091,17091,4,,,,,,78591895,78591896
17091,17091,4,,,,,,78591898,78591897
17091,17091,4,,,,,,78591899,78591902
17091,17091,4,,,,,,78591901,78591900
17091,17091,4,,,,,,78591905,78591903
17091,17091,4,,,,,,78591904,78591906
17091,17091,4,,,,,,78591909,78591910
17091,17091,4,,,,,,78591908,78591907
17091,17091,4,,,,,,78591915,78591919
17091,17091,4,,,,,,78591914,78591911
17091,17091,4,,,,,,78591916,78591917
17091,17091,4,,,,,,78591913,78591918
17091,17091,4,,,,,,78591921,78591922
17091,17091,4,,,,,,78591924,78591926
17091,17091,4,,,,,,78591925,78591923
17091,17091,4,,,,,,78591941,78591940
17091,17091,4,,,,,,78591942,78591943
17091,17091,4,,,,,,78591939,78591947
17091,17091,4,,,,,,78591944,78591945
17091,17091,4,,,,,,78591948,78591949
17091,17091,4,,,,,,78591950,78591946
17091,17091,4,,,,,,78591951,78591955
17091,17091,4,,,,,,78591952,78591953
17091,17091,4,,,,,,78591954,78591956
17091,17091,4,,,,,,78591957,78591958
17091,17091,4,,,,,,78591933,78591930
17091,17091,4,,,,,,78591929,78591934
17091,17091,4,,,,,,78591962,78591961
17091,17091,4,,,,,,78591964,78591963
17091,17091,4,,,,,,78591959,78591965
17091,17091,4,,,,,,78591966,78591967
17091,17091,4,,,,,,78591968,78591969
17091,17091,4,,,,,,78591975,78591973
17091,17091,4,,,,,,78591974,78591976
17091,17091,4,,,,,,78591977,78591978
17091,17091,4,,,,,,78591972,78591982
17091,17091,4,,,,,,78591980,78591983
17091,17091,4,,,,,,78591981,78591979
17091,17091,4,,,,,,78591985,78591986
17091,17091,4,,,,,,78591984,78591987
17091,17091,4,,,,,,78591989,78591990
17091,17091,4,,,,,,78591991,78591988
17091,17091,4,,,,,,78591992,78591993
17091,17091,4,,,,,,78591971,78591970
17091,17091,4,,,,,,78592019,78592023
17091,17091,4,,,,,,78592006,78591997
17091,17091,4,,,,,,78591995,78591999
17091,17091,4,,,,,,78591998,78591996
17091,17091,4,,,,,,78592000,78592001
17091,17091,4,,,,,,78592003,78592005
17091,17091,4,,,,,,78592007,78592004
17091,17091,4,,,,,,78592025,78592026
17091,17091,4,,,,,,78592027,78592024
17091,17091,4,,,,,,78592028,78592030
17091,17091,4,,,,,,78592029,78592031
17091,17091,4,,,,,,78592035,78592032
17091,17091,4,,,,,,78592037,78592036
17091,17091,4,,,,,,78592033,78592034
17091,17091,4,,,,,,78592039,78592038
17091,17091,4,,,,,,78592040,78592041
17091,17091,4,,,,,,78592043,78592042
17091,17091,4,,,,,,78592014,78592012
17091,17091,4,,,,,,78592011,78592010
17091,17091,4,,,,,,78592048,78592046
17091,17091,4,,,,,,78592053,78592054
17091,17091,4,,,,,,78592057,78592056
17091,17091,4,,,,,,78592052,78592047
17091,17091,4,,,,,,78592044,78592050
17091,17091,4,,,,,,78592051,78592049
17091,17091,4,,,,,,78592055,78592070
17091,17091,4,,,,,,78592069,78592072
17091,17091,4,,,,,,78592073,78592071
17091,17091,4,,,,,,78592074,78592075
17091,17091,4,,,,,,78592078,78592077
17091,17091,4,,,,,,78592076,78592079
17091,17091,4,,,,,,78592081,78592082
17091,17091,4,,,,,,78592080,78592083
17091,17091,4,,,,,,78592084,78592085
17091,17091,4,,,,,,78592087,78592088
17091,17091,4,,,,,,78592086,78592061
17091,17091,4,,,,,,78592090,78592089
17091,17091,4,,,,,,78592060,78592058
17091,17091,4,,,,,,78592062,78592059
17091,17091,4,,,,,,78592103,78592104
17091,17091,4,,,,,,78592105,78592106
17091,17091,4,,,,,,78592109,78592108
17091,17091,4,,,,,,78592107,78592110
17091,17091,4,,,,,,78592111,78592113
17091,17091,4,,,,,,78592112,78592093
17091,17091,4,,,,,,78592092,78592091
17091,17091,4,,,,,,78592095,78592094
17091,17091,4,,,,,,78592124,78592118
17091,17091,4,,,,,,78592122,78592119
17091,17091,4,,,,,,78592116,78592121
17091,17091,4,,,,,,78592114,78592120
17091,17091,4,,,,,,78592123,78592127
17091,17091,4,,,,,,78592125,78592128
17091,17091,4,,,,,,78592126,78592115
17091,17091,4,,,,,,78592130,78592129
17091,17091,4,,,,,,78592131,78592132
17091,17091,4,,,,,,78592136,78592134
17091,17091,4,,,,,,78592133,78592135
17091,17091,4,,,,,,78591932,78591931
17091,17091,4,,,,,,78591927,78591935
17091,17091,4,,,,,,78591936,78591928
17091,17091,4,,,,,,78591938,78591937
17091,17091,4,,,,,,78592015,78592017
17091,17091,4,,,,,,78592021,78592013
17091,17091,4,,,,,,78592018,78592016
17091,17091,4,,,,,,78592020,78592022
17091,17091,4,,,,,,78592101,78592096
17091,17091,4,,,,,,78592100,78592097
17091,17091,4,,,,,,78592098,78592099
17091,17091,4,,,,,,78592065,78592064
17091,17091,4,,,,,,78592063,78592068
17091,17091,4,,,,,,78592066,78592067
17091,17091,4,,,,,,78206075,78206077
17091,17091,4,,,,,,78206078,78206068
17091,17091,4,,,,,,78206067,78206055
17091,17091,4,,,,,,78206057,78206056
17091,17091,4,,,,,,78206042,78206041
17091,17091,4,,,,,,78206043,78205974
17091,17091,4,,,,,,78205978,78205972
17091,17091,4,,,,,,78205970,78205971
17091,17091,4,,,,,,78205976,78205973
17091,17091,4,,,,,,78205975,78205977
17091,17091,4,,,,,,78205960,78205956
17091,17091,4,,,,,,78205957,78205959
17091,17091,4,,,,,,78205958,78205943
17091,17091,4,,,,,,78205954,78205942
17091,17091,4,,,,,,78205955,78205940
17091,17091,4,,,,,,78205934,78205941
17091,17091,4,,,,,,78205939,78205937
17091,17091,4,,,,,,78205909,78205912
17091,17091,4,,,,,,78205913,78205910
17091,17091,4,,,,,,78205911,78205914
17091,17091,4,,,,,,78206084,78206079
17091,17091,4,,,,,,78206080,78206081
17091,17091,4,,,,,,78206083,78206069
17091,17091,4,,,,,,78206060,78206058
17091,17091,4,,,,,,78206059,78206044
17091,17091,4,,,,,,78206046,78206045
17091,17091,4,,,,,,78206047,78206003
17091,17091,4,,,,,,78206001,78205999
17091,17091,4,,,,,,78206009,78206000
17091,17091,4,,,,,,78206010,78206008
17091,17091,4,,,,,,78206012,78206011
17091,17091,4,,,,,,78205961,78205962
17091,17091,4,,,,,,78205963,78205964
17091,17091,4,,,,,,78205944,78205945
17091,17091,4,,,,,,78205947,78205946
17091,17091,4,,,,,,78205948,78205928
17091,17091,4,,,,,,78205930,78205931
17091,17091,4,,,,,,78205936,78205932
17091,17091,4,,,,,,78206093,78206092
17091,17091,4,,,,,,78206072,78206071
17091,17091,4,,,,,,78206065,78206064
17091,17091,4,,,,,,78206066,78206054
17091,17091,4,,,,,,78206053,78206052
17091,17091,4,,,,,,78206032,78206033
17091,17091,4,,,,,,78206030,78206031
17091,17091,4,,,,,,78206034,78206027
17091,17091,4,,,,,,78206026,78206028
17091,17091,4,,,,,,78206029,78205966
17091,17091,4,,,,,,78205967,78205965
17091,17091,4,,,,,,78205968,78205969
17091,17091,4,,,,,,78205953,78205950
17091,17091,4,,,,,,78205951,78205949
17091,17091,4,,,,,,78205952,78205929
17091,17091,4,,,,,,78205933,78205935
17091,17091,4,,,,,,78205938,78205899
17091,17091,4,,,,,,78205902,78205901
17091,17091,4,,,,,,78205904,78205903
17091,17091,4,,,,,,78205900,78205908
17091,17091,4,,,,,,78205906,78205905
17091,17091,4,,,,,,78206118,78206116
17091,17091,4,,,,,,78206120,78206119
17091,17091,4,,,,,,78206121,78206122
17091,17091,4,,,,,,78206123,78206124
17091,17091,4,,,,,,78206126,78206125
17091,17091,4,,,,,,78206095,78206096
17091,17091,4,,,,,,78206100,78206099
17091,17091,4,,,,,,78206098,78206097
17091,17091,4,,,,,,78206103,78206106
17091,17091,4,,,,,,78206101,78206107
17091,17091,4,,,,,,78206090,78206087
17091,17091,4,,,,,,78206088,78206085
17091,17091,4,,,,,,78206070,78206062
17091,17091,4,,,,,,78206063,78206061
17091,17091,4,,,,,,78206048,78206051
17091,17091,4,,,,,,78206050,78206049
17091,17091,4,,,,,,78206019,78206023
17091,17091,4,,,,,,78206021,78206005
17091,17091,4,,,,,,78206004,78206018
17091,17091,4,,,,,,78206017,78206014
17091,17091,4,,,,,,78206016,78206015
17091,17091,4,,,,,,78206013,78206007
17091,17091,4,,,,,,78206002,78206006
17091,17091,4,,,,,,78206020,78206022
17091,17091,4,,,,,,78206024,78206025
17091,17091,4,,,,,,78206036,78206035
17091,17091,4,,,,,,78206037,78206038
17091,17091,4,,,,,,78206040,78206039
17091,17091,4,,,,,,78205979,78205982
17091,17091,4,,,,,,78205981,78205983
17091,17091,4,,,,,,78205985,78205980
17091,17091,4,,,,,,78205984,78205993
17091,17091,4,,,,,,78205920,78205919
17091,17091,4,,,,,,78205915,78205923
17091,17091,4,,,,,,78205917,78205922
17091,17091,4,,,,,,78205916,78205921
17091,17091,4,,,,,,78205924,78205925
17091,17091,4,,,,,,78205927,78205918
17091,17091,4,,,,,,78205907,78205889
17091,17091,4,,,,,,78205891,78205887
17091,17091,4,,,,,,78205890,78205892
17091,17091,4,,,,,,78205893,78205888
17091,17091,4,,,,,,78205894,78205897
17091,17091,4,,,,,,78205895,78205896
17091,17091,4,,,,,,78206105,78206111
17091,17091,4,,,,,,78206112,78206109
17091,17091,4,,,,,,78206102,78206104
17091,17091,4,,,,,,78206108,78206110
17091,17091,4,,,,,,78206115,78206113
17091,17091,4,,,,,,78205992,78205991
17091,17091,4,,,,,,78205990,78205987
17091,17091,4,,,,,,78205988,78205989
17091,17091,4,,,,,,78205986,78205994
17091,17091,4,,,,,,78205995,78205996
17091,17091,4,,,,,,78205998,78205997
17091,17091,4,,,,,,78211045,78211046
17091,17091,4,,,,,,78211043,78211031
17091,17091,4,,,,,,78211036,78211029
17091,17091,4,,,,,,78211030,78211022
17091,17091,4,,,,,,78210959,78211007
17091,17091,4,,,,,,78210982,78211008
17091,17091,4,,,,,,78210940,78211006
17091,17091,4,,,,,,78210934,78210935
17091,17091,4,,,,,,78210945,78210988
17091,17091,4,,,,,,78210980,78211020
17091,17091,4,,,,,,78211024,78210950
17091,17091,4,,,,,,78210936,78211021
17091,17091,4,,,,,,78210989,78210963
17091,17091,4,,,,,,78210967,78210939
17091,17091,4,,,,,,78210981,78211004
17091,17091,4,,,,,,78210970,78210991
17091,17091,4,,,,,,78211003,78210986
17091,17091,4,,,,,,78210937,78210943
17091,17091,4,,,,,,78210933,78210944
17091,17091,4,,,,,,78210985,78210984
17091,17091,4,,,,,,78210999,78210993
17091,17091,4,,,,,,78211026,78211027
17091,17091,4,,,,,,78211028,78211034
17091,17091,4,,,,,,78210956,78210932
17091,17091,4,,,,,,78210971,78210953
17091,17091,4,,,,,,78210962,78210955
17091,17091,4,,,,,,78210960,78210938
17091,17091,4,,,,,,78210941,78210977
17091,17091,4,,,,,,78210994,78210973
17091,17091,4,,,,,,78210961,78210987
17091,17091,4,,,,,,78210952,78210996
17091,17091,4,,,,,,78211025,78210964
17091,17091,4,,,,,,78210930,78211002
17091,17091,4,,,,,,78211019,78210958
17091,17091,4,,,,,,78210972,78210949
17091,17091,4,,,,,,78210983,78210976
17091,17091,4,,,,,,78210968,78210969
17091,17091,4,,,,,,78210979,78210974
17091,17091,4,,,,,,78210957,78210965
17091,17091,4,,,,,,78210902,78210907
17091,17091,4,,,,,,78210903,78210904
17091,17091,4,,,,,,78210895,78210900
17091,17091,4,,,,,,78210897,78210906
17091,17091,4,,,,,,78210862,78210848
17091,17091,4,,,,,,78210855,78210887
17091,17091,4,,,,,,78210879,78210884
17091,17091,4,,,,,,78210831,78210832
17091,17091,4,,,,,,78210859,78210853
17091,17091,4,,,,,,78210861,78210845
17091,17091,4,,,,,,78210854,78210857
17091,17091,4,,,,,,78211048,78211040
17091,17091,4,,,,,,78211033,78211037
17091,17091,4,,,,,,78211042,78211041
17091,17091,4,,,,,,78211010,78211011
17091,17091,4,,,,,,78211012,78211014
17091,17091,4,,,,,,78211016,78210916
17091,17091,4,,,,,,78210917,78210913
17091,17091,4,,,,,,78210914,78210920
17091,17091,4,,,,,,78210922,78210924
17091,17091,4,,,,,,78210927,78210928
17091,17091,4,,,,,,78210889,78210888
17091,17091,4,,,,,,78210867,78210871
17091,17091,4,,,,,,78210852,78210847
17091,17091,4,,,,,,78210886,78210885
17091,17091,4,,,,,,78210880,78210891
17091,17091,4,,,,,,78210870,78210873
17091,17091,4,,,,,,78210842,78210869
17091,17091,4,,,,,,78210866,78210872
17091,17091,4,,,,,,78210841,78210850
17091,17091,4,,,,,,78211047,78211035
17091,17091,4,,,,,,78211032,78211038
17091,17091,4,,,,,,78211039,78211013
17091,17091,4,,,,,,78211009,78211005
17091,17091,4,,,,,,78211017,78211018
17091,17091,4,,,,,,78211015,78210915
17091,17091,4,,,,,,78210919,78210912
17091,17091,4,,,,,,78210923,78210918
17091,17091,4,,,,,,78210925,78210926
17091,17091,4,,,,,,78210929,78210921
17091,17091,4,,,,,,78210890,78210876
17091,17091,4,,,,,,78210883,78210864
17091,17091,4,,,,,,78210846,78210851
17091,17091,4,,,,,,78210877,78210878
17091,17091,4,,,,,,78210881,78210860
17091,17091,4,,,,,,78210874,78210856
17091,17091,4,,,,,,78210868,78210824
17091,17091,4,,,,,,78210822,78210823
17091,17091,4,,,,,,78210821,78210825
17091,17091,4,,,,,,78210820,78210819
17091,17091,4,,,,,,78210817,78210818
17091,17091,4,,,,,,78211001,78210997
17091,17091,4,,,,,,78211000,78210998
17091,17091,4,,,,,,78210954,78210946
17091,17091,4,,,,,,78210992,78210995
17091,17091,4,,,,,,78210966,78210975
17091,17091,4,,,,,,78210905,78210910
17091,17091,4,,,,,,78210899,78210901
17091,17091,4,,,,,,78210894,78210893
17091,17091,4,,,,,,78210909,78210896
17091,17091,4,,,,,,78210898,78210911
17091,17091,4,,,,,,78210865,78210830
17091,17091,4,,,,,,78210858,78210844
17091,17091,4,,,,,,78210839,78210849
17091,17091,4,,,,,,78210843,78210834
17091,17091,4,,,,,,78210835,78210840
17091,17091,4,,,,,,78210882,78210875
17091,17091,4,,,,,,78210827,78210829
17091,17091,4,,,,,,78210828,78210892
17091,17091,4,,,,,,78210836,78210833
17091,17091,4,,,,,,78210837,78210838
17091,17091,4,,,,,,78210978,78210947
17091,17091,4,,,,,,78210942,78210931
17091,17091,4,,,,,,78210948,78210951
17091,17091,4,,,,,,78614824,78614822
17091,17091,4,,,,,,78614821,78614823
17091,17091,4,,,,,,78614827,78614828
17091,17091,4,,,,,,78614826,78614829
17091,17091,4,,,,,,78614831,78614832
17091,17091,4,,,,,,78614834,78614830
17091,17091,4,,,,,,78614833,78614837
17091,17091,4,,,,,,78614839,78614835
17091,17091,4,,,,,,78614838,78614836
17091,17091,4,,,,,,78614840,78614841
17091,17091,4,,,,,,78614843,78614842
17091,17091,4,,,,,,78614844,78614847
17091,17091,4,,,,,,78614846,78614845
17091,17091,4,,,,,,78614851,78614849
17091,17091,4,,,,,,78614850,78614848
17091,17091,4,,,,,,78614854,78614855
17091,17091,4,,,,,,78614853,78614852
17091,17091,4,,,,,,78614860,78614864
17091,17091,4,,,,,,78614858,78614859
17091,17091,4,,,,,,78614861,78614862
17091,17091,4,,,,,,78614857,78614863
17091,17091,4,,,,,,78614867,78614868
17091,17091,4,,,,,,78614869,78614871
17091,17091,4,,,,,,78614870,78614865
17091,17091,4,,,,,,78614883,78614886
17091,17091,4,,,,,,78614887,78614888
17091,17091,4,,,,,,78614885,78614891
17091,17091,4,,,,,,78614889,78614890
17091,17091,4,,,,,,78614892,78614893
17091,17091,4,,,,,,78614895,78614894
17091,17091,4,,,,,,78614896,78614901
17091,17091,4,,,,,,78614897,78614898
17091,17091,4,,,,,,78614899,78614902
17091,17091,4,,,,,,78614903,78614900
17091,17091,4,,,,,,78614878,78614875
17091,17091,4,,,,,,78614874,78614879
17091,17091,4,,,,,,78614907,78614906
17091,17091,4,,,,,,78614909,78614908
17091,17091,4,,,,,,78614904,78614910
17091,17091,4,,,,,,78614911,78614912
17091,17091,4,,,,,,78614913,78614914
17091,17091,4,,,,,,78614921,78614919
17091,17091,4,,,,,,78614920,78614918
17091,17091,4,,,,,,78614922,78614923
17091,17091,4,,,,,,78614917,78614926
17091,17091,4,,,,,,78614925,78614927
17091,17091,4,,,,,,78614929,78614924
17091,17091,4,,,,,,78614930,78614931
17091,17091,4,,,,,,78614928,78614932
17091,17091,4,,,,,,78614934,78614936
17091,17091,4,,,,,,78614937,78614933
17091,17091,4,,,,,,78614938,78614935
17091,17091,4,,,,,,78614916,78614915
17091,17091,4,,,,,,78614963,78614968
17091,17091,4,,,,,,78614951,78614942
17091,17091,4,,,,,,78614940,78614944
17091,17091,4,,,,,,78614943,78614941
17091,17091,4,,,,,,78614945,78614946
17091,17091,4,,,,,,78614948,78614950
17091,17091,4,,,,,,78614952,78614949
17091,17091,4,,,,,,78614971,78614972
17091,17091,4,,,,,,78614973,78614969
17091,17091,4,,,,,,78614970,78614975
17091,17091,4,,,,,,78614974,78614976
17091,17091,4,,,,,,78614980,78614977
17091,17091,4,,,,,,78614982,78614981
17091,17091,4,,,,,,78614978,78614979
17091,17091,4,,,,,,78614984,78614983
17091,17091,4,,,,,,78614985,78614986
17091,17091,4,,,,,,78614989,78614987
17091,17091,4,,,,,,78614959,78614957
17091,17091,4,,,,,,78614953,78614956
17091,17091,4,,,,,,78614993,78614988
17091,17091,4,,,,,,78614997,78614998
17091,17091,4,,,,,,78615002,78615001
17091,17091,4,,,,,,78614996,78614992
17091,17091,4,,,,,,78614990,78614995
17091,17091,4,,,,,,78614999,78614994
17091,17091,4,,,,,,78615000,78615015
17091,17091,4,,,,,,78615014,78615017
17091,17091,4,,,,,,78615018,78615016
17091,17091,4,,,,,,78615019,78615020
17091,17091,4,,,,,,78615024,78615022
17091,17091,4,,,,,,78615021,78615025
17091,17091,4,,,,,,78615023,78615027
17091,17091,4,,,,,,78615026,78615028
17091,17091,4,,,,,,78615029,78615030
17091,17091,4,,,,,,78615031,78615032
17091,17091,4,,,,,,78615034,78615007
17091,17091,4,,,,,,78615035,78615033
17091,17091,4,,,,,,78615006,78615003
17091,17091,4,,,,,,78615048,78615049
17091,17091,4,,,,,,78615050,78615051
17091,17091,4,,,,,,78615054,78615053
17091,17091,4,,,,,,78615052,78615055
17091,17091,4,,,,,,78615056,78615059
17091,17091,4,,,,,,78615057,78615038
17091,17091,4,,,,,,78615037,78615036
17091,17091,4,,,,,,78615041,78615039
17091,17091,4,,,,,,78615068,78615063
17091,17091,4,,,,,,78615066,78615064
17091,17091,4,,,,,,78615058,78615069
17091,17091,4,,,,,,78615060,78615065
17091,17091,4,,,,,,78615067,78615072
17091,17091,4,,,,,,78615070,78615073
17091,17091,4,,,,,,78615071,78615061
17091,17091,4,,,,,,78615076,78615074
17091,17091,4,,,,,,78615077,78615078
17091,17091,4,,,,,,78615081,78615079
17091,17091,4,,,,,,78615075,78615080
17091,17091,4,,,,,,78614877,78614876
17091,17091,4,,,,,,78614872,78614880
17091,17091,4,,,,,,78614881,78614873
17091,17091,4,,,,,,78614884,78614882
17091,17091,4,,,,,,78614960,78614961
17091,17091,4,,,,,,78614966,78614958
17091,17091,4,,,,,,78614962,78614964
17091,17091,4,,,,,,78614965,78614967
17091,17091,4,,,,,,78615098,78615093
17091,17091,4,,,,,,78615008,78615004
17091,17091,4,,,,,,78615010,78615009
17091,17091,4,,,,,,78615005,78615013
17091,17091,4,,,,,,78615011,78615012
17091,17091,4,,,,,,78615095,78615094
17091,17091,4,,,,,,78615046,78615042
17091,17091,4,,,,,,78615045,78615043
17091,17091,4,,,,,,78615040,78615044
17091,17091,4,,,,,,78612833,78612831
17091,17091,4,,,,,,78612827,78612832
17091,17091,4,,,,,,78612836,78612837
17091,17091,4,,,,,,78612835,78612838
17091,17091,4,,,,,,78612839,78612840
17091,17091,4,,,,,,78612843,78612842
17091,17091,4,,,,,,78612841,78612846
17091,17091,4,,,,,,78612848,78612844
17091,17091,4,,,,,,78612847,78612845
17091,17091,4,,,,,,78612849,78612850
17091,17091,4,,,,,,78612852,78612851
17091,17091,4,,,,,,78612853,78612856
17091,17091,4,,,,,,78612855,78612854
17091,17091,4,,,,,,78612860,78612857
17091,17091,4,,,,,,78612859,78612861
17091,17091,4,,,,,,78612864,78612865
17091,17091,4,,,,,,78612863,78612858
17091,17091,4,,,,,,78612869,78612873
17091,17091,4,,,,,,78612867,78612868
17091,17091,4,,,,,,78612870,78612871
17091,17091,4,,,,,,78612866,78612872
17091,17091,4,,,,,,78612875,78612876
17091,17091,4,,,,,,78612878,78612880
17091,17091,4,,,,,,78612879,78612877
17091,17091,4,,,,,,78612893,78612895
17091,17091,4,,,,,,78612896,78612898
17091,17091,4,,,,,,78612894,78612897
17091,17091,4,,,,,,78612899,78612900
17091,17091,4,,,,,,78612901,78612902
17091,17091,4,,,,,,78612904,78612903
17091,17091,4,,,,,,78612905,78612909
17091,17091,4,,,,,,78612906,78612907
17091,17091,4,,,,,,78612908,78612910
17091,17091,4,,,,,,78612911,78612912
17091,17091,4,,,,,,78612887,78612884
17091,17091,4,,,,,,78612883,78612888
17091,17091,4,,,,,,78612886,78612885
17091,17091,4,,,,,,78612916,78612915
17091,17091,4,,,,,,78612918,78612917
17091,17091,4,,,,,,78612913,78612919
17091,17091,4,,,,,,78612920,78612921
17091,17091,4,,,,,,78612922,78612923
17091,17091,4,,,,,,78612930,78612927
17091,17091,4,,,,,,78612929,78612931
17091,17091,4,,,,,,78612928,78612933
17091,17091,4,,,,,,78612926,78612932
17091,17091,4,,,,,,78612935,78612936
17091,17091,4,,,,,,78612938,78612934
17091,17091,4,,,,,,78612939,78612940
17091,17091,4,,,,,,78612937,78612941
17091,17091,4,,,,,,78612943,78612944
17091,17091,4,,,,,,78612945,78612942
17091,17091,4,,,,,,78612946,78612947
17091,17091,4,,,,,,78612925,78612924
17091,17091,4,,,,,,78612972,78612977
17091,17091,4,,,,,,78612960,78612951
17091,17091,4,,,,,,78612949,78612953
17091,17091,4,,,,,,78612952,78612950
17091,17091,4,,,,,,78612954,78612955
17091,17091,4,,,,,,78612957,78612959
17091,17091,4,,,,,,78612961,78612958
17091,17091,4,,,,,,78612979,78612980
17091,17091,4,,,,,,78612981,78612978
17091,17091,4,,,,,,78612982,78612984
17091,17091,4,,,,,,78612983,78612985
17091,17091,4,,,,,,78612989,78612986
17091,17091,4,,,,,,78612991,78612990
17091,17091,4,,,,,,78612987,78612988
17091,17091,4,,,,,,78612993,78612992
17091,17091,4,,,,,,78612994,78612995
17091,17091,4,,,,,,78612997,78612996
17091,17091,4,,,,,,78612969,78612963
17091,17091,4,,,,,,78612966,78612965
17091,17091,4,,,,,,78613003,78613001
17091,17091,4,,,,,,78613006,78613007
17091,17091,4,,,,,,78613011,78613010
17091,17091,4,,,,,,78613002,78612998
17091,17091,4,,,,,,78612999,78613005
17091,17091,4,,,,,,78613008,78613004
17091,17091,4,,,,,,78613009,78613024
17091,17091,4,,,,,,78613023,78613026
17091,17091,4,,,,,,78613027,78613025
17091,17091,4,,,,,,78613028,78613029
17091,17091,4,,,,,,78613032,78613031
17091,17091,4,,,,,,78613030,78613034
17091,17091,4,,,,,,78613036,78613033
17091,17091,4,,,,,,78613035,78613038
17091,17091,4,,,,,,78613039,78613040
17091,17091,4,,,,,,78613037,78613041
17091,17091,4,,,,,,78613043,78613015
17091,17091,4,,,,,,78613044,78613042
17091,17091,4,,,,,,78613014,78613012
17091,17091,4,,,,,,78613016,78613013
17091,17091,4,,,,,,78613057,78613058
17091,17091,4,,,,,,78613059,78613060
17091,17091,4,,,,,,78613063,78613062
17091,17091,4,,,,,,78613061,78613064
17091,17091,4,,,,,,78613065,78613067
17091,17091,4,,,,,,78613066,78613047
17091,17091,4,,,,,,78613046,78613045
17091,17091,4,,,,,,78613077,78613073
17091,17091,4,,,,,,78613072,78613074
17091,17091,4,,,,,,78613071,78613078
17091,17091,4,,,,,,78613069,78613075
17091,17091,4,,,,,,78613076,78613081
17091,17091,4,,,,,,78613079,78613082
17091,17091,4,,,,,,78613080,78613070
17091,17091,4,,,,,,78613084,78613083
17091,17091,4,,,,,,78613085,78613086
17091,17091,4,,,,,,78613090,78613088
17091,17091,4,,,,,,78613087,78613089
17091,17091,4,,,,,,78613049,78613048
17091,17091,4,,,,,,78613055,78613050
17091,17091,4,,,,,,78613054,78613051
17091,17091,4,,,,,,78613052,78613053
17091,17091,4,,,,,,78612970,78612967
17091,17091,4,,,,,,78612975,78612968
17091,17091,4,,,,,,78612971,78612973
17091,17091,4,,,,,,78612974,78612976
17091,17091,4,,,,,,78613109,78613103
17091,17091,4,,,,,,78612881,78612889
17091,17091,4,,,,,,78612890,78612882
17091,17091,4,,,,,,78612892,78612891
17091,17091,4,,,,,,78613019,78613018
17091,17091,4,,,,,,78613017,78613022
17091,17091,4,,,,,,78613020,78613021
17091,17091,4,,,,,,78613106,78613107
17091,17091,4,,,,,,78433672,78433671
17091,17091,4,,,,,,78433683,78433682
17091,17091,4,,,,,,78433696,78433697
17091,17091,4,,,,,,78433708,78433707
17091,17091,4,,,,,,78433766,78433764
17091,17091,4,,,,,,78433768,78433765
17091,17091,4,,,,,,78433767,78433771
17091,17091,4,,,,,,78433770,78433769
17091,17091,4,,,,,,78433772,78433763
17091,17091,4,,,,,,78433859,78433860
17091,17091,4,,,,,,78433857,78433862
17091,17091,4,,,,,,78433861,78433858
17091,17091,4,,,,,,78434011,78434015
17091,17091,4,,,,,,78434012,78434016
17091,17091,4,,,,,,78434017,78434019
17091,17091,4,,,,,,78434018,78434014
17091,17091,4,,,,,,78434013,78434217
17091,17091,4,,,,,,78433669,78433674
17091,17091,4,,,,,,78433673,78433684
17091,17091,4,,,,,,78433685,78433698
17091,17091,4,,,,,,78433699,78433711
17091,17091,4,,,,,,78433709,78433710
17091,17091,4,,,,,,78433774,78433776
17091,17091,4,,,,,,78433775,78433773
17091,17091,4,,,,,,78433778,78433781
17091,17091,4,,,,,,78433779,78433780
17091,17091,4,,,,,,78433777,78433865
17091,17091,4,,,,,,78433867,78433868
17091,17091,4,,,,,,78433863,78433869
17091,17091,4,,,,,,78433866,78433864
17091,17091,4,,,,,,78434020,78434028
17091,17091,4,,,,,,78434023,78434021
17091,17091,4,,,,,,78434026,78434024
17091,17091,4,,,,,,78434025,78434027
17091,17091,4,,,,,,78434022,78434228
17091,17091,4,,,,,,78434221,78434226
17091,17091,4,,,,,,78434223,78434227
17091,17091,4,,,,,,78433675,78433686
17091,17091,4,,,,,,78433702,78433700
17091,17091,4,,,,,,78433701,78433714
17091,17091,4,,,,,,78433713,78433712
17091,17091,4,,,,,,78433782,78433783
17091,17091,4,,,,,,78433785,78433789
17091,17091,4,,,,,,78433784,78433788
17091,17091,4,,,,,,78433790,78433786
17091,17091,4,,,,,,78433787,78433871
17091,17091,4,,,,,,78433876,78433872
17091,17091,4,,,,,,78433875,78433870
17091,17091,4,,,,,,78433873,78433874
17091,17091,4,,,,,,78434035,78434032
17091,17091,4,,,,,,78434030,78434031
17091,17091,4,,,,,,78434033,78434029
17091,17091,4,,,,,,78434034,78434036
17091,17091,4,,,,,,78434230,78434229
17091,17091,4,,,,,,78433677,78433680
17091,17091,4,,,,,,78433678,78433687
17091,17091,4,,,,,,78433703,78433704
17091,17091,4,,,,,,78433717,78433715
17091,17091,4,,,,,,78433716,78433792
17091,17091,4,,,,,,78433791,78433794
17091,17091,4,,,,,,78433728,78433793
17091,17091,4,,,,,,78433732,78433730
17091,17091,4,,,,,,78433731,78433729
17091,17091,4,,,,,,78433833,78433835
17091,17091,4,,,,,,78433834,78433836
17091,17091,4,,,,,,78433838,78433837
17091,17091,4,,,,,,78433839,78433954
17091,17091,4,,,,,,78433953,78433952
17091,17091,4,,,,,,78433961,78433956
17091,17091,4,,,,,,78433958,78433960
17091,17091,4,,,,,,78433957,78433959
17091,17091,4,,,,,,78434182,78434188
17091,17091,4,,,,,,78434190,78434185
17091,17091,4,,,,,,78433695,78433690
17091,17091,4,,,,,,78433691,78433694
17091,17091,4,,,,,,78433689,78433692
17091,17091,4,,,,,,78433705,78433706
17091,17091,4,,,,,,78433736,78433733
17091,17091,4,,,,,,78433737,78433734
17091,17091,4,,,,,,78433735,78433741
17091,17091,4,,,,,,78433738,78433739
17091,17091,4,,,,,,78433742,78433740
17091,17091,4,,,,,,78433845,78433841
17091,17091,4,,,,,,78433840,78433842
17091,17091,4,,,,,,78433843,78433846
17091,17091,4,,,,,,78433844,78433964
17091,17091,4,,,,,,78433963,78433968
17091,17091,4,,,,,,78433965,78433967
17091,17091,4,,,,,,78433966,78433969
17091,17091,4,,,,,,78433970,78433955
17091,17091,4,,,,,,78434200,78434199
17091,17091,4,,,,,,78434193,78434192
17091,17091,4,,,,,,78434194,78434191
17091,17091,4,,,,,,78433848,78433849
17091,17091,4,,,,,,78433973,78433978
17091,17091,4,,,,,,78433977,78433972
17091,17091,4,,,,,,78433974,78433975
17091,17091,4,,,,,,78433971,78433979
17091,17091,4,,,,,,78433976,78433962
17091,17091,4,,,,,,78434202,78434201
17091,17091,4,,,,,,78434209,78434208
17091,17091,4,,,,,,78433752,78433749
17091,17091,4,,,,,,78433746,78433750
17091,17091,4,,,,,,78433745,78433753
17091,17091,4,,,,,,78433744,78433748
17091,17091,4,,,,,,78433747,78433751
17091,17091,4,,,,,,78433851,78433856
17091,17091,4,,,,,,78433855,78433850
17091,17091,4,,,,,,78433852,78433853
17091,17091,4,,,,,,78433854,78433980
17091,17091,4,,,,,,78433985,78433982
17091,17091,4,,,,,,78433981,78433984
17091,17091,4,,,,,,78434187,78434186
17091,17091,4,,,,,,78434184,78434181
17091,17091,4,,,,,,78434189,78434183
17091,17091,4,,,,,,78434430,78434431
17091,17091,4,,,,,,78434210,78434205
17091,17091,4,,,,,,78434203,78434204
17091,17091,4,,,,,,78434206,78434207
17091,17091,4,,,,,,78434219,78434222
17091,17091,4,,,,,,78434224,78434220
17091,17091,4,,,,,,78434225,78434434
17091,17091,4,,,,,,78434197,78434196
17091,17091,4,,,,,,78434195,78434198
17091,17091,4,,,,,,78434432,78434433
17091,17091,4,,,,,,78818360,78818359
17091,17091,4,,,,,,78818356,78818352
17091,17091,4,,,,,,78818348,78818342
17091,17091,4,,,,,,78818345,78818338
17091,17091,4,,,,,,78818333,78818339
17091,17091,4,,,,,,78818334,78818329
17091,17091,4,,,,,,78818327,78818331
17091,17091,4,,,,,,78818321,78818320
17091,17091,4,,,,,,78818315,78818306
17091,17091,4,,,,,,78818307,78818312
17091,17091,4,,,,,,78818303,78818297
17091,17091,4,,,,,,78818302,78818295
17091,17091,4,,,,,,78818288,78818279
17091,17091,4,,,,,,78818276,78818278
17091,17091,4,,,,,,78818272,78818265
17091,17091,4,,,,,,78818264,78818257
17091,17091,4,,,,,,78818258,78818249
17091,17091,4,,,,,,78818247,78818231
17091,17091,4,,,,,,78818239,78818228
17091,17091,4,,,,,,78818224,78818219
17091,17091,4,,,,,,78818215,78818200
17091,17091,4,,,,,,78818350,78818354
17091,17091,4,,,,,,78818344,78818349
17091,17091,4,,,,,,78818341,78818336
17091,17091,4,,,,,,78818335,78818332
17091,17091,4,,,,,,78818324,78818322
17091,17091,4,,,,,,78818323,78818319
17091,17091,4,,,,,,78818314,78818316
17091,17091,4,,,,,,78818305,78818308
17091,17091,4,,,,,,78818304,78818298
17091,17091,4,,,,,,78818296,78818299
17091,17091,4,,,,,,78818294,78818287
17091,17091,4,,,,,,78818293,78818280
17091,17091,4,,,,,,78818286,78818270
17091,17091,4,,,,,,78818271,78818262
17091,17091,4,,,,,,78818263,78818256
17091,17091,4,,,,,,78818248,78818241
17091,17091,4,,,,,,78818242,78818233
17091,17091,4,,,,,,78818232,78818223
17091,17091,4,,,,,,78818261,78818254
17091,17091,4,,,,,,78818255,78818246
17091,17091,4,,,,,,78818244,78818238
17091,17091,4,,,,,,78818237,78818227
17091,17091,4,,,,,,78818285,78818282
17091,17091,4,,,,,,78818284,78818277
17091,17091,4,,,,,,78818274,78818266
17091,17091,4,,,,,,78818259,78818250
17091,17091,4,,,,,,78818252,78818243
17091,17091,4,,,,,,78818240,78818234
17091,17091,4,,,,,,78818230,78818226
17091,17091,4,,,,,,78818220,78818212
17091,17091,4,,,,,,78818358,78818355
17091,17091,4,,,,,,78818353,78818351
17091,17091,4,,,,,,78818347,78818346
17091,17091,4,,,,,,78818343,78818340
17091,17091,4,,,,,,78818337,78818328
17091,17091,4,,,,,,78818330,78818325
17091,17091,4,,,,,,78818326,78818313
17091,17091,4,,,,,,78818317,78818318
17091,17091,4,,,,,,78818310,78818311
17091,17091,4,,,,,,78818309,78818301
17091,17091,4,,,,,,78818300,78818291
17091,17091,4,,,,,,78818290,78818292
17091,17091,4,,,,,,78818283,78818281
17091,17091,4,,,,,,78818273,78818275
17091,17091,4,,,,,,78818268,78818267
17091,17091,4,,,,,,78818260,78818253
17091,17091,4,,,,,,78818251,78818245
17091,17091,4,,,,,,78818235,78818236
17091,17091,4,,,,,,78818229,78818221
17091,17091,4,,,,,,78818167,78818168
17091,17091,4,,,,,,78818401,78818402
17091,17091,4,,,,,,78818170,78818397
17091,17091,4,,,,,,78818400,78818395
17091,17091,4,,,,,,78818399,78818398
17091,17091,4,,,,,,78818396,78818391
17091,17091,4,,,,,,78818389,78818388
17091,17091,4,,,,,,78818393,78818386
17091,17091,4,,,,,,78818390,78818387
17091,17091,4,,,,,,78818394,78818392
17091,17091,4,,,,,,78818385,78818378
17091,17091,4,,,,,,78818380,78818382
17091,17091,4,,,,,,78818374,78818373
17091,17091,4,,,,,,78818379,78818384
17091,17091,4,,,,,,78818377,78818376
17091,17091,4,,,,,,78818381,78818375
17091,17091,4,,,,,,78818383,78818363
17091,17091,4,,,,,,78818370,78818371
17091,17091,4,,,,,,78818366,78818372
17091,17091,4,,,,,,78818365,78818369
17091,17091,4,,,,,,78818367,78818368
17091,17091,4,,,,,,78818225,78818216
17091,17091,4,,,,,,78818211,78818201
17091,17091,4,,,,,,78818196,78818183
17091,17091,4,,,,,,78818185,78818178
17091,17091,4,,,,,,78818176,78818173
17091,17091,4,,,,,,78818222,78818217
17091,17091,4,,,,,,78818214,78818199
17091,17091,4,,,,,,78818195,78818186
17091,17091,4,,,,,,78818187,78818180
17091,17091,4,,,,,,78818179,78818181
17091,17091,4,,,,,,78818218,78818213
17091,17091,4,,,,,,78818208,78818205
17091,17091,4,,,,,,78818203,78818210
17091,17091,4,,,,,,78818207,78818206
17091,17091,4,,,,,,78818204,78818202
17091,17091,4,,,,,,78818209,78818197
17091,17091,4,,,,,,78818193,78818190
17091,17091,4,,,,,,78818189,78818191
17091,17091,4,,,,,,78818194,78818192
17091,17091,4,,,,,,78818198,78818188
17091,17091,4,,,,,,78818184,78818182
17091,17091,4,,,,,,78818177,78818175
17091,17091,4,,,,,,78679367,78679365
17091,17091,4,,,,,,78679364,78679366
17091,17091,4,,,,,,78679370,78679371
17091,17091,4,,,,,,78679369,78679372
17091,17091,4,,,,,,78679373,78679374
17091,17091,4,,,,,,78679377,78679376
17091,17091,4,,,,,,78679375,78679380
17091,17091,4,,,,,,78679382,78679378
17091,17091,4,,,,,,78679381,78679379
17091,17091,4,,,,,,78679383,78679384
17091,17091,4,,,,,,78679386,78679385
17091,17091,4,,,,,,78679387,78679390
17091,17091,4,,,,,,78679389,78679388
17091,17091,4,,,,,,78679393,78679391
17091,17091,4,,,,,,78679392,78679394
17091,17091,4,,,,,,78679397,78679398
17091,17091,4,,,,,,78679396,78679395
17091,17091,4,,,,,,78679403,78679407
17091,17091,4,,,,,,78679401,78679402
17091,17091,4,,,,,,78679404,78679405
17091,17091,4,,,,,,78679400,78679406
17091,17091,4,,,,,,78679409,78679410
17091,17091,4,,,,,,78679412,78679414
17091,17091,4,,,,,,78679413,78679411
17091,17091,4,,,,,,78679429,78679428
17091,17091,4,,,,,,78679430,78679431
17091,17091,4,,,,,,78679427,78679434
17091,17091,4,,,,,,78679432,78679433
17091,17091,4,,,,,,78679435,78679436
17091,17091,4,,,,,,78679438,78679437
17091,17091,4,,,,,,78679439,78679443
17091,17091,4,,,,,,78679440,78679441
17091,17091,4,,,,,,78679442,78679444
17091,17091,4,,,,,,78679445,78679446
17091,17091,4,,,,,,78679421,78679418
17091,17091,4,,,,,,78679417,78679422
17091,17091,4,,,,,,78679420,78679419
17091,17091,4,,,,,,78679450,78679449
17091,17091,4,,,,,,78679452,78679451
17091,17091,4,,,,,,78679447,78679453
17091,17091,4,,,,,,78679454,78679455
17091,17091,4,,,,,,78679456,78679457
17091,17091,4,,,,,,78679463,78679461
17091,17091,4,,,,,,78679462,78679464
17091,17091,4,,,,,,78679465,78679466
17091,17091,4,,,,,,78679460,78679469
17091,17091,4,,,,,,78679468,78679470
17091,17091,4,,,,,,78679472,78679467
17091,17091,4,,,,,,78679473,78679474
17091,17091,4,,,,,,78679471,78679475
17091,17091,4,,,,,,78679477,78679478
17091,17091,4,,,,,,78679479,78679476
17091,17091,4,,,,,,78679480,78679481
17091,17091,4,,,,,,78679459,78679458
17091,17091,4,,,,,,78679506,78679511
17091,17091,4,,,,,,78679494,78679485
17091,17091,4,,,,,,78679483,78679487
17091,17091,4,,,,,,78679486,78679484
17091,17091,4,,,,,,78679488,78679489
17091,17091,4,,,,,,78679491,78679493
17091,17091,4,,,,,,78679495,78679492
17091,17091,4,,,,,,78679513,78679514
17091,17091,4,,,,,,78679515,78679512
17091,17091,4,,,,,,78679516,78679518
17091,17091,4,,,,,,78679517,78679519
17091,17091,4,,,,,,78679523,78679520
17091,17091,4,,,,,,78679525,78679524
17091,17091,4,,,,,,78679521,78679522
17091,17091,4,,,,,,78679527,78679526
17091,17091,4,,,,,,78679528,78679529
17091,17091,4,,,,,,78679531,78679530
17091,17091,4,,,,,,78679502,78679500
17091,17091,4,,,,,,78679499,78679498
17091,17091,4,,,,,,78679503,78679504
17091,17091,4,,,,,,78679536,78679534
17091,17091,4,,,,,,78679540,78679541
17091,17091,4,,,,,,78679545,78679544
17091,17091,4,,,,,,78679539,78679535
17091,17091,4,,,,,,78679532,78679538
17091,17091,4,,,,,,78679542,78679537
17091,17091,4,,,,,,78679543,78679558
17091,17091,4,,,,,,78679557,78679560
17091,17091,4,,,,,,78679561,78679559
17091,17091,4,,,,,,78679562,78679563
17091,17091,4,,,,,,78679566,78679565
17091,17091,4,,,,,,78679564,78679567
17091,17091,4,,,,,,78679569,78679570
17091,17091,4,,,,,,78679568,78679571
17091,17091,4,,,,,,78679572,78679573
17091,17091,4,,,,,,78679574,78679575
17091,17091,4,,,,,,78679577,78679549
17091,17091,4,,,,,,78679578,78679576
17091,17091,4,,,,,,78679548,78679546
17091,17091,4,,,,,,78679550,78679547
17091,17091,4,,,,,,78679591,78679592
17091,17091,4,,,,,,78679593,78679594
17091,17091,4,,,,,,78679597,78679596
17091,17091,4,,,,,,78679595,78679598
17091,17091,4,,,,,,78679599,78679601
17091,17091,4,,,,,,78679600,78679581
17091,17091,4,,,,,,78679580,78679579
17091,17091,4,,,,,,78679583,78679582
17091,17091,4,,,,,,78679611,78679606
17091,17091,4,,,,,,78679609,78679607
17091,17091,4,,,,,,78679604,78679612
17091,17091,4,,,,,,78679602,78679608
17091,17091,4,,,,,,78679610,78679615
17091,17091,4,,,,,,78679613,78679616
17091,17091,4,,,,,,78679614,78679603
17091,17091,4,,,,,,78679618,78679617
17091,17091,4,,,,,,78679619,78679620
17091,17091,4,,,,,,78679624,78679622
17091,17091,4,,,,,,78679621,78679623
17091,17091,4,,,,,,78679589,78679584
17091,17091,4,,,,,,78679588,78679585
17091,17091,4,,,,,,78679586,78679587
17091,17091,4,,,,,,78679415,78679423
17091,17091,4,,,,,,78679424,78679416
17091,17091,4,,,,,,78679426,78679425
17091,17091,4,,,,,,78679509,78679501
17091,17091,4,,,,,,78679505,78679507
17091,17091,4,,,,,,78679508,78679510
17091,17091,4,,,,,,78679553,78679552
17091,17091,4,,,,,,78679551,78679556
17091,17091,4,,,,,,78679554,78679555
17861,17861,4,,,,,,78171840_1,78171840_2
1805,1805,4,,,,,,78977097,78977309
1805,1805,4,,,,,,78977104,78977312
1805,1805,4,,,,,,78977099,78977311
1805,1805,4,,,,,,78977086,78977303
1805,1805,4,,,,,,78977092,78977307
1805,1805,4,,,,,,78977094,78977308
1805,1805,4,,,,,,78977087,78977304
1805,1805,4,,,,,,78977089,78977310
1805,1805,4,,,,,,78977096,78977305
1805,1805,4,,,,,,78977090,78977300
1805,1805,4,,,,,,78977091,78977306
1805,1805,4,,,,,,78977101,78977313
1805,1805,4,,,,,,78977103,78977314
1805,1805,4,,,,,,78180633,78180845
1805,1805,4,,,,,,78180640,78180848
1805,1805,4,,,,,,78180635,78180847
1805,1805,4,,,,,,78180622,78180839
1805,1805,4,,,,,,78180628,78180843
1805,1805,4,,,,,,78180630,78180844
1805,1805,4,,,,,,78180623,78180840
1805,1805,4,,,,,,78180625,78180846
1805,1805,4,,,,,,78180632,78180841
1805,1805,4,,,,,,78180626,78180836
1805,1805,4,,,,,,78180627,78180842
1805,1805,4,,,,,,78180637,78180849
1805,1805,4,,,,,,78180639,78180850
1805,1805,4,,,,,,79305754,79305969
1805,1805,4,,,,,,79305761,79305972
1805,1805,4,,,,,,79305756,79305971
1805,1805,4,,,,,,79305743,79305963
1805,1805,4,,,,,,79305749,79305967
1805,1805,4,,,,,,79305751,79305968
1805,1805,4,,,,,,79305744,79305964
1805,1805,4,,,,,,79305746,79305970
1805,1805,4,,,,,,79305753,79305965
1805,1805,4,,,,,,79305747,79305960
1805,1805,4,,,,,,79305748,79305966
1805,1805,4,,,,,,79305758,79305973
1805,1805,4,,,,,,79305760,79305974
1805,1805,4,,,,,,78250789,78251004
1805,1805,4,,,,,,78250791,78251006
1805,1805,4,,,,,,78250787,78251000
1805,1805,4,,,,,,78250775,78250992
1805,1805,4,,,,,,78250777,78250999
1805,1805,4,,,,,,78250784,78250996
1805,1805,4,,,,,,78250778,78250988
1805,1805,4,,,,,,78250779,78250993
1805,1805,4,,,,,,78250785,78250998
1805,1805,4,,,,,,78250774,78250991
1805,1805,4,,,,,,78250780,78250994
1805,1805,4,,,,,,78250782,78250997
1805,1805,4,,,,,,78250792,78251002
1805,1805,4,,,,,,78255137,78267549
1805,1805,4,,,,,,78255139,78267550
1805,1805,4,,,,,,78255135,78267547
1805,1805,4,,,,,,78255123,78267540
1805,1805,4,,,,,,78255125,78267546
1805,1805,4,,,,,,78255132,78267543
1805,1805,4,,,,,,78255126,78267536
1805,1805,4,,,,,,78255127,78267541
1805,1805,4,,,,,,78255133,78267545
1805,1805,4,,,,,,78255122,78267539
1805,1805,4,,,,,,78255128,78267542
1805,1805,4,,,,,,78255130,78267544
1805,1805,4,,,,,,78255140,78267548
18974,18974,4,,,,,,78854175,78854164
18974,18974,4,,,,,,78854168,78854158
18974,18974,4,,,,,,78854170,78854159
18974,18974,4,,,,,,78854173,78854160
18974,18974,4,,,,,,78854169,78854156
18974,18974,4,,,,,,78854155,78854154
18974,18974,4,,,,,,78854152,78854151
18974,18974,4,,,,,,78854150,78854149
18974,18974,4,,,,,,78854171,78854165
18974,18974,4,,,,,,78854172,78854153
18974,18974,4,,,,,,78854174,78854166
18974,18974,4,,,,,,78854161,78854157
18974,18974,4,,,,,,78854162,78854167
18974,18974,4,,,,,,78857622,78857611
18974,18974,4,,,,,,78857615,78857605
18974,18974,4,,,,,,78857617,78857606
18974,18974,4,,,,,,78857620,78857607
18974,18974,4,,,,,,78857616,78857603
18974,18974,4,,,,,,78857602,78857601
18974,18974,4,,,,,,78857599,78857598
18974,18974,4,,,,,,78857597,78857596
18974,18974,4,,,,,,78857618,78857612
18974,18974,4,,,,,,78857619,78857600
18974,18974,4,,,,,,78857621,78857613
18974,18974,4,,,,,,78857608,78857604
18974,18974,4,,,,,,78857609,78857614
18974,18974,4,,,,,,78850390,78850389
18974,18974,4,,,,,,78850388,78850384
18974,18974,4,,,,,,78850387,78850386
18974,18974,4,,,,,,78850385,78850383
18974,18974,4,,,,,,78850372,78850368
18974,18974,4,,,,,,78850367,78850473
18974,18974,4,,,,,,78850474,78850366
18974,18974,4,,,,,,78850381,78850382
18974,18974,4,,,,,,78850380,78850379
18974,18974,4,,,,,,78850376,78850373
18974,18974,4,,,,,,78850377,78850374
18974,18974,4,,,,,,78850375,78850378
18974,18974,4,,,,,,78850371,78850365
18974,18974,4,,,,,,78850370,78850369
18974,18974,4,,,,,,78852826,78852815
18974,18974,4,,,,,,78852819,78852809
18974,18974,4,,,,,,78852821,78852810
18974,18974,4,,,,,,78852824,78852811
18974,18974,4,,,,,,78852820,78852807
18974,18974,4,,,,,,78852806,78852805
18974,18974,4,,,,,,78852803,78852802
18974,18974,4,,,,,,78852801,78852800
18974,18974,4,,,,,,78852822,78852816
18974,18974,4,,,,,,78852823,78852804
18974,18974,4,,,,,,78852825,78852817
18974,18974,4,,,,,,78852812,78852808
18974,18974,4,,,,,,78852813,78852818
18974,18974,4,,,,,,78860233,78860232
18974,18974,4,,,,,,78860231,78860227
18974,18974,4,,,,,,78860230,78860229
18974,18974,4,,,,,,78860228,78860226
18974,18974,4,,,,,,78860220,78860217
18974,18974,4,,,,,,78860218,78860221
18974,18974,4,,,,,,78860214,78860208
18974,18974,4,,,,,,78860213,78860212
18974,18974,4,,,,,,78860215,78860211
18974,18974,4,,,,,,78860210,78860316
18974,18974,4,,,,,,78860317,78860209
18974,18974,4,,,,,,78860224,78860225
18974,18974,4,,,,,,78860223,78860222
18974,18974,4,,,,,,78860219,78860216
18974,18974,4,,,,,,78856293,78856282
18974,18974,4,,,,,,78856286,78856276
18974,18974,4,,,,,,78856288,78856277
18974,18974,4,,,,,,78856291,78856278
18974,18974,4,,,,,,78856287,78856274
18974,18974,4,,,,,,78856273,78856272
18974,18974,4,,,,,,78856270,78856269
18974,18974,4,,,,,,78856268,78856267
18974,18974,4,,,,,,78856289,78856283
18974,18974,4,,,,,,78856290,78856271
18974,18974,4,,,,,,78856292,78856284
18974,18974,4,,,,,,78856279,78856275
18974,18974,4,,,,,,78856280,78856285
18975,18975,4,,,,,,78854140,78854147
18975,18975,4,,,,,,78854142,78854146
18975,18975,4,,,,,,78854143,78854148
18975,18975,4,,,,,,78854136,78854131
18975,18975,4,,,,,,78854132,78854130
18975,18975,4,,,,,,78854133,78854134
18975,18975,4,,,,,,78854163,78854144
18975,18975,4,,,,,,78854141,78854145
18975,18975,4,,,,,,78854139,78854137
18975,18975,4,,,,,,78854138,78854135
18975,18975,4,,,,,,78857587,78857594
18975,18975,4,,,,,,78857589,78857593
18975,18975,4,,,,,,78857590,78857595
18975,18975,4,,,,,,78857583,78857578
18975,18975,4,,,,,,78857579,78857577
18975,18975,4,,,,,,78857580,78857581
18975,18975,4,,,,,,78857610,78857591
18975,18975,4,,,,,,78857588,78857592
18975,18975,4,,,,,,78857586,78857584
18975,18975,4,,,,,,78857585,78857582
18975,18975,4,,,,,,78852791,78852798
18975,18975,4,,,,,,78852793,78852797
18975,18975,4,,,,,,78852794,78852799
18975,18975,4,,,,,,78852787,78852782
18975,18975,4,,,,,,78852783,78852781
18975,18975,4,,,,,,78852784,78852785
18975,18975,4,,,,,,78852814,78852795
18975,18975,4,,,,,,78852792,78852796
18975,18975,4,,,,,,78852790,78852788
18975,18975,4,,,,,,78852789,78852786
18975,18975,4,,,,,,78856258,78856265
18975,18975,4,,,,,,78856260,78856264
18975,18975,4,,,,,,78856261,78856266
18975,18975,4,,,,,,78856254,78856249
18975,18975,4,,,,,,78856250,78856248
18975,18975,4,,,,,,78856251,78856252
18975,18975,4,,,,,,78856281,78856262
18975,18975,4,,,,,,78856259,78856263
18975,18975,4,,,,,,78856257,78856255
18975,18975,4,,,,,,78856256,78856253
1926,1926,4,,,,,,78173175,78173199
1926,1926,4,,,,,,78173314,78173287
1926,1926,4,,,,,,78173246,78173291
1926,1926,4,,,,,,78173250,78173294
1926,1926,4,,,,,,78173225,78173236
1926,1926,4,,,,,,78247794,78247815
1926,1926,4,,,,,,78247860,78247904
1926,1926,4,,,,,,78247864,78247910
1926,1926,4,,,,,,78247927,78247900
1926,1926,4,,,,,,78247839,78247851
1926,1926,4,,,,,,78980749,78980742
1926,1926,4,,,,,,78980747,78980748
1926,1926,4,,,,,,78980733,78980734
1926,1926,4,,,,,,78980736,78980746
1926,1926,4,,,,,,78980735,78980740
1926,1926,4,,,,,,78980737,78980744
1926,1926,4,,,,,,78980739,78980743
1926,1926,4,,,,,,78983528,78983526
1926,1926,4,,,,,,78983523,78983524
1926,1926,4,,,,,,78983525,78983518
1926,1926,4,,,,,,78983520,78983521
1926,1926,4,,,,,,78983517,78983507
1926,1926,4,,,,,,78983516,78983514
1926,1926,4,,,,,,78983511,78983519
1926,1926,4,,,,,,79301063,79301056
1926,1926,4,,,,,,79301061,79301062
1926,1926,4,,,,,,79301047,79301048
1926,1926,4,,,,,,79301050,79301060
1926,1926,4,,,,,,79301049,79301054
1926,1926,4,,,,,,79301051,79301058
1926,1926,4,,,,,,79301053,79301057
1926,1926,4,,,,,,79303852,79303850
1926,1926,4,,,,,,79303846,79303847
1926,1926,4,,,,,,79303848,79303841
1926,1926,4,,,,,,79303843,79303844
1926,1926,4,,,,,,79303840,79303830
1926,1926,4,,,,,,79303839,79303837
1926,1926,4,,,,,,79303834,79303842
1926,1926,4,,,,,,78304296,78304299
1926,1926,4,,,,,,78304294,78304304
1926,1926,4,,,,,,78304293,78304298
1926,1926,4,,,,,,78304307,78304300
1926,1926,4,,,,,,78304297,78304301
1926,1926,4,,,,,,78219664,78219662
1926,1926,4,,,,,,78219659,78219660
1926,1926,4,,,,,,78219661,78219654
1926,1926,4,,,,,,78219656,78219657
1926,1926,4,,,,,,78219653,78219643
1926,1926,4,,,,,,78219649,78219651
1926,1926,4,,,,,,78219648,78219655
19661,19661,4,,,,,,78173010,78173074
19661,19661,4,,,,,,78173073,78173075
19661,19661,4,,,,,,78172439,78172010
19661,19661,4,,,,,,78173345,78173347
19661,19661,4,,,,,,78172942,78172946
19661,19661,4,,,,,,78172947,78173016
19661,19661,4,,,,,,78173013,78173017
19661,19661,4,,,,,,78172443,78172017
19661,19661,4,,,,,,78172437,78172013
19661,19661,4,,,,,,78172441,78172020
19661,19661,4,,,,,,78172442,78172021
19661,19661,4,,,,,,78172444,78172016
19661,19661,4,,,,,,78172948,78172945
19661,19661,4,,,,,,78172944,78172943
19661,19661,4,,,,,,78173012,78173014
19661,19661,4,,,,,,78173015,78173018
19661,19661,4,,,,,,78247076,78246663
19661,19661,4,,,,,,78247958,78247960
19661,19661,4,,,,,,78247565,78247568
19661,19661,4,,,,,,78247570,78247634
19661,19661,4,,,,,,78247632,78247635
19661,19661,4,,,,,,78247629,78247693
19661,19661,4,,,,,,78247692,78247694
19661,19661,4,,,,,,78247079,78246669
19661,19661,4,,,,,,78247074,78246665
19661,19661,4,,,,,,78247077,78246672
19661,19661,4,,,,,,78247078,78246673
19661,19661,4,,,,,,78247080,78246668
19661,19661,4,,,,,,78247571,78247567
19661,19661,4,,,,,,78247566,78247569
19661,19661,4,,,,,,78247631,78247636
19661,19661,4,,,,,,78247633,78247637
19661,19661,4,,,,,,78980078,78980070
19661,19661,4,,,,,,78980120,78980081
19661,19661,4,,,,,,78980102,78980104
19661,19661,4,,,,,,78980127,78980085
19661,19661,4,,,,,,78980121,78980105
19661,19661,4,,,,,,78980061,78980065
19661,19661,4,,,,,,78980059,78980066
19661,19661,4,,,,,,78980077,78980086
19661,19661,4,,,,,,78980095,78980088
19661,19661,4,,,,,,78980063,78980062
19661,19661,4,,,,,,78980124,78980117
19661,19661,4,,,,,,78980123,78980075
19661,19661,4,,,,,,78980068,78980067
19661,19661,4,,,,,,78980069,78980071
19661,19661,4,,,,,,78980110,78980093
19661,19661,4,,,,,,78980107,78980097
19661,19661,4,,,,,,78980113,78980094
19661,19661,4,,,,,,78980064,78980118
19661,19661,4,,,,,,78980084,78980119
19661,19661,4,,,,,,78980089,78980115
19661,19661,4,,,,,,78980087,78980092
19661,19661,4,,,,,,78980082,78980114
19661,19661,4,,,,,,78980080,78980079
19661,19661,4,,,,,,78980091,78980101
19661,19661,4,,,,,,78980100,78980099
19661,19661,4,,,,,,78980126,78980106
19661,19661,4,,,,,,78980103,78980112
19661,19661,4,,,,,,78980108,78980090
19661,19661,4,,,,,,78980109,78980111
19661,19661,4,,,,,,78980096,78980098
19661,19661,4,,,,,,78980116,78980083
19661,19661,4,,,,,,78982991,78982982
19661,19661,4,,,,,,78982989,78982993
19661,19661,4,,,,,,78982994,78982995
19661,19661,4,,,,,,78982992,78982996
19661,19661,4,,,,,,78983034,78983028
19661,19661,4,,,,,,78983037,78983033
19661,19661,4,,,,,,78983029,78983036
19661,19661,4,,,,,,78983031,78983035
19661,19661,4,,,,,,78983006,78983007
19661,19661,4,,,,,,78983008,78983009
19661,19661,4,,,,,,78983010,78983001
19661,19661,4,,,,,,78982997,78982998
19661,19661,4,,,,,,78983000,78983002
19661,19661,4,,,,,,78982999,78983005
19661,19661,4,,,,,,78983030,78983032
19661,19661,4,,,,,,78977691,78977319
19661,19661,4,,,,,,78977689,78977318
19661,19661,4,,,,,,78977692,78977317
19661,19661,4,,,,,,78977688,78977320
19661,19661,4,,,,,,78181227,78180855
19661,19661,4,,,,,,78181225,78180854
19661,19661,4,,,,,,78181228,78180853
19661,19661,4,,,,,,78181224,78180856
19661,19661,4,,,,,,79300392,79300384
19661,19661,4,,,,,,79300434,79300395
19661,19661,4,,,,,,79300416,79300418
19661,19661,4,,,,,,79300441,79300399
19661,19661,4,,,,,,79300435,79300419
19661,19661,4,,,,,,79300375,79300379
19661,19661,4,,,,,,79300373,79300380
19661,19661,4,,,,,,79300391,79300400
19661,19661,4,,,,,,79300409,79300402
19661,19661,4,,,,,,79300377,79300376
19661,19661,4,,,,,,79300438,79300431
19661,19661,4,,,,,,79300437,79300389
19661,19661,4,,,,,,79300382,79300381
19661,19661,4,,,,,,79300383,79300385
19661,19661,4,,,,,,79300424,79300407
19661,19661,4,,,,,,79300421,79300411
19661,19661,4,,,,,,79300427,79300408
19661,19661,4,,,,,,79300378,79300432
19661,19661,4,,,,,,79300398,79300433
19661,19661,4,,,,,,79300403,79300429
19661,19661,4,,,,,,79300401,79300406
19661,19661,4,,,,,,79300396,79300428
19661,19661,4,,,,,,79300394,79300393
19661,19661,4,,,,,,79300405,79300415
19661,19661,4,,,,,,79300414,79300413
19661,19661,4,,,,,,79300440,79300420
19661,19661,4,,,,,,79300417,79300426
19661,19661,4,,,,,,79300422,79300404
19661,19661,4,,,,,,79300423,79300425
19661,19661,4,,,,,,79300410,79300412
19661,19661,4,,,,,,79300430,79300397
19661,19661,4,,,,,,79303314,79303305
19661,19661,4,,,,,,79303312,79303316
19661,19661,4,,,,,,79303317,79303318
19661,19661,4,,,,,,79303315,79303319
19661,19661,4,,,,,,79303357,79303351
19661,19661,4,,,,,,79303360,79303356
19661,19661,4,,,,,,79303352,79303359
19661,19661,4,,,,,,79303354,79303358
19661,19661,4,,,,,,79303329,79303330
19661,19661,4,,,,,,79303331,79303332
19661,19661,4,,,,,,79303333,79303324
19661,19661,4,,,,,,79303320,79303321
19661,19661,4,,,,,,79303323,79303325
19661,19661,4,,,,,,79303322,79303328
19661,19661,4,,,,,,79303353,79303355
19661,19661,4,,,,,,79306351,79305979
19661,19661,4,,,,,,79306349,79305978
19661,19661,4,,,,,,79306352,79305977
19661,19661,4,,,,,,79306348,79305980
19661,19661,4,,,,,,78251429,78251017
19661,19661,4,,,,,,78251430,78251014
19661,19661,4,,,,,,78251431,78251013
19661,19661,4,,,,,,78251428,78251018
19661,19661,4,,,,,,78303716,78303725
19661,19661,4,,,,,,78303695,78303727
19661,19661,4,,,,,,78303722,78303724
19661,19661,4,,,,,,78303691,78303683
19661,19661,4,,,,,,78303733,78303694
19661,19661,4,,,,,,78303676,78303675
19661,19661,4,,,,,,78303737,78303730
19661,19661,4,,,,,,78303677,78303731
19661,19661,4,,,,,,78303697,78303732
19661,19661,4,,,,,,78303709,78303711
19661,19661,4,,,,,,78303715,78303717
19661,19661,4,,,,,,78303674,78303678
19661,19661,4,,,,,,78303672,78303679
19661,19661,4,,,,,,78303736,78303688
19661,19661,4,,,,,,78303681,78303680
19661,19661,4,,,,,,78303682,78303684
19661,19661,4,,,,,,78303708,78303701
19661,19661,4,,,,,,78303690,78303699
19661,19661,4,,,,,,78303721,78303703
19661,19661,4,,,,,,78303693,78303692
19661,19661,4,,,,,,78303704,78303714
19661,19661,4,,,,,,78303713,78303712
19661,19661,4,,,,,,78303740,78303698
19661,19661,4,,,,,,78303734,78303718
19661,19661,4,,,,,,78303723,78303706
19661,19661,4,,,,,,78303720,78303710
19661,19661,4,,,,,,78303726,78303707
19661,19661,4,,,,,,78303729,78303696
19661,19661,4,,,,,,78303702,78303728
19661,19661,4,,,,,,78303700,78303705
19661,19661,4,,,,,,78303739,78303719
19661,19661,4,,,,,,78219127,78219118
19661,19661,4,,,,,,78219125,78219129
19661,19661,4,,,,,,78219130,78219131
19661,19661,4,,,,,,78219128,78219133
19661,19661,4,,,,,,78219171,78219164
19661,19661,4,,,,,,78219173,78219170
19661,19661,4,,,,,,78219165,78219169
19661,19661,4,,,,,,78219167,78219172
19661,19661,4,,,,,,78219142,78219143
19661,19661,4,,,,,,78219144,78219145
19661,19661,4,,,,,,78219146,78219137
19661,19661,4,,,,,,78219134,78219135
19661,19661,4,,,,,,78219136,78219138
19661,19661,4,,,,,,78219132,78219141
19661,19661,4,,,,,,78219166,78219168
19661,19661,4,,,,,,78267919,78267554
19661,19661,4,,,,,,78267920,78267553
19661,19661,4,,,,,,78267921,78267552
19661,19661,4,,,,,,78267918,78267555
19821,19821,4,,,,,,78172430,78172006
19821,19821,4,,,,,,78172429,78171995
19821,19821,4,,,,,,78172434,78172007
19821,19821,4,,,,,,78173369,78173361
19821,19821,4,,,,,,78173357,78173340
19821,19821,4,,,,,,78173333,78173320
19821,19821,4,,,,,,78173322,78173329
19821,19821,4,,,,,,78172435,78172000
19821,19821,4,,,,,,78172438,78172008
19821,19821,4,,,,,,78172433,78172004
19821,19821,4,,,,,,78172837,78172846
19821,19821,4,,,,,,78172436,78172002
19821,19821,4,,,,,,78247982,78247974
19821,19821,4,,,,,,78247970,78247953
19821,19821,4,,,,,,78247946,78247933
19821,19821,4,,,,,,78247935,78247945
19821,19821,4,,,,,,78247072,78246654
19821,19821,4,,,,,,78247075,78246662
19821,19821,4,,,,,,78247070,78246658
19821,19821,4,,,,,,78247465,78247471
19821,19821,4,,,,,,78247073,78246656
19821,19821,4,,,,,,78247067,78246660
19821,19821,4,,,,,,78247066,78246648
19821,19821,4,,,,,,78247071,78246661
2003,2003,4,,,,,,78950228_1,78950228_2
2003,2003,4,,,,,,78941376_1,78941376_2
2003,2003,4,,,,,,78950226_1,78950226_2
2003,2003,4,,,,,,78941374_1,78941374_2
210,210,4,,,,,,78172811,78172819
210,210,4,,,,,,78172820,78172813
210,210,4,,,,,,78173520,78173523
210,210,4,,,,,,78173518,78173521
210,210,4,,,,,,78172805,78172845
210,210,4,,,,,,78172808,78172807
210,210,4,,,,,,78247437,78247445
210,210,4,,,,,,78247446,78247439
210,210,4,,,,,,78248127,78248130
210,210,4,,,,,,78248125,78248128
210,210,4,,,,,,78247431,78247470
210,210,4,,,,,,78247434,78247433
29253,29253,4,,,,,,78259712,78259729
29253,29253,4,,,,,,78259692,78259732
29253,29253,4,,,,,,78259701,78259735
29253,29253,4,,,,,,78259694,78259723
29253,29253,4,,,,,,78259710,78259727
29253,29253,4,,,,,,78259711,78259728
29253,29253,4,,,,,,78259696,78259731
29253,29253,4,,,,,,78259698,78259730
29253,29253,4,,,,,,78259695,78259725
29253,29253,4,,,,,,78259709,78259726
29253,29253,4,,,,,,78259704,78259738
29253,29253,4,,,,,,78259714,78259741
29253,29253,4,,,,,,78259717,78259744
29253,29253,4,,,,,,78259705,78259739
29253,29253,4,,,,,,78259715,78259742
29253,29253,4,,,,,,78259718,78259745
29253,29253,4,,,,,,78259700,78259734
29253,29253,4,,,,,,78259703,78259737
29253,29253,4,,,,,,78259713,78259740
29253,29253,4,,,,,,78259716,78259743
29253,29253,4,,,,,,78259699,78259721
29253,29253,4,,,,,,78259702,78259736
29253,29253,4,,,,,,78259697,78259733
29253,29253,4,,,,,,78368438,78368455
29253,29253,4,,,,,,78368418,78368458
29253,29253,4,,,,,,78368427,78368461
29253,29253,4,,,,,,78368420,78368449
29253,29253,4,,,,,,78368436,78368453
29253,29253,4,,,,,,78368437,78368454
29253,29253,4,,,,,,78368422,78368457
29253,29253,4,,,,,,78368424,78368456
29253,29253,4,,,,,,78368421,78368451
29253,29253,4,,,,,,78368435,78368452
29253,29253,4,,,,,,78368430,78368464
29253,29253,4,,,,,,78368440,78368467
29253,29253,4,,,,,,78368443,78368470
29253,29253,4,,,,,,78368431,78368465
29253,29253,4,,,,,,78368441,78368468
29253,29253,4,,,,,,78368444,78368471
29253,29253,4,,,,,,78368426,78368460
29253,29253,4,,,,,,78368429,78368463
29253,29253,4,,,,,,78368439,78368466
29253,29253,4,,,,,,78368442,78368469
29253,29253,4,,,,,,78368425,78368447
29253,29253,4,,,,,,78368428,78368462
29253,29253,4,,,,,,78368423,78368459
29253,29253,4,,,,,,78266153,78266180
29253,29253,4,,,,,,78266141,78266182
29253,29253,4,,,,,,78266140,78266181
29253,29253,4,,,,,,78266142,78266183
29253,29253,4,,,,,,78266125,78266154
29253,29253,4,,,,,,78371618,78371645
29253,29253,4,,,,,,78371606,78371647
29253,29253,4,,,,,,78371605,78371646
29253,29253,4,,,,,,78371607,78371648
29253,29253,4,,,,,,78371590,78371619
29253,29253,4,,,,,,78063775,78063744
29253,29253,4,,,,,,78063783,78063726
29253,29253,4,,,,,,78063772,78063782
29253,29253,4,,,,,,78063739,78063728
29253,29253,4,,,,,,78063733,78063730
29253,29253,4,,,,,,78063734,78063735
29253,29253,4,,,,,,78063731,78063724
29253,29253,4,,,,,,78063722,78063718
29253,29253,4,,,,,,78063720,78063719
29253,29253,4,,,,,,78063333,78063289
29253,29253,4,,,,,,78063740,78063752
29253,29253,4,,,,,,78063727,78063778
29253,29253,4,,,,,,78063729,78063723
29253,29253,4,,,,,,78063725,78063780
29253,29253,4,,,,,,78063781,78063721
29253,29253,4,,,,,,78063747,78063795
29253,29253,4,,,,,,78067352,78067348
29253,29253,4,,,,,,78067778,78067349
29253,29253,4,,,,,,78067346,78067777
29253,29253,4,,,,,,78067350,78067357
29253,29253,4,,,,,,78067351,78067358
29253,29253,4,,,,,,78067356,78067353
29253,29253,4,,,,,,78067347,78067355
29253,29253,4,,,,,,78262936,78262963
29253,29253,4,,,,,,78262924,78262965
29253,29253,4,,,,,,78262923,78262964
29253,29253,4,,,,,,78262925,78262966
29253,29253,4,,,,,,78262908,78262937
29253,29253,4,,,,,,78273170,78273169
29253,29253,4,,,,,,78273221,78273230
29253,29253,4,,,,,,78273231,78273176
29253,29253,4,,,,,,78273188,78273178
29253,29253,4,,,,,,78272783,78272739
29253,29253,4,,,,,,78273182,78273180
29253,29253,4,,,,,,78273183,78273184
29253,29253,4,,,,,,78273223,78273193
29253,29253,4,,,,,,78273172,78273168
29253,29253,4,,,,,,78273181,78273174
29253,29253,4,,,,,,78273189,78273201
29253,29253,4,,,,,,78273177,78273226
29253,29253,4,,,,,,78273229,78273171
29253,29253,4,,,,,,78273179,78273173
29253,29253,4,,,,,,78273175,78273228
29253,29253,4,,,,,,78273196,78273241
29253,29253,4,,,,,,78155457,78155453
29253,29253,4,,,,,,78155883,78155454
29253,29253,4,,,,,,78155451,78155882
29253,29253,4,,,,,,78155455,78155462
29253,29253,4,,,,,,78155456,78155463
29253,29253,4,,,,,,78155461,78155458
29253,29253,4,,,,,,78155452,78155460
29253,29253,4,,,,,,78374792,78374819
29253,29253,4,,,,,,78374780,78374821
29253,29253,4,,,,,,78374779,78374820
29253,29253,4,,,,,,78374781,78374822
29253,29253,4,,,,,,78374764,78374793
30250,30250,4,,,,,,78203888,78203887
30250,30250,4,,,,,,78203893,78203880
30250,30250,4,,,,,,78203884,78203885
30250,30250,4,,,,,,78203883,78203891
30250,30250,4,,,,,,78203889,78203875
30250,30250,4,,,,,,78203890,78203882
30250,30250,4,,,,,,78203879,78203881
30250,30250,4,,,,,,78203897,78203899
30250,30250,4,,,,,,78203898,78203900
30250,30250,4,,,,,,78203894,78203892
30250,30250,4,,,,,,78203896,78203895
30250,30250,4,,,,,,78203910,78203908
30250,30250,4,,,,,,78203909,78203911
30250,30250,4,,,,,,78203902,78203907
30250,30250,4,,,,,,78203903,78203906
30250,30250,4,,,,,,78203913,78203914
30250,30250,4,,,,,,78203901,78203904
30250,30250,4,,,,,,78203905,78203915
30250,30250,4,,,,,,78203919,78203916
30250,30250,4,,,,,,78203918,78203912
30250,30250,4,,,,,,78203921,78203925
30250,30250,4,,,,,,78203924,78203923
30250,30250,4,,,,,,78203920,78203922
30250,30250,4,,,,,,78203917,78203932
30250,30250,4,,,,,,78203931,78203927
30250,30250,4,,,,,,78203930,78203926
30250,30250,4,,,,,,78203928,78203929
30250,30250,4,,,,,,78203937,78203941
30250,30250,4,,,,,,78203934,78203936
30250,30250,4,,,,,,78203939,78203933
30250,30250,4,,,,,,78203938,78203935
30250,30250,4,,,,,,78204067,78204061
30250,30250,4,,,,,,78204063,78204043
30250,30250,4,,,,,,78204064,78204059
30250,30250,4,,,,,,78204044,78204062
30250,30250,4,,,,,,78204060,78204036
30250,30250,4,,,,,,78204035,78204058
30250,30250,4,,,,,,78204065,78204039
30250,30250,4,,,,,,78204040,78204037
30250,30250,4,,,,,,78204034,78204047
30250,30250,4,,,,,,78204046,78204057
30250,30250,4,,,,,,78204056,78204038
30250,30250,4,,,,,,78204054,78204045
30250,30250,4,,,,,,78204042,78204053
30250,30250,4,,,,,,78204041,78204055
30250,30250,4,,,,,,78204051,78204049
30250,30250,4,,,,,,78204048,78204050
30250,30250,4,,,,,,78204052,78204066
30250,30250,4,,,,,,78204032,78204024
30250,30250,4,,,,,,78204026,78204029
30250,30250,4,,,,,,78204025,78204031
30250,30250,4,,,,,,78204028,78204027
30250,30250,4,,,,,,78204021,78204023
30250,30250,4,,,,,,78204030,78204002
30250,30250,4,,,,,,78204022,78204010
30250,30250,4,,,,,,78204020,78204018
30250,30250,4,,,,,,78204011,78204019
30250,30250,4,,,,,,78204000,78204014
30250,30250,4,,,,,,78204009,78204008
30250,30250,4,,,,,,78203988,78203998
30250,30250,4,,,,,,78203997,78203971
30250,30250,4,,,,,,78204003,78203979
30250,30250,4,,,,,,78203975,78204015
30250,30250,4,,,,,,78203973,78204012
30250,30250,4,,,,,,78203990,78203994
30250,30250,4,,,,,,78203980,78203978
30250,30250,4,,,,,,78203983,78203991
30250,30250,4,,,,,,78203985,78203993
30250,30250,4,,,,,,78203989,78203976
30250,30250,4,,,,,,78203972,78203996
30250,30250,4,,,,,,78203987,78203995
30250,30250,4,,,,,,78203977,78204004
30250,30250,4,,,,,,78203986,78203958
30250,30250,4,,,,,,78203957,78204001
30250,30250,4,,,,,,78203981,78204013
30250,30250,4,,,,,,78203984,78204016
30250,30250,4,,,,,,78203992,78204005
30250,30250,4,,,,,,78203974,78203965
30250,30250,4,,,,,,78203964,78203999
30250,30250,4,,,,,,78203982,78204017
30250,30250,4,,,,,,78204006,78204007
30250,30250,4,,,,,,78203945,78203943
30250,30250,4,,,,,,78203946,78203942
30250,30250,4,,,,,,78203944,78203940
30250,30250,4,,,,,,78203952,78203950
30250,30250,4,,,,,,78203949,78203951
30250,30250,4,,,,,,78203947,78203948
30250,30250,4,,,,,,78203953,78203956
30250,30250,4,,,,,,78203970,78203959
30250,30250,4,,,,,,78203967,78203962
30250,30250,4,,,,,,78203968,78203966
30250,30250,4,,,,,,78203954,78203963
30250,30250,4,,,,,,78203960,78203969
30250,30250,4,,,,,,78295815,78295811
30250,30250,4,,,,,,78295818,78295805
30250,30250,4,,,,,,78295817,78295810
30250,30250,4,,,,,,78295813,78295809
30250,30250,4,,,,,,78295806,78295802
30250,30250,4,,,,,,78295807,78295812
30250,30250,4,,,,,,78295808,78295878
30250,30250,4,,,,,,78295875,78295877
30250,30250,4,,,,,,78295876,78295873
30250,30250,4,,,,,,78295879,78295871
30250,30250,4,,,,,,78295872,78295870
30250,30250,4,,,,,,78295874,78295856
30250,30250,4,,,,,,78295864,78295866
30250,30250,4,,,,,,78295869,78295859
30250,30250,4,,,,,,78295868,78295857
30250,30250,4,,,,,,78295858,78295853
30250,30250,4,,,,,,78295867,78295855
30250,30250,4,,,,,,78295860,78295862
30250,30250,4,,,,,,78295861,78295852
30250,30250,4,,,,,,78295863,78295827
30250,30250,4,,,,,,78295865,78295854
30250,30250,4,,,,,,78295829,78295838
30250,30250,4,,,,,,78295837,78295840
30250,30250,4,,,,,,78295842,78295841
30250,30250,4,,,,,,78295831,78295846
30250,30250,4,,,,,,78295833,78295844
30250,30250,4,,,,,,78295848,78295851
30250,30250,4,,,,,,78295828,78295830
30250,30250,4,,,,,,78295922,78295894
30250,30250,4,,,,,,78295895,78295896
30250,30250,4,,,,,,78295897,78295898
30250,30250,4,,,,,,78295899,78295900
30250,30250,4,,,,,,78295901,78295903
30250,30250,4,,,,,,78295904,78295905
30250,30250,4,,,,,,78295902,78295906
30250,30250,4,,,,,,78295449,78295477
30250,30250,4,,,,,,78295445,78295434
30250,30250,4,,,,,,78295451,78295450
30250,30250,4,,,,,,78295433,78295885
30250,30250,4,,,,,,78295459,78295882
30250,30250,4,,,,,,78295883,78295887
30250,30250,4,,,,,,78295884,78295881
30250,30250,4,,,,,,78295880,78295796
30250,30250,4,,,,,,78295803,78295799
30250,30250,4,,,,,,78295886,78295653
30250,30250,4,,,,,,78295804,78295649
30250,30250,4,,,,,,78295652,78295646
30250,30250,4,,,,,,78295466,78295467
30250,30250,4,,,,,,78295651,78295471
30250,30250,4,,,,,,78295647,78295431
30250,30250,4,,,,,,78295650,78295460
30250,30250,4,,,,,,78295435,78295473
30250,30250,4,,,,,,78295463,78295476
30250,30250,4,,,,,,78295456,78295453
30250,30250,4,,,,,,78295472,78295474
30250,30250,4,,,,,,78295801,78295441
30250,30250,4,,,,,,78295461,78295447
30250,30250,4,,,,,,78295455,78295457
30250,30250,4,,,,,,78295454,78295465
30250,30250,4,,,,,,78295436,78295468
30250,30250,4,,,,,,78295642,78295458
30250,30250,4,,,,,,78295645,78295440
30250,30250,4,,,,,,78295800,78295443
30250,30250,4,,,,,,78295643,78295475
30250,30250,4,,,,,,78295907,78295908
30250,30250,4,,,,,,78295909,78295910
30250,30250,4,,,,,,78295911,78295912
30250,30250,4,,,,,,78295915,78295913
30250,30250,4,,,,,,78295914,78295916
30250,30250,4,,,,,,78295917,78295918
30250,30250,4,,,,,,78295919,78295920
30250,30250,4,,,,,,78295921,78295923
30250,30250,4,,,,,,78295927,78295926
30250,30250,4,,,,,,78295843,78295849
30250,30250,4,,,,,,78295835,78295845
30250,30250,4,,,,,,78295836,78295847
30250,30250,4,,,,,,78295832,78295834
30250,30250,4,,,,,,78295839,78295820
30250,30250,4,,,,,,78295822,78295825
30250,30250,4,,,,,,78295850,78295826
30250,30250,4,,,,,,78295819,78295824
30250,30250,4,,,,,,78295821,78295823
30250,30250,4,,,,,,78295798,78295452
30250,30250,4,,,,,,78295648,78295470
30250,30250,4,,,,,,78295795,78295442
30250,30250,4,,,,,,78295644,78295437
30250,30250,4,,,,,,78295439,78295462
30250,30250,4,,,,,,78295446,78295469
30250,30250,4,,,,,,78295444,78295448
30250,30250,4,,,,,,78295438,78295432
30250,30250,4,,,,,,78591852,78591851
30250,30250,4,,,,,,78591855,78591853
30250,30250,4,,,,,,78591854,78591857
30250,30250,4,,,,,,78591856,78590786
30250,30250,4,,,,,,78591331,78590785
30250,30250,4,,,,,,78591858,78590778
30250,30250,4,,,,,,78591159,78591161
30250,30250,4,,,,,,78590733,78590728
30250,30250,4,,,,,,78590734,78590727
30250,30250,4,,,,,,78590729,78590760
30250,30250,4,,,,,,78590703,78590705
30250,30250,4,,,,,,78590706,78590696
30250,30250,4,,,,,,78591236,78590697
30250,30250,4,,,,,,78590690,78591156
30250,30250,4,,,,,,78590842,78590846
30250,30250,4,,,,,,78590877,78590873
30250,30250,4,,,,,,78590862,78590823
30250,30250,4,,,,,,78590826,78590833
30250,30250,4,,,,,,78590884,78590761
30250,30250,4,,,,,,78591277,78590744
30250,30250,4,,,,,,78590852,78590749
30250,30250,4,,,,,,78590850,78591155
30250,30250,4,,,,,,78590807,78590768
30250,30250,4,,,,,,78590806,78590764
30250,30250,4,,,,,,78590784,78591252
30250,30250,4,,,,,,78590816,78590820
30250,30250,4,,,,,,78590838,78590834
30250,30250,4,,,,,,78590817,78590828
30250,30250,4,,,,,,78590835,78590831
30250,30250,4,,,,,,78591361,78590839
30250,30250,4,,,,,,78590848,78590840
30250,30250,4,,,,,,78590869,78590866
30250,30250,4,,,,,,78590868,78590872
30250,30250,4,,,,,,78591214,78590851
30250,30250,4,,,,,,78590849,78590857
30250,30250,4,,,,,,78590802,78590789
30250,30250,4,,,,,,78590743,78590803
30250,30250,4,,,,,,78590808,78590773
30250,30250,4,,,,,,78590776,78590767
30250,30250,4,,,,,,78590763,78590715
30250,30250,4,,,,,,78591160,78590758
30250,30250,4,,,,,,78590754,78590751
30250,30250,4,,,,,,78590731,78590723
30250,30250,4,,,,,,78590747,78590714
30250,30250,4,,,,,,78590716,78590711
30250,30250,4,,,,,,78590710,78590702
30250,30250,4,,,,,,78590707,78591157
30250,30250,4,,,,,,78591174,78590712
30250,30250,4,,,,,,78590735,78590748
30250,30250,4,,,,,,78590708,78590717
30250,30250,4,,,,,,78590854,78591158
30250,30250,4,,,,,,78590860,78590691
30250,30250,4,,,,,,78590699,78590698
30250,30250,4,,,,,,78590883,78590827
30250,30250,4,,,,,,78590824,78590844
30250,30250,4,,,,,,78590886,78590887
30250,30250,4,,,,,,78590825,78590882
30250,30250,4,,,,,,78591162,78590724
30250,30250,4,,,,,,78590726,78591163
30250,30250,4,,,,,,78590721,78590720
30250,30250,4,,,,,,78590742,78590738
30250,30250,4,,,,,,78590718,78590739
30250,30250,4,,,,,,78590700,78590737
30250,30250,4,,,,,,78590719,78590732
30250,30250,4,,,,,,78590740,78590722
30250,30250,4,,,,,,78590736,78590741
30250,30250,4,,,,,,78590861,78590871
30250,30250,4,,,,,,78590864,78590867
30250,30250,4,,,,,,78590865,78590874
30250,30250,4,,,,,,78590794,78591211
30250,30250,4,,,,,,78590858,78590853
30250,30250,4,,,,,,78590856,78590859
30250,30250,4,,,,,,78590855,78590775
30250,30250,4,,,,,,78590772,78590774
30250,30250,4,,,,,,78590795,78590788
30250,30250,4,,,,,,78590766,78590770
30250,30250,4,,,,,,78590891,78590810
30250,30250,4,,,,,,78590898,78590812
30250,30250,4,,,,,,78590889,78590890
30250,30250,4,,,,,,78591862,78591861
30250,30250,4,,,,,,78591859,78591867
30250,30250,4,,,,,,78591865,78591866
30250,30250,4,,,,,,78591863,78591864
30250,30250,4,,,,,,78591860,78590781
30250,30250,4,,,,,,78590779,78590782
30250,30250,4,,,,,,78590780,78590750
30250,30250,4,,,,,,78590757,78590755
30250,30250,4,,,,,,78590746,78590745
30250,30250,4,,,,,,78590730,78590713
30250,30250,4,,,,,,78591207,78590695
30250,30250,4,,,,,,78590692,78591317
30250,30250,4,,,,,,78590694,78590863
30250,30250,4,,,,,,78590693,78590836
30250,30250,4,,,,,,78590830,78590837
30250,30250,4,,,,,,78590841,78591217
30250,30250,4,,,,,,78590832,78590878
30250,30250,4,,,,,,78590880,78590881
30250,30250,4,,,,,,78590783,78590759
30250,30250,4,,,,,,78591154,78590753
30250,30250,4,,,,,,78591273,78590756
30250,30250,4,,,,,,78590799,78590793
30250,30250,4,,,,,,78590771,78590800
30250,30250,4,,,,,,78590879,78590876
30250,30250,4,,,,,,78590829,78590819
30250,30250,4,,,,,,78590845,78590725
30250,30250,4,,,,,,78590805,78590798
30250,30250,4,,,,,,78590762,78590792
30250,30250,4,,,,,,78590777,78590752
30250,30250,4,,,,,,78590809,78590804
30250,30250,4,,,,,,78590765,78590769
30250,30250,4,,,,,,78590797,78590801
30250,30250,4,,,,,,78590791,78590814
30250,30250,4,,,,,,78590888,78591337
30250,30250,4,,,,,,78590818,78590821
30250,30250,4,,,,,,78590815,78590811
30250,30250,4,,,,,,78590895,78590892
30250,30250,4,,,,,,78590893,78590902
30250,30250,4,,,,,,78590905,78590906
30250,30250,4,,,,,,78590813,78591267
30250,30250,4,,,,,,78590885,78590897
30250,30250,4,,,,,,78590894,78590901
30250,30250,4,,,,,,78590904,78590908
30250,30250,4,,,,,,78590899,78590896
30250,30250,4,,,,,,78590907,78590903
30250,30250,4,,,,,,78205635,78205634
30250,30250,4,,,,,,78205640,78205627
30250,30250,4,,,,,,78205631,78205632
30250,30250,4,,,,,,78205630,78205638
30250,30250,4,,,,,,78205636,78205622
30250,30250,4,,,,,,78205637,78205629
30250,30250,4,,,,,,78205626,78205628
30250,30250,4,,,,,,78205644,78205646
30250,30250,4,,,,,,78205645,78205647
30250,30250,4,,,,,,78205641,78205639
30250,30250,4,,,,,,78205643,78205642
30250,30250,4,,,,,,78205657,78205655
30250,30250,4,,,,,,78205656,78205658
30250,30250,4,,,,,,78205649,78205654
30250,30250,4,,,,,,78205650,78205653
30250,30250,4,,,,,,78205660,78205661
30250,30250,4,,,,,,78205648,78205651
30250,30250,4,,,,,,78205652,78205662
30250,30250,4,,,,,,78205666,78205663
30250,30250,4,,,,,,78205665,78205659
30250,30250,4,,,,,,78205668,78205672
30250,30250,4,,,,,,78205671,78205670
30250,30250,4,,,,,,78205667,78205669
30250,30250,4,,,,,,78205664,78205679
30250,30250,4,,,,,,78205678,78205674
30250,30250,4,,,,,,78205677,78205673
30250,30250,4,,,,,,78205675,78205676
30250,30250,4,,,,,,78205684,78205688
30250,30250,4,,,,,,78205681,78205683
30250,30250,4,,,,,,78205686,78205680
30250,30250,4,,,,,,78205685,78205682
30250,30250,4,,,,,,78205814,78205808
30250,30250,4,,,,,,78205810,78205790
30250,30250,4,,,,,,78205811,78205806
30250,30250,4,,,,,,78205791,78205809
30250,30250,4,,,,,,78205807,78205783
30250,30250,4,,,,,,78205782,78205805
30250,30250,4,,,,,,78205812,78205786
30250,30250,4,,,,,,78205787,78205784
30250,30250,4,,,,,,78205781,78205794
30250,30250,4,,,,,,78205793,78205804
30250,30250,4,,,,,,78205803,78205785
30250,30250,4,,,,,,78205801,78205792
30250,30250,4,,,,,,78205789,78205800
30250,30250,4,,,,,,78205788,78205802
30250,30250,4,,,,,,78205798,78205796
30250,30250,4,,,,,,78205795,78205797
30250,30250,4,,,,,,78205799,78205813
30250,30250,4,,,,,,78205779,78205771
30250,30250,4,,,,,,78205773,78205776
30250,30250,4,,,,,,78205772,78205778
30250,30250,4,,,,,,78205775,78205774
30250,30250,4,,,,,,78205768,78205770
30250,30250,4,,,,,,78205777,78205749
30250,30250,4,,,,,,78205769,78205757
30250,30250,4,,,,,,78205767,78205765
30250,30250,4,,,,,,78205758,78205766
30250,30250,4,,,,,,78205747,78205761
30250,30250,4,,,,,,78205756,78205755
30250,30250,4,,,,,,78205735,78205745
30250,30250,4,,,,,,78205744,78205718
30250,30250,4,,,,,,78205750,78205726
30250,30250,4,,,,,,78205722,78205762
30250,30250,4,,,,,,78205720,78205759
30250,30250,4,,,,,,78205737,78205741
30250,30250,4,,,,,,78205727,78205725
30250,30250,4,,,,,,78205730,78205738
30250,30250,4,,,,,,78205732,78205740
30250,30250,4,,,,,,78205736,78205723
30250,30250,4,,,,,,78205719,78205743
30250,30250,4,,,,,,78205734,78205742
30250,30250,4,,,,,,78205724,78205751
30250,30250,4,,,,,,78205733,78205705
30250,30250,4,,,,,,78205704,78205748
30250,30250,4,,,,,,78205728,78205760
30250,30250,4,,,,,,78205731,78205763
30250,30250,4,,,,,,78205739,78205752
30250,30250,4,,,,,,78205721,78205712
30250,30250,4,,,,,,78205711,78205746
30250,30250,4,,,,,,78205729,78205764
30250,30250,4,,,,,,78205753,78205754
30250,30250,4,,,,,,78205692,78205690
30250,30250,4,,,,,,78205693,78205689
30250,30250,4,,,,,,78205691,78205687
30250,30250,4,,,,,,78205699,78205697
30250,30250,4,,,,,,78205696,78205698
30250,30250,4,,,,,,78205694,78205695
30250,30250,4,,,,,,78205700,78205703
30250,30250,4,,,,,,78205717,78205706
30250,30250,4,,,,,,78205714,78205709
30250,30250,4,,,,,,78205715,78205713
30250,30250,4,,,,,,78205701,78205710
30250,30250,4,,,,,,78205707,78205716
30250,30250,4,,,,,,78210338,78210366
30250,30250,4,,,,,,78210334,78210323
30250,30250,4,,,,,,78210340,78210339
30250,30250,4,,,,,,78210322,78210774
30250,30250,4,,,,,,78210348,78210771
30250,30250,4,,,,,,78210772,78210776
30250,30250,4,,,,,,78210773,78210770
30250,30250,4,,,,,,78210769,78210685
30250,30250,4,,,,,,78210692,78210688
30250,30250,4,,,,,,78210775,78210542
30250,30250,4,,,,,,78210693,78210538
30250,30250,4,,,,,,78210541,78210535
30250,30250,4,,,,,,78210355,78210356
30250,30250,4,,,,,,78210540,78210360
30250,30250,4,,,,,,78210536,78210320
30250,30250,4,,,,,,78210539,78210349
30250,30250,4,,,,,,78210324,78210362
30250,30250,4,,,,,,78210352,78210365
30250,30250,4,,,,,,78210345,78210342
30250,30250,4,,,,,,78210361,78210363
30250,30250,4,,,,,,78210690,78210330
30250,30250,4,,,,,,78210350,78210336
30250,30250,4,,,,,,78210344,78210346
30250,30250,4,,,,,,78210343,78210354
30250,30250,4,,,,,,78210325,78210357
30250,30250,4,,,,,,78210531,78210347
30250,30250,4,,,,,,78210534,78210329
30250,30250,4,,,,,,78210689,78210332
30250,30250,4,,,,,,78210704,78210700
30250,30250,4,,,,,,78210707,78210694
30250,30250,4,,,,,,78210706,78210699
30250,30250,4,,,,,,78210702,78210698
30250,30250,4,,,,,,78210695,78210691
30250,30250,4,,,,,,78210696,78210701
30250,30250,4,,,,,,78210697,78210767
30250,30250,4,,,,,,78210764,78210766
30250,30250,4,,,,,,78210765,78210762
30250,30250,4,,,,,,78210768,78210760
30250,30250,4,,,,,,78210761,78210759
30250,30250,4,,,,,,78210763,78210745
30250,30250,4,,,,,,78210753,78210755
30250,30250,4,,,,,,78210758,78210748
30250,30250,4,,,,,,78210757,78210746
30250,30250,4,,,,,,78210747,78210742
30250,30250,4,,,,,,78210756,78210744
30250,30250,4,,,,,,78210749,78210751
30250,30250,4,,,,,,78210750,78210741
30250,30250,4,,,,,,78210752,78210716
30250,30250,4,,,,,,78210754,78210743
30250,30250,4,,,,,,78210718,78210727
30250,30250,4,,,,,,78210726,78210729
30250,30250,4,,,,,,78210731,78210730
30250,30250,4,,,,,,78210720,78210735
30250,30250,4,,,,,,78210722,78210733
30250,30250,4,,,,,,78210737,78210740
30250,30250,4,,,,,,78210717,78210719
30250,30250,4,,,,,,78210732,78210738
30250,30250,4,,,,,,78210724,78210734
30250,30250,4,,,,,,78210725,78210736
30250,30250,4,,,,,,78210811,78210783
30250,30250,4,,,,,,78210784,78210785
30250,30250,4,,,,,,78210786,78210787
30250,30250,4,,,,,,78210788,78210789
30250,30250,4,,,,,,78210790,78210792
30250,30250,4,,,,,,78210793,78210794
30250,30250,4,,,,,,78210791,78210795
30250,30250,4,,,,,,78210796,78210797
30250,30250,4,,,,,,78210532,78210364
30250,30250,4,,,,,,78210687,78210341
30250,30250,4,,,,,,78210537,78210359
30250,30250,4,,,,,,78210684,78210331
30250,30250,4,,,,,,78210533,78210326
30250,30250,4,,,,,,78210328,78210351
30250,30250,4,,,,,,78210335,78210358
30250,30250,4,,,,,,78210333,78210337
30250,30250,4,,,,,,78210327,78210321
30250,30250,4,,,,,,78210798,78210799
30250,30250,4,,,,,,78210800,78210801
30250,30250,4,,,,,,78210804,78210802
30250,30250,4,,,,,,78210803,78210805
30250,30250,4,,,,,,78210806,78210807
30250,30250,4,,,,,,78210808,78210809
30250,30250,4,,,,,,78210810,78210812
30250,30250,4,,,,,,78210816,78210815
30250,30250,4,,,,,,78210721,78210723
30250,30250,4,,,,,,78210728,78210709
30250,30250,4,,,,,,78210711,78210714
30250,30250,4,,,,,,78210739,78210715
30250,30250,4,,,,,,78210708,78210713
30250,30250,4,,,,,,78210710,78210712
30250,30250,4,,,,,,78613838,78613839
30250,30250,4,,,,,,78613848,78613846
30250,30250,4,,,,,,78613856,78613852
30250,30250,4,,,,,,78614794,78614797
30250,30250,4,,,,,,78614800,78614798
30250,30250,4,,,,,,78614799,78614802
30250,30250,4,,,,,,78614801,78613732
30250,30250,4,,,,,,78614279,78613735
30250,30250,4,,,,,,78614803,78613727
30250,30250,4,,,,,,78614108,78614107
30250,30250,4,,,,,,78613682,78613677
30250,30250,4,,,,,,78613683,78613676
30250,30250,4,,,,,,78613678,78613709
30250,30250,4,,,,,,78613652,78613650
30250,30250,4,,,,,,78613655,78613645
30250,30250,4,,,,,,78614184,78613646
30250,30250,4,,,,,,78613639,78614105
30250,30250,4,,,,,,78613794,78613795
30250,30250,4,,,,,,78613826,78613822
30250,30250,4,,,,,,78613812,78613772
30250,30250,4,,,,,,78613776,78613782
30250,30250,4,,,,,,78613833,78613710
30250,30250,4,,,,,,78614225,78613693
30250,30250,4,,,,,,78613801,78613699
30250,30250,4,,,,,,78613799,78614104
30250,30250,4,,,,,,78613759,78613717
30250,30250,4,,,,,,78613755,78613713
30250,30250,4,,,,,,78613734,78614200
30250,30250,4,,,,,,78613765,78613770
30250,30250,4,,,,,,78613767,78613771
30250,30250,4,,,,,,78613787,78613783
30250,30250,4,,,,,,78613766,78613774
30250,30250,4,,,,,,78613784,78613780
30250,30250,4,,,,,,78614309,78613788
30250,30250,4,,,,,,78613797,78613789
30250,30250,4,,,,,,78613818,78613815
30250,30250,4,,,,,,78613817,78613821
30250,30250,4,,,,,,78614163,78613800
30250,30250,4,,,,,,78613798,78613803
30250,30250,4,,,,,,78613751,78613738
30250,30250,4,,,,,,78613692,78613752
30250,30250,4,,,,,,78613756,78613721
30250,30250,4,,,,,,78613725,78613716
30250,30250,4,,,,,,78613712,78613664
30250,30250,4,,,,,,78614109,78613704
30250,30250,4,,,,,,78613703,78613697
30250,30250,4,,,,,,78613680,78613673
30250,30250,4,,,,,,78613696,78613663
30250,30250,4,,,,,,78613665,78613661
30250,30250,4,,,,,,78613660,78613654
30250,30250,4,,,,,,78613656,78614110
30250,30250,4,,,,,,78614123,78613658
30250,30250,4,,,,,,78613684,78613698
30250,30250,4,,,,,,78613657,78613666
30250,30250,4,,,,,,78613804,78614106
30250,30250,4,,,,,,78613810,78613640
30250,30250,4,,,,,,78613648,78613647
30250,30250,4,,,,,,78613832,78613777
30250,30250,4,,,,,,78613773,78613792
30250,30250,4,,,,,,78613835,78613836
30250,30250,4,,,,,,78613775,78613831
30250,30250,4,,,,,,78614111,78613674
30250,30250,4,,,,,,78613675,78614112
30250,30250,4,,,,,,78613671,78613670
30250,30250,4,,,,,,78613691,78613686
30250,30250,4,,,,,,78613667,78613687
30250,30250,4,,,,,,78613649,78613689
30250,30250,4,,,,,,78613668,78613681
30250,30250,4,,,,,,78613688,78613669
30250,30250,4,,,,,,78613685,78613690
30250,30250,4,,,,,,78613811,78613820
30250,30250,4,,,,,,78613813,78613816
30250,30250,4,,,,,,78613814,78613823
30250,30250,4,,,,,,78613743,78614161
30250,30250,4,,,,,,78613807,78613802
30250,30250,4,,,,,,78613806,78613808
30250,30250,4,,,,,,78613805,78613723
30250,30250,4,,,,,,78613724,78613722
30250,30250,4,,,,,,78613744,78613737
30250,30250,4,,,,,,78613715,78613719
30250,30250,4,,,,,,78613840,78613758
30250,30250,4,,,,,,78613844,78613761
30250,30250,4,,,,,,78614807,78614806
30250,30250,4,,,,,,78614804,78614813
30250,30250,4,,,,,,78614810,78614811
30250,30250,4,,,,,,78614808,78614809
30250,30250,4,,,,,,78614805,78613730
30250,30250,4,,,,,,78613728,78613731
30250,30250,4,,,,,,78613729,78613700
30250,30250,4,,,,,,78613707,78613705
30250,30250,4,,,,,,78613695,78613694
30250,30250,4,,,,,,78613679,78613662
30250,30250,4,,,,,,78614156,78613644
30250,30250,4,,,,,,78613641,78614265
30250,30250,4,,,,,,78613643,78613809
30250,30250,4,,,,,,78613642,78613785
30250,30250,4,,,,,,78613779,78613786
30250,30250,4,,,,,,78613790,78614166
30250,30250,4,,,,,,78613781,78613827
30250,30250,4,,,,,,78613829,78613830
30250,30250,4,,,,,,78613733,78613708
30250,30250,4,,,,,,78614103,78613702
30250,30250,4,,,,,,78614221,78613706
30250,30250,4,,,,,,78613745,78613739
30250,30250,4,,,,,,78613720,78613749
30250,30250,4,,,,,,78613828,78613825
30250,30250,4,,,,,,78613778,78613769
30250,30250,4,,,,,,78613793,78613672
30250,30250,4,,,,,,78613754,78613748
30250,30250,4,,,,,,78613711,78613742
30250,30250,4,,,,,,78613726,78613701
30250,30250,4,,,,,,78613757,78613753
30250,30250,4,,,,,,78613714,78613718
30250,30250,4,,,,,,78613747,78613750
30250,30250,4,,,,,,78613741,78613763
30250,30250,4,,,,,,78613837,78614282
30250,30250,4,,,,,,78613762,78614212
30250,30250,4,,,,,,78613834,78613847
30250,30250,4,,,,,,78613843,78613850
30250,30250,4,,,,,,78613853,78613857
30250,30250,4,,,,,,78613764,78613760
30250,30250,4,,,,,,78613845,78613841
30250,30250,4,,,,,,78613842,78613851
30250,30250,4,,,,,,78613854,78613855
30250,30250,4,,,,,,78611838,78611851
30250,30250,4,,,,,,78611847,78611854
30250,30250,4,,,,,,78611857,78611861
30250,30250,4,,,,,,78611848,78611845
30250,30250,4,,,,,,78611846,78611855
30250,30250,4,,,,,,78611858,78611859
30250,30250,4,,,,,,78612806,78612805
30250,30250,4,,,,,,78612809,78612807
30250,30250,4,,,,,,78612808,78612811
30250,30250,4,,,,,,78612810,78611739
30250,30250,4,,,,,,78612284,78611735
30250,30250,4,,,,,,78612812,78611731
30250,30250,4,,,,,,78612111,78612114
30250,30250,4,,,,,,78611686,78611681
30250,30250,4,,,,,,78611687,78611680
30250,30250,4,,,,,,78611682,78611713
30250,30250,4,,,,,,78611655,78611657
30250,30250,4,,,,,,78611659,78611649
30250,30250,4,,,,,,78612189,78611650
30250,30250,4,,,,,,78611643,78612109
30250,30250,4,,,,,,78611798,78611799
30250,30250,4,,,,,,78611833,78611826
30250,30250,4,,,,,,78611816,78611776
30250,30250,4,,,,,,78611780,78611786
30250,30250,4,,,,,,78611837,78611714
30250,30250,4,,,,,,78612230,78611697
30250,30250,4,,,,,,78611806,78611703
30250,30250,4,,,,,,78611803,78612108
30250,30250,4,,,,,,78611763,78611721
30250,30250,4,,,,,,78611759,78611717
30250,30250,4,,,,,,78611738,78612205
30250,30250,4,,,,,,78611769,78611770
30250,30250,4,,,,,,78611772,78611774
30250,30250,4,,,,,,78611768,78611764
30250,30250,4,,,,,,78611791,78611787
30250,30250,4,,,,,,78611771,78611782
30250,30250,4,,,,,,78611788,78611784
30250,30250,4,,,,,,78612315,78611792
30250,30250,4,,,,,,78611801,78611793
30250,30250,4,,,,,,78611822,78611819
30250,30250,4,,,,,,78611821,78611825
30250,30250,4,,,,,,78612164,78611804
30250,30250,4,,,,,,78611802,78611810
30250,30250,4,,,,,,78611755,78611742
30250,30250,4,,,,,,78611696,78611756
30250,30250,4,,,,,,78611760,78611725
30250,30250,4,,,,,,78611729,78611720
30250,30250,4,,,,,,78611716,78611665
30250,30250,4,,,,,,78612112,78611712
30250,30250,4,,,,,,78611707,78611704
30250,30250,4,,,,,,78611684,78611677
30250,30250,4,,,,,,78611701,78611668
30250,30250,4,,,,,,78611669,78611664
30250,30250,4,,,,,,78611663,78611658
30250,30250,4,,,,,,78611660,78612113
30250,30250,4,,,,,,78612127,78611666
30250,30250,4,,,,,,78611688,78611702
30250,30250,4,,,,,,78611661,78611670
30250,30250,4,,,,,,78611808,78612110
30250,30250,4,,,,,,78611813,78611644
30250,30250,4,,,,,,78611652,78611651
30250,30250,4,,,,,,78611836,78611781
30250,30250,4,,,,,,78611777,78611796
30250,30250,4,,,,,,78611839,78611841
30250,30250,4,,,,,,78611778,78611835
30250,30250,4,,,,,,78612115,78611674
30250,30250,4,,,,,,78611679,78612116
30250,30250,4,,,,,,78611675,78611673
30250,30250,4,,,,,,78611695,78611690
30250,30250,4,,,,,,78611671,78611691
30250,30250,4,,,,,,78611653,78611693
30250,30250,4,,,,,,78611672,78611685
30250,30250,4,,,,,,78611692,78611676
30250,30250,4,,,,,,78611689,78611694
30250,30250,4,,,,,,78611815,78611824
30250,30250,4,,,,,,78611814,78611820
30250,30250,4,,,,,,78611818,78611827
30250,30250,4,,,,,,78611744,78612165
30250,30250,4,,,,,,78611811,78611807
30250,30250,4,,,,,,78611809,78611812
30250,30250,4,,,,,,78611805,78611727
30250,30250,4,,,,,,78611728,78611726
30250,30250,4,,,,,,78611748,78611741
30250,30250,4,,,,,,78611719,78611723
30250,30250,4,,,,,,78611844,78611762
30250,30250,4,,,,,,78611852,78611765
30250,30250,4,,,,,,78612816,78612815
30250,30250,4,,,,,,78612813,78612821
30250,30250,4,,,,,,78612819,78612820
30250,30250,4,,,,,,78612817,78612818
30250,30250,4,,,,,,78612814,78611734
30250,30250,4,,,,,,78611732,78611736
30250,30250,4,,,,,,78611733,78611700
30250,30250,4,,,,,,78611711,78611708
30250,30250,4,,,,,,78611699,78611698
30250,30250,4,,,,,,78611683,78611667
30250,30250,4,,,,,,78612160,78611648
30250,30250,4,,,,,,78611645,78612270
30250,30250,4,,,,,,78611647,78611817
30250,30250,4,,,,,,78611646,78611789
30250,30250,4,,,,,,78611783,78611790
30250,30250,4,,,,,,78611794,78612170
30250,30250,4,,,,,,78611785,78611830
30250,30250,4,,,,,,78611832,78611834
30250,30250,4,,,,,,78611737,78611709
30250,30250,4,,,,,,78612107,78611706
30250,30250,4,,,,,,78612227,78611710
30250,30250,4,,,,,,78611752,78611747
30250,30250,4,,,,,,78611724,78611753
30250,30250,4,,,,,,78611831,78611829
30250,30250,4,,,,,,78611779,78611773
30250,30250,4,,,,,,78611797,78611678
30250,30250,4,,,,,,78611758,78611751
30250,30250,4,,,,,,78611715,78611746
30250,30250,4,,,,,,78611730,78611705
30250,30250,4,,,,,,78611761,78611757
30250,30250,4,,,,,,78611718,78611722
30250,30250,4,,,,,,78611750,78611754
30250,30250,4,,,,,,78611745,78611767
30250,30250,4,,,,,,78611842,78612290
30250,30250,4,,,,,,78611766,78612220
30250,30250,4,,,,,,78611843,78611840
30250,30250,4,,,,,,78611849,78611850
30250,30250,4,,,,,,78611860,78611856
30250,30250,4,,,,,,78433756,78433755
30250,30250,4,,,,,,78433761,78433754
30250,30250,4,,,,,,78433757,78433759
30250,30250,4,,,,,,78433758,78433807
30250,30250,4,,,,,,78433718,78433809
30250,30250,4,,,,,,78433760,78433808
30250,30250,4,,,,,,78433725,78433726
30250,30250,4,,,,,,78433813,78433812
30250,30250,4,,,,,,78433814,78433811
30250,30250,4,,,,,,78433810,78433806
30250,30250,4,,,,,,78433722,78433723
30250,30250,4,,,,,,78433724,78433721
30250,30250,4,,,,,,78433727,78433720
30250,30250,4,,,,,,78433816,78433832
30250,30250,4,,,,,,78433893,78433890
30250,30250,4,,,,,,78433884,78433887
30250,30250,4,,,,,,78433886,78433878
30250,30250,4,,,,,,78433879,78434044
30250,30250,4,,,,,,78434047,78434104
30250,30250,4,,,,,,78433926,78434154
30250,30250,4,,,,,,78434069,78434157
30250,30250,4,,,,,,78434066,78433942
30250,30250,4,,,,,,78434138,78434105
30250,30250,4,,,,,,78434143,78434100
30250,30250,4,,,,,,78434421,78434158
30250,30250,4,,,,,,78434232,78434234
30250,30250,4,,,,,,78434235,78434233
30250,30250,4,,,,,,78434426,78434418
30250,30250,4,,,,,,78433803,78433799
30250,30250,4,,,,,,78433795,78433797
30250,30250,4,,,,,,78433801,78433802
30250,30250,4,,,,,,78433719,78433798
30250,30250,4,,,,,,78433804,78433800
30250,30250,4,,,,,,78433885,78433881
30250,30250,4,,,,,,78434053,78434055
30250,30250,4,,,,,,78433946,78434071
30250,30250,4,,,,,,78434067,78434063
30250,30250,4,,,,,,78434141,78434132
30250,30250,4,,,,,,78434156,78434142
30250,30250,4,,,,,,78434144,78434114
30250,30250,4,,,,,,78434119,78434116
30250,30250,4,,,,,,78433896,78433902
30250,30250,4,,,,,,78433831,78433895
30250,30250,4,,,,,,78433894,78433914
30250,30250,4,,,,,,78433900,78433904
30250,30250,4,,,,,,78433918,78433906
30250,30250,4,,,,,,78433901,78433907
30250,30250,4,,,,,,78433827,78433818
30250,30250,4,,,,,,78433824,78433829
30250,30250,4,,,,,,78433828,78433905
30250,30250,4,,,,,,78433909,78433919
30250,30250,4,,,,,,78433826,78433897
30250,30250,4,,,,,,78433892,78433830
30250,30250,4,,,,,,78433815,78433817
30250,30250,4,,,,,,78433820,78433819
30250,30250,4,,,,,,78433888,78433880
30250,30250,4,,,,,,78433877,78433891
30250,30250,4,,,,,,78433882,78433889
30250,30250,4,,,,,,78434038,78434046
30250,30250,4,,,,,,78433939,78434145
30250,30250,4,,,,,,78434148,78433943
30250,30250,4,,,,,,78434149,78434150
30250,30250,4,,,,,,78433916,78433911
30250,30250,4,,,,,,78433898,78433912
30250,30250,4,,,,,,78433821,78433915
30250,30250,4,,,,,,78433899,78433908
30250,30250,4,,,,,,78433917,78433903
30250,30250,4,,,,,,78433910,78433913
30250,30250,4,,,,,,78433920,78434050
30250,30250,4,,,,,,78434060,78434052
30250,30250,4,,,,,,78434049,78434057
30250,30250,4,,,,,,78434128,78433945
30250,30250,4,,,,,,78433922,78434062
30250,30250,4,,,,,,78434070,78433921
30250,30250,4,,,,,,78434068,78434117
30250,30250,4,,,,,,78434118,78434115
30250,30250,4,,,,,,78434126,78434417
30250,30250,4,,,,,,78434415,78434416
30250,30250,4,,,,,,78434236,78434422
30250,30250,4,,,,,,78434258,78434424
30250,30250,4,,,,,,78434240,78434241
30250,30250,4,,,,,,78433999,78433998
30250,30250,4,,,,,,78433996,78434005
30250,30250,4,,,,,,78434009,78434007
30250,30250,4,,,,,,78434000,78434001
30250,30250,4,,,,,,78433997,78434124
30250,30250,4,,,,,,78434134,78434122
30250,30250,4,,,,,,78434131,78434153
30250,30250,4,,,,,,78434103,78434107
30250,30250,4,,,,,,78434152,78434155
30250,30250,4,,,,,,78434151,78434146
30250,30250,4,,,,,,78433944,78433937
30250,30250,4,,,,,,78433934,78433928
30250,30250,4,,,,,,78433935,78434051
30250,30250,4,,,,,,78433936,78434045
30250,30250,4,,,,,,78434040,78434042
30250,30250,4,,,,,,78434041,78433947
30250,30250,4,,,,,,78434043,78434058
30250,30250,4,,,,,,78434059,78434061
30250,30250,4,,,,,,78434135,78434109
30250,30250,4,,,,,,78433940,78434112
30250,30250,4,,,,,,78433925,78434108
30250,30250,4,,,,,,78434136,78434123
30250,30250,4,,,,,,78434110,78434140
30250,30250,4,,,,,,78434048,78434054
30250,30250,4,,,,,,78434039,78434037
30250,30250,4,,,,,,78434064,78434147
30250,30250,4,,,,,,78434137,78434139
30250,30250,4,,,,,,78434113,78434129
30250,30250,4,,,,,,78434101,78434102
30250,30250,4,,,,,,78434127,78434130
30250,30250,4,,,,,,78434111,78434106
30250,30250,4,,,,,,78434120,78434423
30250,30250,4,,,,,,78434420,78434419
30250,30250,4,,,,,,78434239,78434171
30250,30250,4,,,,,,78434425,78434161
30250,30250,4,,,,,,78434238,78434248
30250,30250,4,,,,,,78434244,78434252
30250,30250,4,,,,,,78434255,78434251
30250,30250,4,,,,,,78434245,78434242
30250,30250,4,,,,,,78434243,78434247
30250,30250,4,,,,,,78434256,78434250
30250,30250,4,,,,,,78434253,78434237
30250,30250,4,,,,,,78434246,78434249
30250,30250,4,,,,,,78818020,78818019
30250,30250,4,,,,,,78818018,78818016
30250,30250,4,,,,,,78818015,78818014
30250,30250,4,,,,,,78818023,78818013
30250,30250,4,,,,,,78818021,78818007
30250,30250,4,,,,,,78818011,78818017
30250,30250,4,,,,,,78818022,78818031
30250,30250,4,,,,,,78818039,78818040
30250,30250,4,,,,,,78818029,78818036
30250,30250,4,,,,,,78818041,78818033
30250,30250,4,,,,,,78818028,78818038
30250,30250,4,,,,,,78818037,78818025
30250,30250,4,,,,,,78818027,78818032
30250,30250,4,,,,,,78818030,78818034
30250,30250,4,,,,,,78818026,78818024
30250,30250,4,,,,,,78818035,78818045
30250,30250,4,,,,,,78818044,78818048
30250,30250,4,,,,,,78818054,78818053
30250,30250,4,,,,,,78818056,78818051
30250,30250,4,,,,,,78818066,78818062
30250,30250,4,,,,,,78818065,78818057
30250,30250,4,,,,,,78818060,78818061
30250,30250,4,,,,,,78818073,78818072
30250,30250,4,,,,,,78818071,78818070
30250,30250,4,,,,,,78818078,78818079
30250,30250,4,,,,,,78818082,78818083
30250,30250,4,,,,,,78818085,78818091
30250,30250,4,,,,,,78818090,78818108
30250,30250,4,,,,,,78818092,78818104
30250,30250,4,,,,,,78818105,78818101
30250,30250,4,,,,,,78818106,78818103
30250,30250,4,,,,,,78818100,78818102
30250,30250,4,,,,,,78818097,78818096
30250,30250,4,,,,,,78818095,78818098
30250,30250,4,,,,,,78818094,78818099
30250,30250,4,,,,,,78818093,78818111
30250,30250,4,,,,,,78818113,78818116
30250,30250,4,,,,,,78818119,78818122
30250,30250,4,,,,,,78818124,78818128
30250,30250,4,,,,,,78817979,78817980
30250,30250,4,,,,,,78817977,78817981
30250,30250,4,,,,,,78817982,78817984
30250,30250,4,,,,,,78817985,78817986
30250,30250,4,,,,,,78817983,78817987
30250,30250,4,,,,,,78817988,78817989
30250,30250,4,,,,,,78817990,78817991
30250,30250,4,,,,,,78817992,78817993
30250,30250,4,,,,,,78817994,78817995
30250,30250,4,,,,,,78817996,78817997
30250,30250,4,,,,,,78817998,78817999
30250,30250,4,,,,,,78818000,78818001
30250,30250,4,,,,,,78818003,78818002
30250,30250,4,,,,,,78818004,78818005
30250,30250,4,,,,,,78818006,78818009
30250,30250,4,,,,,,78818008,78818010
30250,30250,4,,,,,,78818046,78818047
30250,30250,4,,,,,,78818049,78818052
30250,30250,4,,,,,,78818050,78818058
30250,30250,4,,,,,,78818055,78818064
30250,30250,4,,,,,,78818059,78818067
30250,30250,4,,,,,,78818063,78818068
30250,30250,4,,,,,,78818069,78818074
30250,30250,4,,,,,,78818077,78818075
30250,30250,4,,,,,,78818076,78818080
30250,30250,4,,,,,,78818084,78818081
30250,30250,4,,,,,,78818086,78818087
30250,30250,4,,,,,,78818089,78818107
30250,30250,4,,,,,,78818110,78818112
30250,30250,4,,,,,,78818109,78818115
30250,30250,4,,,,,,78818117,78818121
30250,30250,4,,,,,,78818123,78818127
30250,30250,4,,,,,,78818129,78818133
30250,30250,4,,,,,,78818131,78818138
30250,30250,4,,,,,,78818141,78818144
30250,30250,4,,,,,,78818147,78818150
30250,30250,4,,,,,,78818151,78818156
30250,30250,4,,,,,,78818155,78818163
30250,30250,4,,,,,,78818114,78818120
30250,30250,4,,,,,,78818118,78818126
30250,30250,4,,,,,,78818125,78818130
30250,30250,4,,,,,,78818134,78818136
30250,30250,4,,,,,,78818139,78818143
30250,30250,4,,,,,,78818145,78818148
30250,30250,4,,,,,,78818153,78818154
30250,30250,4,,,,,,78818158,78818161
30250,30250,4,,,,,,78818132,78818135
30250,30250,4,,,,,,78818137,78818140
30250,30250,4,,,,,,78818142,78818146
30250,30250,4,,,,,,78818149,78818152
30250,30250,4,,,,,,78818157,78818160
30250,30250,4,,,,,,78679340,78679339
30250,30250,4,,,,,,78679343,78679341
30250,30250,4,,,,,,78679342,78679345
30250,30250,4,,,,,,78679344,78678277
30250,30250,4,,,,,,78678821,78678276
30250,30250,4,,,,,,78679346,78678269
30250,30250,4,,,,,,78678649,78678652
30250,30250,4,,,,,,78678224,78678219
30250,30250,4,,,,,,78678225,78678218
30250,30250,4,,,,,,78678220,78678251
30250,30250,4,,,,,,78678193,78678195
30250,30250,4,,,,,,78678197,78678187
30250,30250,4,,,,,,78678726,78678188
30250,30250,4,,,,,,78678181,78678647
30250,30250,4,,,,,,78678336,78678337
30250,30250,4,,,,,,78678371,78678364
30250,30250,4,,,,,,78678353,78678314
30250,30250,4,,,,,,78678317,78678324
30250,30250,4,,,,,,78678375,78678252
30250,30250,4,,,,,,78678767,78678235
30250,30250,4,,,,,,78678343,78678240
30250,30250,4,,,,,,78678341,78678646
30250,30250,4,,,,,,78678301,78678259
30250,30250,4,,,,,,78678297,78678255
30250,30250,4,,,,,,78678275,78678742
30250,30250,4,,,,,,78678307,78678311
30250,30250,4,,,,,,78678329,78678325
30250,30250,4,,,,,,78678308,78678319
30250,30250,4,,,,,,78678326,78678322
30250,30250,4,,,,,,78678850,78678330
30250,30250,4,,,,,,78678339,78678331
30250,30250,4,,,,,,78678360,78678357
30250,30250,4,,,,,,78678359,78678363
30250,30250,4,,,,,,78678705,78678342
30250,30250,4,,,,,,78678340,78678348
30250,30250,4,,,,,,78678293,78678280
30250,30250,4,,,,,,78678234,78678294
30250,30250,4,,,,,,78678298,78678263
30250,30250,4,,,,,,78678267,78678258
30250,30250,4,,,,,,78678254,78678206
30250,30250,4,,,,,,78678650,78678249
30250,30250,4,,,,,,78678245,78678242
30250,30250,4,,,,,,78678222,78678214
30250,30250,4,,,,,,78678238,78678205
30250,30250,4,,,,,,78678207,78678202
30250,30250,4,,,,,,78678201,78678196
30250,30250,4,,,,,,78678198,78678651
30250,30250,4,,,,,,78678665,78678203
30250,30250,4,,,,,,78678226,78678239
30250,30250,4,,,,,,78678199,78678208
30250,30250,4,,,,,,78678345,78678648
30250,30250,4,,,,,,78678351,78678182
30250,30250,4,,,,,,78678190,78678189
30250,30250,4,,,,,,78678374,78678318
30250,30250,4,,,,,,78678315,78678334
30250,30250,4,,,,,,78678377,78678378
30250,30250,4,,,,,,78678316,78678373
30250,30250,4,,,,,,78678653,78678215
30250,30250,4,,,,,,78678217,78678654
30250,30250,4,,,,,,78678212,78678211
30250,30250,4,,,,,,78678233,78678228
30250,30250,4,,,,,,78678209,78678229
30250,30250,4,,,,,,78678191,78678231
30250,30250,4,,,,,,78678210,78678223
30250,30250,4,,,,,,78678230,78678213
30250,30250,4,,,,,,78678227,78678232
30250,30250,4,,,,,,78678352,78678362
30250,30250,4,,,,,,78678355,78678358
30250,30250,4,,,,,,78678356,78678365
30250,30250,4,,,,,,78678285,78678702
30250,30250,4,,,,,,78678349,78678344
30250,30250,4,,,,,,78678347,78678350
30250,30250,4,,,,,,78678346,78678265
30250,30250,4,,,,,,78678266,78678264
30250,30250,4,,,,,,78678286,78678279
30250,30250,4,,,,,,78678257,78678261
30250,30250,4,,,,,,78678382,78678300
30250,30250,4,,,,,,78678389,78678303
30250,30250,4,,,,,,78678380,78678381
30250,30250,4,,,,,,78679350,78679349
30250,30250,4,,,,,,78679347,78679355
30250,30250,4,,,,,,78679353,78679354
30250,30250,4,,,,,,78679351,78679352
30250,30250,4,,,,,,78679348,78678272
30250,30250,4,,,,,,78678270,78678273
30250,30250,4,,,,,,78678271,78678241
30250,30250,4,,,,,,78678248,78678246
30250,30250,4,,,,,,78678237,78678236
30250,30250,4,,,,,,78678221,78678204
30250,30250,4,,,,,,78678698,78678186
30250,30250,4,,,,,,78678183,78678806
30250,30250,4,,,,,,78678185,78678354
30250,30250,4,,,,,,78678184,78678327
30250,30250,4,,,,,,78678321,78678328
30250,30250,4,,,,,,78678332,78678708
30250,30250,4,,,,,,78678323,78678368
30250,30250,4,,,,,,78678370,78678372
30250,30250,4,,,,,,78678274,78678250
30250,30250,4,,,,,,78678645,78678244
30250,30250,4,,,,,,78678763,78678247
30250,30250,4,,,,,,78678290,78678284
30250,30250,4,,,,,,78678262,78678291
30250,30250,4,,,,,,78678369,78678367
30250,30250,4,,,,,,78678320,78678310
30250,30250,4,,,,,,78678335,78678216
30250,30250,4,,,,,,78678296,78678289
30250,30250,4,,,,,,78678253,78678283
30250,30250,4,,,,,,78678268,78678243
30250,30250,4,,,,,,78678299,78678295
30250,30250,4,,,,,,78678256,78678260
30250,30250,4,,,,,,78678288,78678292
30250,30250,4,,,,,,78678282,78678305
30250,30250,4,,,,,,78678379,78678827
30250,30250,4,,,,,,78678304,78678757
30250,30250,4,,,,,,78678309,78678312
30250,30250,4,,,,,,78678306,78678302
30250,30250,4,,,,,,78678386,78678383
30250,30250,4,,,,,,78678384,78678393
30250,30250,4,,,,,,78678396,78678397
30250,30250,4,,,,,,78678376,78678388
30250,30250,4,,,,,,78678385,78678392
30250,30250,4,,,,,,78678395,78678399
30250,30250,4,,,,,,78678390,78678387
30250,30250,4,,,,,,78678398,78678394
3078,3078,4,,,,,,78853790,78853888
3078,3078,4,,,,,,78853695,78853699
3078,3078,4,,,,,,78853722,78853588
3078,3078,4,,,,,,78853693,78853875
3078,3078,4,,,,,,78853690,78853795
3078,3078,4,,,,,,78853700,78853691
3078,3078,4,,,,,,78853920,78853664
3078,3078,4,,,,,,78853712,78853745
3078,3078,4,,,,,,78853675,78853600
3078,3078,4,,,,,,78853948,78853591
3078,3078,4,,,,,,78853767,78853589
3078,3078,4,,,,,,78853966,78853783
3078,3078,4,,,,,,78853738,78853590
3078,3078,4,,,,,,78853731,78853652
3078,3078,4,,,,,,78853743,78853831
3078,3078,4,,,,,,78853720,78853707
3078,3078,4,,,,,,78853774,78853596
3078,3078,4,,,,,,78853807,78853633
3078,3078,4,,,,,,78853806,78853811
3078,3078,4,,,,,,78853605,78853805
3078,3078,4,,,,,,78853708,78853773
3078,3078,4,,,,,,78857240,78857337
3078,3078,4,,,,,,78857147,78857151
3078,3078,4,,,,,,78857174,78857042
3078,3078,4,,,,,,78857145,78857324
3078,3078,4,,,,,,78857142,78857245
3078,3078,4,,,,,,78857152,78857143
3078,3078,4,,,,,,78857368,78857116
3078,3078,4,,,,,,78857164,78857195
3078,3078,4,,,,,,78857127,78857054
3078,3078,4,,,,,,78857396,78857045
3078,3078,4,,,,,,78857217,78857043
3078,3078,4,,,,,,78857414,78857233
3078,3078,4,,,,,,78857189,78857044
3078,3078,4,,,,,,78857182,78857104
3078,3078,4,,,,,,78857193,78857280
3078,3078,4,,,,,,78857172,78857159
3078,3078,4,,,,,,78857224,78857050
3078,3078,4,,,,,,78857257,78857086
3078,3078,4,,,,,,78857256,78857261
3078,3078,4,,,,,,78857059,78857255
3078,3078,4,,,,,,78857160,78857223
3078,3078,4,,,,,,78830791,78830770
3078,3078,4,,,,,,78830793,78830781
3078,3078,4,,,,,,78830773,78830779
3078,3078,4,,,,,,78830798,78830786
3078,3078,4,,,,,,78830799,78830768
3078,3078,4,,,,,,78830811,78830782
3078,3078,4,,,,,,78830802,78830780
3078,3078,4,,,,,,78830789,78830815
3078,3078,4,,,,,,78830787,78830818
3078,3078,4,,,,,,78850959,78850964
3078,3078,4,,,,,,78850967,78850968
3078,3078,4,,,,,,78850966,78850969
3078,3078,4,,,,,,78850971,78850963
3078,3078,4,,,,,,78850973,78850978
3078,3078,4,,,,,,78850931,78850921
3078,3078,4,,,,,,78850953,78850944
3078,3078,4,,,,,,78850946,78850948
3078,3078,4,,,,,,78850938,78850935
3078,3078,4,,,,,,78850940,78850937
3078,3078,4,,,,,,78850951,78850925
3078,3078,4,,,,,,78852441,78852539
3078,3078,4,,,,,,78852346,78852350
3078,3078,4,,,,,,78852373,78852239
3078,3078,4,,,,,,78852344,78852526
3078,3078,4,,,,,,78852341,78852446
3078,3078,4,,,,,,78852351,78852342
3078,3078,4,,,,,,78852571,78852315
3078,3078,4,,,,,,78852363,78852396
3078,3078,4,,,,,,78852326,78852251
3078,3078,4,,,,,,78852599,78852242
3078,3078,4,,,,,,78852418,78852240
3078,3078,4,,,,,,78852617,78852434
3078,3078,4,,,,,,78852389,78852241
3078,3078,4,,,,,,78852382,78852303
3078,3078,4,,,,,,78852394,78852482
3078,3078,4,,,,,,78852371,78852358
3078,3078,4,,,,,,78852425,78852247
3078,3078,4,,,,,,78852458,78852284
3078,3078,4,,,,,,78852457,78852462
3078,3078,4,,,,,,78852256,78852456
3078,3078,4,,,,,,78852359,78852424
3078,3078,4,,,,,,78859826,78859805
3078,3078,4,,,,,,78859828,78859816
3078,3078,4,,,,,,78859808,78859814
3078,3078,4,,,,,,78859833,78859821
3078,3078,4,,,,,,78859834,78859803
3078,3078,4,,,,,,78859846,78859817
3078,3078,4,,,,,,78859837,78859815
3078,3078,4,,,,,,78859824,78859850
3078,3078,4,,,,,,78859822,78859853
3078,3078,4,,,,,,78859076,78859081
3078,3078,4,,,,,,78859084,78859085
3078,3078,4,,,,,,78859083,78859086
3078,3078,4,,,,,,78859088,78859080
3078,3078,4,,,,,,78859090,78859095
3078,3078,4,,,,,,78859048,78859038
3078,3078,4,,,,,,78859070,78859061
3078,3078,4,,,,,,78859063,78859065
3078,3078,4,,,,,,78859055,78859052
3078,3078,4,,,,,,78859057,78859054
3078,3078,4,,,,,,78859068,78859042
3078,3078,4,,,,,,78855911,78856008
3078,3078,4,,,,,,78855818,78855822
3078,3078,4,,,,,,78855845,78855713
3078,3078,4,,,,,,78855816,78855995
3078,3078,4,,,,,,78855813,78855916
3078,3078,4,,,,,,78855823,78855814
3078,3078,4,,,,,,78856039,78855787
3078,3078,4,,,,,,78855835,78855866
3078,3078,4,,,,,,78855798,78855725
3078,3078,4,,,,,,78856067,78855716
3078,3078,4,,,,,,78855888,78855714
3078,3078,4,,,,,,78856085,78855904
3078,3078,4,,,,,,78855860,78855715
3078,3078,4,,,,,,78855853,78855775
3078,3078,4,,,,,,78855864,78855951
3078,3078,4,,,,,,78855843,78855830
3078,3078,4,,,,,,78855895,78855721
3078,3078,4,,,,,,78855928,78855757
3078,3078,4,,,,,,78855927,78855932
3078,3078,4,,,,,,78855730,78855926
3078,3078,4,,,,,,78855831,78855894
31255,31255,4,,,,,,78172964,78172954
31255,31255,4,,,,,,78173027,78173020
31255,31255,4,,,,,,78172955,78173024
31255,31255,4,,,,,,78173023,78173029
31255,31255,4,,,,,,78173508,78173507
31255,31255,4,,,,,,78247587,78247577
31255,31255,4,,,,,,78247646,78247639
31255,31255,4,,,,,,78247578,78247643
31255,31255,4,,,,,,78247642,78247648
31255,31255,4,,,,,,78248116,78248115
322,322,4,,,,,,79305739_1,79305739_2
322,322,4,,,,,,78977081_1,78977081_2
322,322,4,,,,,,78977082_1,78977082_2
322,322,4,,,,,,78180617_1,78180617_2
322,322,4,,,,,,79305738_1,79305738_2
322,322,4,,,,,,78180618_1,78180618_2
3265,3265,4,,,,,,78854355,78854356
3265,3265,4,,,,,,78854419,78854417
3265,3265,4,,,,,,78854341,78854342
3265,3265,4,,,,,,78854320,78854318
3265,3265,4,,,,,,78854438,78854437
3265,3265,4,,,,,,78854410,78854409
3265,3265,4,,,,,,78854298,78854423
3265,3265,4,,,,,,78854424,78854422
3265,3265,4,,,,,,78854413,78854412
3265,3265,4,,,,,,78854425,78854426
3265,3265,4,,,,,,78854405,78854404
3265,3265,4,,,,,,78854406,78854403
3265,3265,4,,,,,,78854407,78854408
3265,3265,4,,,,,,78854361,78854362
3265,3265,4,,,,,,78854363,78854364
3265,3265,4,,,,,,78854366,78854365
3265,3265,4,,,,,,78854312,78854311
3265,3265,4,,,,,,78854313,78854314
3265,3265,4,,,,,,78854315,78854316
3265,3265,4,,,,,,78854319,78854317
3265,3265,4,,,,,,78854308,78854307
3265,3265,4,,,,,,78854360,78854359
3265,3265,4,,,,,,78854444,78854373
3265,3265,4,,,,,,78854374,78854376
3265,3265,4,,,,,,78854377,78854378
3265,3265,4,,,,,,78854328,78854330
3265,3265,4,,,,,,78854331,78854332
3265,3265,4,,,,,,78854379,78854380
3265,3265,4,,,,,,78854385,78854386
3265,3265,4,,,,,,78854429,78854430
3265,3265,4,,,,,,78854432,78854431
3265,3265,4,,,,,,78854434,78854433
3265,3265,4,,,,,,78854383,78854384
3265,3265,4,,,,,,78854387,78854388
3265,3265,4,,,,,,78854334,78854333
3265,3265,4,,,,,,78854335,78854336
3265,3265,4,,,,,,78854337,78854338
3265,3265,4,,,,,,78854339,78854340
3265,3265,4,,,,,,78854391,78854392
3265,3265,4,,,,,,78854347,78854348
3265,3265,4,,,,,,78854349,78854350
3265,3265,4,,,,,,78854344,78854343
3265,3265,4,,,,,,78854346,78854345
3265,3265,4,,,,,,78854398,78854395
3265,3265,4,,,,,,78854393,78854397
3265,3265,4,,,,,,78854394,78854396
3265,3265,4,,,,,,78854418,78854420
3265,3265,4,,,,,,78854370,78854369
3265,3265,4,,,,,,78854372,78854371
3265,3265,4,,,,,,78854443,78854326
3265,3265,4,,,,,,78854329,78854327
3265,3265,4,,,,,,78854351,78854352
3265,3265,4,,,,,,78854440,78854439
3265,3265,4,,,,,,78854415,78854411
3265,3265,4,,,,,,78854414,78854416
3265,3265,4,,,,,,78854357,78854358
3265,3265,4,,,,,,78854436,78854435
3265,3265,4,,,,,,78854427,78854428
3265,3265,4,,,,,,78854322,78854321
3265,3265,4,,,,,,78854354,78854353
3265,3265,4,,,,,,78854310,78854309
3265,3265,4,,,,,,78854304,78854303
3265,3265,4,,,,,,78854305,78854306
3265,3265,4,,,,,,78854381,78854382
3265,3265,4,,,,,,78854367,78854368
3265,3265,4,,,,,,78854301,78854302
3265,3265,4,,,,,,78854402,78854401
3265,3265,4,,,,,,78854441,78854442
3265,3265,4,,,,,,78854400,78854399
3265,3265,4,,,,,,78854323,78854324
3265,3265,4,,,,,,78854389,78854390
3265,3265,4,,,,,,78857798,78857799
3265,3265,4,,,,,,78857862,78857860
3265,3265,4,,,,,,78857784,78857785
3265,3265,4,,,,,,78857763,78857761
3265,3265,4,,,,,,78857881,78857880
3265,3265,4,,,,,,78857853,78857852
3265,3265,4,,,,,,78857867,78857865
3265,3265,4,,,,,,78857856,78857855
3265,3265,4,,,,,,78857868,78857869
3265,3265,4,,,,,,78857848,78857847
3265,3265,4,,,,,,78857849,78857846
3265,3265,4,,,,,,78857850,78857851
3265,3265,4,,,,,,78857804,78857805
3265,3265,4,,,,,,78857806,78857807
3265,3265,4,,,,,,78857809,78857808
3265,3265,4,,,,,,78857755,78857754
3265,3265,4,,,,,,78857756,78857757
3265,3265,4,,,,,,78857758,78857759
3265,3265,4,,,,,,78857762,78857760
3265,3265,4,,,,,,78857751,78857750
3265,3265,4,,,,,,78857803,78857802
3265,3265,4,,,,,,78857817,78857819
3265,3265,4,,,,,,78857820,78857821
3265,3265,4,,,,,,78857771,78857773
3265,3265,4,,,,,,78857774,78857775
3265,3265,4,,,,,,78857822,78857823
3265,3265,4,,,,,,78857828,78857829
3265,3265,4,,,,,,78857872,78857873
3265,3265,4,,,,,,78857875,78857874
3265,3265,4,,,,,,78857877,78857876
3265,3265,4,,,,,,78857826,78857827
3265,3265,4,,,,,,78857830,78857831
3265,3265,4,,,,,,78857777,78857776
3265,3265,4,,,,,,78857778,78857779
3265,3265,4,,,,,,78857780,78857781
3265,3265,4,,,,,,78857782,78857783
3265,3265,4,,,,,,78857834,78857835
3265,3265,4,,,,,,78857790,78857791
3265,3265,4,,,,,,78857792,78857793
3265,3265,4,,,,,,78857787,78857786
3265,3265,4,,,,,,78857789,78857788
3265,3265,4,,,,,,78857841,78857838
3265,3265,4,,,,,,78857836,78857840
3265,3265,4,,,,,,78857837,78857839
3265,3265,4,,,,,,78857861,78857863
3265,3265,4,,,,,,78857813,78857812
3265,3265,4,,,,,,78857815,78857814
3265,3265,4,,,,,,78857772,78857770
3265,3265,4,,,,,,78857794,78857795
3265,3265,4,,,,,,78857883,78857882
3265,3265,4,,,,,,78857858,78857854
3265,3265,4,,,,,,78857857,78857859
3265,3265,4,,,,,,78857800,78857801
3265,3265,4,,,,,,78857879,78857878
3265,3265,4,,,,,,78857870,78857871
3265,3265,4,,,,,,78857765,78857764
3265,3265,4,,,,,,78857797,78857796
3265,3265,4,,,,,,78857753,78857752
3265,3265,4,,,,,,78857747,78857746
3265,3265,4,,,,,,78857748,78857749
3265,3265,4,,,,,,78857824,78857825
3265,3265,4,,,,,,78857810,78857811
3265,3265,4,,,,,,78857744,78857745
3265,3265,4,,,,,,78857845,78857844
3265,3265,4,,,,,,78857884,78857885
3265,3265,4,,,,,,78857843,78857842
3265,3265,4,,,,,,78857766,78857767
3265,3265,4,,,,,,78857832,78857833
3265,3265,4,,,,,,78850505,78850521
3265,3265,4,,,,,,78850540,78850542
3265,3265,4,,,,,,78850541,78850543
3265,3265,4,,,,,,78850520,78850527
3265,3265,4,,,,,,78850503,78850519
3265,3265,4,,,,,,78850511,78850513
3265,3265,4,,,,,,78850516,78850524
3265,3265,4,,,,,,78850514,78850525
3265,3265,4,,,,,,78850512,78850501
3265,3265,4,,,,,,78850510,78850508
3265,3265,4,,,,,,78850517,78850509
3265,3265,4,,,,,,78850518,78850500
3265,3265,4,,,,,,78850532,78850533
3265,3265,4,,,,,,78850534,78850535
3265,3265,4,,,,,,78850548,78850549
3265,3265,4,,,,,,78850550,78850552
3265,3265,4,,,,,,78850551,78850553
3265,3265,4,,,,,,78850554,78850555
3265,3265,4,,,,,,78850506,78850504
3265,3265,4,,,,,,78850536,78850537
3265,3265,4,,,,,,78850530,78850531
3265,3265,4,,,,,,78850526,78850507
3265,3265,4,,,,,,78850523,78850515
3265,3265,4,,,,,,78850502,78850522
3265,3265,4,,,,,,78850528,78850529
3265,3265,4,,,,,,78850546,78850547
3265,3265,4,,,,,,78850538,78850539
3265,3265,4,,,,,,78850544,78850545
3265,3265,4,,,,,,78851405,78851400
3265,3265,4,,,,,,78851382,78851381
3265,3265,4,,,,,,78851386,78851387
3265,3265,4,,,,,,78851392,78851399
3265,3265,4,,,,,,78851397,78851398
3265,3265,4,,,,,,78851404,78851418
3265,3265,4,,,,,,78851402,78851417
3265,3265,4,,,,,,78851411,78851421
3265,3265,4,,,,,,78851412,78851401
3265,3265,4,,,,,,78851408,78851415
3265,3265,4,,,,,,78851407,78851403
3265,3265,4,,,,,,78851413,78851424
3265,3265,4,,,,,,78851422,78851423
3265,3265,4,,,,,,78851416,78851414
3265,3265,4,,,,,,78851409,78851419
3265,3265,4,,,,,,78851430,78851429
3265,3265,4,,,,,,78851431,78851432
3265,3265,4,,,,,,78851433,78851434
3265,3265,4,,,,,,78851425,78851427
3265,3265,4,,,,,,78851428,78851426
3265,3265,4,,,,,,78851396,78851420
3265,3265,4,,,,,,78851388,78851391
3265,3265,4,,,,,,78851410,78851406
3265,3265,4,,,,,,78851384,78851383
3265,3265,4,,,,,,78851390,78851394
3265,3265,4,,,,,,78851385,78851395
3265,3265,4,,,,,,78851393,78851389
3265,3265,4,,,,,,78853006,78853007
3265,3265,4,,,,,,78853070,78853068
3265,3265,4,,,,,,78852992,78852993
3265,3265,4,,,,,,78852971,78852969
3265,3265,4,,,,,,78853089,78853088
3265,3265,4,,,,,,78853061,78853060
3265,3265,4,,,,,,78852949,78853074
3265,3265,4,,,,,,78853075,78853073
3265,3265,4,,,,,,78853064,78853063
3265,3265,4,,,,,,78853076,78853077
3265,3265,4,,,,,,78853056,78853055
3265,3265,4,,,,,,78853057,78853054
3265,3265,4,,,,,,78853058,78853059
3265,3265,4,,,,,,78853012,78853013
3265,3265,4,,,,,,78853014,78853015
3265,3265,4,,,,,,78853017,78853016
3265,3265,4,,,,,,78852963,78852962
3265,3265,4,,,,,,78852964,78852965
3265,3265,4,,,,,,78852966,78852967
3265,3265,4,,,,,,78852970,78852968
3265,3265,4,,,,,,78852959,78852958
3265,3265,4,,,,,,78853011,78853010
3265,3265,4,,,,,,78853095,78853024
3265,3265,4,,,,,,78853025,78853027
3265,3265,4,,,,,,78853028,78853029
3265,3265,4,,,,,,78852979,78852981
3265,3265,4,,,,,,78852982,78852983
3265,3265,4,,,,,,78853030,78853031
3265,3265,4,,,,,,78853036,78853037
3265,3265,4,,,,,,78853080,78853081
3265,3265,4,,,,,,78853083,78853082
3265,3265,4,,,,,,78853085,78853084
3265,3265,4,,,,,,78853034,78853035
3265,3265,4,,,,,,78853038,78853039
3265,3265,4,,,,,,78852985,78852984
3265,3265,4,,,,,,78852986,78852987
3265,3265,4,,,,,,78852988,78852989
3265,3265,4,,,,,,78852990,78852991
3265,3265,4,,,,,,78853042,78853043
3265,3265,4,,,,,,78852998,78852999
3265,3265,4,,,,,,78853000,78853001
3265,3265,4,,,,,,78852995,78852994
3265,3265,4,,,,,,78852997,78852996
3265,3265,4,,,,,,78853049,78853046
3265,3265,4,,,,,,78853044,78853048
3265,3265,4,,,,,,78853045,78853047
3265,3265,4,,,,,,78853069,78853071
3265,3265,4,,,,,,78853021,78853020
3265,3265,4,,,,,,78853023,78853022
3265,3265,4,,,,,,78853094,78852977
3265,3265,4,,,,,,78852980,78852978
3265,3265,4,,,,,,78853002,78853003
3265,3265,4,,,,,,78853091,78853090
3265,3265,4,,,,,,78853066,78853062
3265,3265,4,,,,,,78853065,78853067
3265,3265,4,,,,,,78853008,78853009
3265,3265,4,,,,,,78853087,78853086
3265,3265,4,,,,,,78853078,78853079
3265,3265,4,,,,,,78852973,78852972
3265,3265,4,,,,,,78853005,78853004
3265,3265,4,,,,,,78852961,78852960
3265,3265,4,,,,,,78852955,78852954
3265,3265,4,,,,,,78852956,78852957
3265,3265,4,,,,,,78853032,78853033
3265,3265,4,,,,,,78853018,78853019
3265,3265,4,,,,,,78852952,78852953
3265,3265,4,,,,,,78853053,78853052
3265,3265,4,,,,,,78853092,78853093
3265,3265,4,,,,,,78853051,78853050
3265,3265,4,,,,,,78852974,78852975
3265,3265,4,,,,,,78853040,78853041
3265,3265,4,,,,,,78860363,78860370
3265,3265,4,,,,,,78860354,78860356
3265,3265,4,,,,,,78860359,78860367
3265,3265,4,,,,,,78860357,78860368
3265,3265,4,,,,,,78860355,78860344
3265,3265,4,,,,,,78860353,78860351
3265,3265,4,,,,,,78860377,78860378
3265,3265,4,,,,,,78860381,78860382
3265,3265,4,,,,,,78860391,78860392
3265,3265,4,,,,,,78860393,78860395
3265,3265,4,,,,,,78860394,78860396
3265,3265,4,,,,,,78860397,78860398
3265,3265,4,,,,,,78860360,78860352
3265,3265,4,,,,,,78860361,78860343
3265,3265,4,,,,,,78860366,78860358
3265,3265,4,,,,,,78860346,78860362
3265,3265,4,,,,,,78860349,78860347
3265,3265,4,,,,,,78860379,78860380
3265,3265,4,,,,,,78860373,78860374
3265,3265,4,,,,,,78860369,78860350
3265,3265,4,,,,,,78860345,78860365
3265,3265,4,,,,,,78860348,78860364
3265,3265,4,,,,,,78860371,78860372
3265,3265,4,,,,,,78860375,78860376
3265,3265,4,,,,,,78860387,78860388
3265,3265,4,,,,,,78860383,78860385
3265,3265,4,,,,,,78860389,78860390
3265,3265,4,,,,,,78860384,78860386
3265,3265,4,,,,,,78859522,78859517
3265,3265,4,,,,,,78859527,78859523
3265,3265,4,,,,,,78859521,78859535
3265,3265,4,,,,,,78859499,78859498
3265,3265,4,,,,,,78859503,78859504
3265,3265,4,,,,,,78859529,78859518
3265,3265,4,,,,,,78859525,78859532
3265,3265,4,,,,,,78859539,78859540
3265,3265,4,,,,,,78859542,78859544
3265,3265,4,,,,,,78859545,78859543
3265,3265,4,,,,,,78859547,78859546
3265,3265,4,,,,,,78859548,78859549
3265,3265,4,,,,,,78859550,78859551
3265,3265,4,,,,,,78859509,78859516
3265,3265,4,,,,,,78859514,78859515
3265,3265,4,,,,,,78859533,78859531
3265,3265,4,,,,,,78859526,78859536
3265,3265,4,,,,,,78859524,78859520
3265,3265,4,,,,,,78859530,78859541
3265,3265,4,,,,,,78859502,78859512
3265,3265,4,,,,,,78859510,78859506
3265,3265,4,,,,,,78859519,78859534
3265,3265,4,,,,,,78859528,78859538
3265,3265,4,,,,,,78859507,78859511
3265,3265,4,,,,,,78859501,78859500
3265,3265,4,,,,,,78859505,78859508
3265,3265,4,,,,,,78859513,78859537
3265,3265,4,,,,,,78856469,78856470
3265,3265,4,,,,,,78856533,78856531
3265,3265,4,,,,,,78856455,78856456
3265,3265,4,,,,,,78856434,78856432
3265,3265,4,,,,,,78856552,78856551
3265,3265,4,,,,,,78856524,78856523
3265,3265,4,,,,,,78856538,78856536
3265,3265,4,,,,,,78856527,78856526
3265,3265,4,,,,,,78856539,78856540
3265,3265,4,,,,,,78856519,78856518
3265,3265,4,,,,,,78856520,78856517
3265,3265,4,,,,,,78856521,78856522
3265,3265,4,,,,,,78856475,78856476
3265,3265,4,,,,,,78856477,78856478
3265,3265,4,,,,,,78856480,78856479
3265,3265,4,,,,,,78856426,78856425
3265,3265,4,,,,,,78856427,78856428
3265,3265,4,,,,,,78856429,78856430
3265,3265,4,,,,,,78856433,78856431
3265,3265,4,,,,,,78856422,78856421
3265,3265,4,,,,,,78856474,78856473
3265,3265,4,,,,,,78856488,78856490
3265,3265,4,,,,,,78856491,78856492
3265,3265,4,,,,,,78856442,78856444
3265,3265,4,,,,,,78856445,78856446
3265,3265,4,,,,,,78856493,78856494
3265,3265,4,,,,,,78856499,78856500
3265,3265,4,,,,,,78856543,78856544
3265,3265,4,,,,,,78856546,78856545
3265,3265,4,,,,,,78856548,78856547
3265,3265,4,,,,,,78856497,78856498
3265,3265,4,,,,,,78856501,78856502
3265,3265,4,,,,,,78856448,78856447
3265,3265,4,,,,,,78856449,78856450
3265,3265,4,,,,,,78856451,78856452
3265,3265,4,,,,,,78856453,78856454
3265,3265,4,,,,,,78856505,78856506
3265,3265,4,,,,,,78856461,78856462
3265,3265,4,,,,,,78856463,78856464
3265,3265,4,,,,,,78856458,78856457
3265,3265,4,,,,,,78856460,78856459
3265,3265,4,,,,,,78856512,78856509
3265,3265,4,,,,,,78856507,78856511
3265,3265,4,,,,,,78856508,78856510
3265,3265,4,,,,,,78856532,78856534
3265,3265,4,,,,,,78856484,78856483
3265,3265,4,,,,,,78856486,78856485
3265,3265,4,,,,,,78856443,78856441
3265,3265,4,,,,,,78856465,78856466
3265,3265,4,,,,,,78856554,78856553
3265,3265,4,,,,,,78856529,78856525
3265,3265,4,,,,,,78856528,78856530
3265,3265,4,,,,,,78856471,78856472
3265,3265,4,,,,,,78856550,78856549
3265,3265,4,,,,,,78856541,78856542
3265,3265,4,,,,,,78856436,78856435
3265,3265,4,,,,,,78856468,78856467
3265,3265,4,,,,,,78856424,78856423
3265,3265,4,,,,,,78856418,78856417
3265,3265,4,,,,,,78856419,78856420
3265,3265,4,,,,,,78856495,78856496
3265,3265,4,,,,,,78856481,78856482
3265,3265,4,,,,,,78856415,78856416
3265,3265,4,,,,,,78856516,78856515
3265,3265,4,,,,,,78856555,78856556
3265,3265,4,,,,,,78856514,78856513
3265,3265,4,,,,,,78856437,78856438
3265,3265,4,,,,,,78856503,78856504
38813,38813,4,,,,,,78853594,78853791
38813,38813,4,,,,,,78853830,78853697
38813,38813,4,,,,,,78853744,78853710
38813,38813,4,,,,,,78853714,78853715
38813,38813,4,,,,,,78853762,78853887
38813,38813,4,,,,,,78853718,78853932
38813,38813,4,,,,,,78853677,78853924
38813,38813,4,,,,,,78853911,78853736
38813,38813,4,,,,,,78853780,78853877
38813,38813,4,,,,,,78853713,78853696
38813,38813,4,,,,,,78853955,78853638
38813,38813,4,,,,,,78853607,78853821
38813,38813,4,,,,,,78853704,78853954
38813,38813,4,,,,,,78853824,78853734
38813,38813,4,,,,,,78853676,78853727
38813,38813,4,,,,,,78853678,78853925
38813,38813,4,,,,,,78853698,78853755
38813,38813,4,,,,,,78853772,78853765
38813,38813,4,,,,,,78853825,78853689
38813,38813,4,,,,,,78853903,78853934
38813,38813,4,,,,,,78853662,78853816
38813,38813,4,,,,,,78853732,78853746
38813,38813,4,,,,,,78853952,78853828
38813,38813,4,,,,,,78853706,78853820
38813,38813,4,,,,,,78853659,78853681
38813,38813,4,,,,,,78853827,78853703
38813,38813,4,,,,,,78853721,78853754
38813,38813,4,,,,,,78857048,78857241
38813,38813,4,,,,,,78857279,78857149
38813,38813,4,,,,,,78857194,78857162
38813,38813,4,,,,,,78857166,78857167
38813,38813,4,,,,,,78857212,78857336
38813,38813,4,,,,,,78857170,78857380
38813,38813,4,,,,,,78857129,78857372
38813,38813,4,,,,,,78857360,78857187
38813,38813,4,,,,,,78857230,78857326
38813,38813,4,,,,,,78857165,78857148
38813,38813,4,,,,,,78857403,78857090
38813,38813,4,,,,,,78857061,78857271
38813,38813,4,,,,,,78857156,78857402
38813,38813,4,,,,,,78857273,78857185
38813,38813,4,,,,,,78857128,78857179
38813,38813,4,,,,,,78857130,78857373
38813,38813,4,,,,,,78857150,78857205
38813,38813,4,,,,,,78857222,78857215
38813,38813,4,,,,,,78857274,78857141
38813,38813,4,,,,,,78857352,78857382
38813,38813,4,,,,,,78857114,78857266
38813,38813,4,,,,,,78857183,78857196
38813,38813,4,,,,,,78857400,78857277
38813,38813,4,,,,,,78857158,78857270
38813,38813,4,,,,,,78857111,78857133
38813,38813,4,,,,,,78857276,78857155
38813,38813,4,,,,,,78857173,78857204
38813,38813,4,,,,,,78830767,78830806
38813,38813,4,,,,,,78830792,78830777
38813,38813,4,,,,,,78830772,78830801
38813,38813,4,,,,,,78830774,78830807
38813,38813,4,,,,,,78830803,78830776
38813,38813,4,,,,,,78830800,78830809
38813,38813,4,,,,,,78830788,78830808
38813,38813,4,,,,,,78830771,78830812
38813,38813,4,,,,,,78830819,78830820
38813,38813,4,,,,,,78830794,78830784
38813,38813,4,,,,,,78830813,78830783
38813,38813,4,,,,,,78830769,78830778
38813,38813,4,,,,,,78830795,78830790
38813,38813,4,,,,,,78830804,78830817
38813,38813,4,,,,,,78830797,78830805
38813,38813,4,,,,,,78830775,78830796
38813,38813,4,,,,,,78830785,78830816
38813,38813,4,,,,,,78850965,78850972
38813,38813,4,,,,,,78850976,78850970
38813,38813,4,,,,,,78850934,78850929
38813,38813,4,,,,,,78850958,78850930
38813,38813,4,,,,,,78850941,78850936
38813,38813,4,,,,,,78850955,78850926
38813,38813,4,,,,,,78850952,78850942
38813,38813,4,,,,,,78850932,78850950
38813,38813,4,,,,,,78850947,78850924
38813,38813,4,,,,,,78850933,78850949
38813,38813,4,,,,,,78850974,78850927
38813,38813,4,,,,,,78850975,78850960
38813,38813,4,,,,,,78850979,78850954
38813,38813,4,,,,,,78850943,78850939
38813,38813,4,,,,,,78850945,78850957
38813,38813,4,,,,,,78850961,78850956
38813,38813,4,,,,,,78850923,78850928
38813,38813,4,,,,,,78852245,78852442
38813,38813,4,,,,,,78852481,78852348
38813,38813,4,,,,,,78852395,78852361
38813,38813,4,,,,,,78852365,78852366
38813,38813,4,,,,,,78852413,78852538
38813,38813,4,,,,,,78852369,78852583
38813,38813,4,,,,,,78852328,78852575
38813,38813,4,,,,,,78852562,78852387
38813,38813,4,,,,,,78852431,78852528
38813,38813,4,,,,,,78852364,78852347
38813,38813,4,,,,,,78852606,78852289
38813,38813,4,,,,,,78852258,78852472
38813,38813,4,,,,,,78852355,78852605
38813,38813,4,,,,,,78852475,78852385
38813,38813,4,,,,,,78852327,78852378
38813,38813,4,,,,,,78852329,78852576
38813,38813,4,,,,,,78852349,78852406
38813,38813,4,,,,,,78852423,78852416
38813,38813,4,,,,,,78852476,78852340
38813,38813,4,,,,,,78852554,78852585
38813,38813,4,,,,,,78852313,78852467
38813,38813,4,,,,,,78852383,78852397
38813,38813,4,,,,,,78852603,78852479
38813,38813,4,,,,,,78852357,78852471
38813,38813,4,,,,,,78852310,78852332
38813,38813,4,,,,,,78852478,78852354
38813,38813,4,,,,,,78852372,78852405
38813,38813,4,,,,,,78859802,78859841
38813,38813,4,,,,,,78859827,78859812
38813,38813,4,,,,,,78859807,78859836
38813,38813,4,,,,,,78859809,78859842
38813,38813,4,,,,,,78859838,78859811
38813,38813,4,,,,,,78859829,78859819
38813,38813,4,,,,,,78859835,78859844
38813,38813,4,,,,,,78859823,78859843
38813,38813,4,,,,,,78859806,78859847
38813,38813,4,,,,,,78859854,78859855
38813,38813,4,,,,,,78859848,78859818
38813,38813,4,,,,,,78859804,78859813
38813,38813,4,,,,,,78859830,78859825
38813,38813,4,,,,,,78859839,78859852
38813,38813,4,,,,,,78859832,78859840
38813,38813,4,,,,,,78859810,78859831
38813,38813,4,,,,,,78859820,78859851
38813,38813,4,,,,,,78859082,78859089
38813,38813,4,,,,,,78859093,78859087
38813,38813,4,,,,,,78859064,78859041
38813,38813,4,,,,,,78859040,78859045
38813,38813,4,,,,,,78859051,78859046
38813,38813,4,,,,,,78859075,78859047
38813,38813,4,,,,,,78859058,78859053
38813,38813,4,,,,,,78859072,78859043
38813,38813,4,,,,,,78859069,78859059
38813,38813,4,,,,,,78859049,78859067
38813,38813,4,,,,,,78859050,78859066
38813,38813,4,,,,,,78859091,78859044
38813,38813,4,,,,,,78859092,78859077
38813,38813,4,,,,,,78859096,78859071
38813,38813,4,,,,,,78859060,78859056
38813,38813,4,,,,,,78859062,78859074
38813,38813,4,,,,,,78859078,78859073
38813,38813,4,,,,,,78855719,78855912
38813,38813,4,,,,,,78855950,78855820
38813,38813,4,,,,,,78855865,78855833
38813,38813,4,,,,,,78855837,78855838
38813,38813,4,,,,,,78855883,78856007
38813,38813,4,,,,,,78855841,78856051
38813,38813,4,,,,,,78855800,78856043
38813,38813,4,,,,,,78856031,78855858
38813,38813,4,,,,,,78855901,78855997
38813,38813,4,,,,,,78855836,78855819
38813,38813,4,,,,,,78856074,78855761
38813,38813,4,,,,,,78855732,78855942
38813,38813,4,,,,,,78855827,78856073
38813,38813,4,,,,,,78855944,78855856
38813,38813,4,,,,,,78855799,78855850
38813,38813,4,,,,,,78855801,78856044
38813,38813,4,,,,,,78855821,78855876
38813,38813,4,,,,,,78855893,78855886
38813,38813,4,,,,,,78855945,78855812
38813,38813,4,,,,,,78856023,78856053
38813,38813,4,,,,,,78855785,78855937
38813,38813,4,,,,,,78855854,78855867
38813,38813,4,,,,,,78856071,78855948
38813,38813,4,,,,,,78855829,78855941
38813,38813,4,,,,,,78855782,78855804
38813,38813,4,,,,,,78855947,78855826
38813,38813,4,,,,,,78855844,78855875
49001,49001,4,,,,,,78202972,78202969
49001,49001,4,,,,,,78202967,78202955
49001,49001,4,,,,,,78202954,78202960
49001,49001,4,,,,,,78202961,78202959
49001,49001,4,,,,,,78202964,78202963
49001,49001,4,,,,,,78203115,78203113
49001,49001,4,,,,,,78203114,78203118
49001,49001,4,,,,,,78203093,78203085
49001,49001,4,,,,,,78203097,78203089
49001,49001,4,,,,,,78203112,78203108
49001,49001,4,,,,,,78203111,78203109
49001,49001,4,,,,,,78203087,78203084
49001,49001,4,,,,,,78203091,78203088
49001,49001,4,,,,,,78203120,78203125
49001,49001,4,,,,,,78203117,78203100
49001,49001,4,,,,,,78203099,78203096
49001,49001,4,,,,,,78203094,78203098
49001,49001,4,,,,,,78203092,78203095
49001,49001,4,,,,,,78203071,78203072
49001,49001,4,,,,,,78203067,78203070
49001,49001,4,,,,,,78203073,78203053
49001,49001,4,,,,,,78203074,78203077
49001,49001,4,,,,,,78203078,78203075
49001,49001,4,,,,,,78203076,78203079
49001,49001,4,,,,,,78203151,78203156
49001,49001,4,,,,,,78203152,78203153
49001,49001,4,,,,,,78203129,78203130
49001,49001,4,,,,,,78203128,78203122
49001,49001,4,,,,,,78203124,78203127
49001,49001,4,,,,,,78203123,78203101
49001,49001,4,,,,,,78203162,78203166
49001,49001,4,,,,,,78203163,78203164
49001,49001,4,,,,,,78203140,78203142
49001,49001,4,,,,,,78203138,78203139
49001,49001,4,,,,,,78203137,78203141
49001,49001,4,,,,,,78203143,78203116
49001,49001,4,,,,,,78203160,78203161
49001,49001,4,,,,,,78203154,78203157
49001,49001,4,,,,,,78203158,78203136
49001,49001,4,,,,,,78203132,78203134
49001,49001,4,,,,,,78203133,78203126
49001,49001,4,,,,,,78203131,78203135
49001,49001,4,,,,,,78203107,78203110
49001,49001,4,,,,,,78203167,78203169
49001,49001,4,,,,,,78203165,78203168
49001,49001,4,,,,,,78203171,78203146
49001,49001,4,,,,,,78203150,78203147
49001,49001,4,,,,,,78203145,78203148
49001,49001,4,,,,,,78203149,78203144
49001,49001,4,,,,,,78203119,78203121
49001,49001,4,,,,,,78203104,78203106
49001,49001,4,,,,,,78203103,78203102
49001,49001,4,,,,,,78203105,78203082
49001,49001,4,,,,,,78203083,78203080
49001,49001,4,,,,,,78203081,78203086
49001,49001,4,,,,,,78203059,78203057
49001,49001,4,,,,,,78203060,78203063
49001,49001,4,,,,,,78203062,78203046
49001,49001,4,,,,,,78203044,78203042
49001,49001,4,,,,,,78203045,78203041
49001,49001,4,,,,,,78203056,78203039
49001,49001,4,,,,,,78203040,78203033
49001,49001,4,,,,,,78203009,78203007
49001,49001,4,,,,,,78203005,78202998
49001,49001,4,,,,,,78202989,78202994
49001,49001,4,,,,,,78203090,78203068
49001,49001,4,,,,,,78203065,78203066
49001,49001,4,,,,,,78203069,78203064
49001,49001,4,,,,,,78203051,78203043
49001,49001,4,,,,,,78203052,78203048
49001,49001,4,,,,,,78203050,78203035
49001,49001,4,,,,,,78203058,78203061
49001,49001,4,,,,,,78203049,78203047
49001,49001,4,,,,,,78203037,78203038
49001,49001,4,,,,,,78203010,78203008
49001,49001,4,,,,,,78203032,78203014
49001,49001,4,,,,,,78203024,78203011
49001,49001,4,,,,,,78203027,78203017
49001,49001,4,,,,,,78203022,78203019
49001,49001,4,,,,,,78203026,78203020
49001,49001,4,,,,,,78203001,78203000
49001,49001,4,,,,,,78203004,78202995
49001,49001,4,,,,,,78202997,78202990
49001,49001,4,,,,,,78202991,78202975
49001,49001,4,,,,,,78203002,78203003
49001,49001,4,,,,,,78202999,78202996
49001,49001,4,,,,,,78202988,78202981
49001,49001,4,,,,,,78202980,78202974
49001,49001,4,,,,,,78202982,78202983
49001,49001,4,,,,,,78202984,78202985
49001,49001,4,,,,,,78202986,78202987
49001,49001,4,,,,,,78202976,78202977
49001,49001,4,,,,,,78202973,78202978
49001,49001,4,,,,,,78202971,78202970
49001,49001,4,,,,,,78202965,78202966
49001,49001,4,,,,,,78202953,78202956
49001,49001,4,,,,,,78202958,78202957
49001,49001,4,,,,,,78203012,78203023
49001,49001,4,,,,,,78203021,78203016
49001,49001,4,,,,,,78203028,78203030
49001,49001,4,,,,,,78203013,78203018
49001,49001,4,,,,,,78203025,78203015
49001,49001,4,,,,,,78203029,78203034
49001,49001,4,,,,,,78294931,78294974
49001,49001,4,,,,,,78294938,78294976
49001,49001,4,,,,,,78294942,78294984
49001,49001,4,,,,,,78294946,78294987
49001,49001,4,,,,,,78294948,78294989
49001,49001,4,,,,,,78294952,78294994
49001,49001,4,,,,,,78294997,78295038
49001,49001,4,,,,,,78295005,78295046
49001,49001,4,,,,,,78294947,78294990
49001,49001,4,,,,,,78294996,78295039
49001,49001,4,,,,,,78294998,78295043
49001,49001,4,,,,,,78295009,78295049
49001,49001,4,,,,,,78294944,78294988
49001,49001,4,,,,,,78294950,78294991
49001,49001,4,,,,,,78295000,78295041
49001,49001,4,,,,,,78295002,78295044
49001,49001,4,,,,,,78295007,78295048
49001,49001,4,,,,,,78295011,78295055
49001,49001,4,,,,,,78294943,78294986
49001,49001,4,,,,,,78294951,78294992
49001,49001,4,,,,,,78295001,78295042
49001,49001,4,,,,,,78294949,78294993
49001,49001,4,,,,,,78294995,78295040
49001,49001,4,,,,,,78295003,78295036
49001,49001,4,,,,,,78295010,78295050
49001,49001,4,,,,,,78295013,78295052
49001,49001,4,,,,,,78295016,78295056
49001,49001,4,,,,,,78294999,78295045
49001,49001,4,,,,,,78295004,78295047
49001,49001,4,,,,,,78295012,78295051
49001,49001,4,,,,,,78295014,78295060
49001,49001,4,,,,,,78295023,78295064
49001,49001,4,,,,,,78295021,78295066
49001,49001,4,,,,,,78295029,78295070
49001,49001,4,,,,,,78295033,78295077
49001,49001,4,,,,,,78295006,78295053
49001,49001,4,,,,,,78295017,78295057
49001,49001,4,,,,,,78295020,78295061
49001,49001,4,,,,,,78295019,78295058
49001,49001,4,,,,,,78295026,78295068
49001,49001,4,,,,,,78295031,78295074
49001,49001,4,,,,,,78295035,78295072
49001,49001,4,,,,,,78295008,78295054
49001,49001,4,,,,,,78295018,78295059
49001,49001,4,,,,,,78295022,78295063
49001,49001,4,,,,,,78295024,78295062
49001,49001,4,,,,,,78295027,78295069
49001,49001,4,,,,,,78295028,78295073
49001,49001,4,,,,,,78295032,78295076
49001,49001,4,,,,,,78295025,78295067
49001,49001,4,,,,,,78295030,78295071
49001,49001,4,,,,,,78295034,78295075
49001,49001,4,,,,,,78295037,78295078
49001,49001,4,,,,,,78294872,78294905
49001,49001,4,,,,,,78294876,78294963
49001,49001,4,,,,,,78294880,78294902
49001,49001,4,,,,,,78294916,78294954
49001,49001,4,,,,,,78294920,78294965
49001,49001,4,,,,,,78294925,78294969
49001,49001,4,,,,,,78294874,78294908
49001,49001,4,,,,,,78294878,78294971
49001,49001,4,,,,,,78294914,78294956
49001,49001,4,,,,,,78294917,78294959
49001,49001,4,,,,,,78294913,78294955
49001,49001,4,,,,,,78294915,78294961
49001,49001,4,,,,,,78294923,78294958
49001,49001,4,,,,,,78294921,78294906
49001,49001,4,,,,,,78294927,78294967
49001,49001,4,,,,,,78294928,78294904
49001,49001,4,,,,,,78294935,78294979
49001,49001,4,,,,,,78294936,78294983
49001,49001,4,,,,,,78294930,78294907
49001,49001,4,,,,,,78294934,78294973
49001,49001,4,,,,,,78294940,78294977
49001,49001,4,,,,,,78294945,78294978
49001,49001,4,,,,,,78294924,78294912
49001,49001,4,,,,,,78294937,78294980
49001,49001,4,,,,,,78294939,78294982
49001,49001,4,,,,,,78294933,78294972
49001,49001,4,,,,,,78294932,78294981
49001,49001,4,,,,,,78294941,78294985
49001,49001,4,,,,,,78294849,78294850
49001,49001,4,,,,,,78294853,78294884
49001,49001,4,,,,,,78294856,78294883
49001,49001,4,,,,,,78294859,78294889
49001,49001,4,,,,,,78294862,78294895
49001,49001,4,,,,,,78294865,78294896
49001,49001,4,,,,,,78294868,78294900
49001,49001,4,,,,,,78294851,78294881
49001,49001,4,,,,,,78294854,78294885
49001,49001,4,,,,,,78294857,78294890
49001,49001,4,,,,,,78294860,78294887
49001,49001,4,,,,,,78294863,78294893
49001,49001,4,,,,,,78294866,78294891
49001,49001,4,,,,,,78294870,78294899
49001,49001,4,,,,,,78294852,78294882
49001,49001,4,,,,,,78294855,78294886
49001,49001,4,,,,,,78294858,78294888
49001,49001,4,,,,,,78294861,78294894
49001,49001,4,,,,,,78294864,78294892
49001,49001,4,,,,,,78294867,78294897
49001,49001,4,,,,,,78294871,78294903
49001,49001,4,,,,,,78294875,78294968
49001,49001,4,,,,,,78294879,78294911
49001,49001,4,,,,,,78294910,78294957
49001,49001,4,,,,,,78294918,78294964
49001,49001,4,,,,,,78294869,78294901
49001,49001,4,,,,,,78294873,78294898
49001,49001,4,,,,,,78294877,78294970
49001,49001,4,,,,,,78294909,78294953
49001,49001,4,,,,,,78294919,78294960
49001,49001,4,,,,,,78294922,78294962
49001,49001,4,,,,,,78294929,78294975
49001,49001,4,,,,,,78590914,78590917
49001,49001,4,,,,,,78590913,78590912
49001,49001,4,,,,,,78590916,78590919
49001,49001,4,,,,,,78590944,78590943
49001,49001,4,,,,,,78590936,78590927
49001,49001,4,,,,,,78590939,78590938
49001,49001,4,,,,,,78590921,78590929
49001,49001,4,,,,,,78590925,78590948
49001,49001,4,,,,,,78590942,78590947
49001,49001,4,,,,,,78590941,78590954
49001,49001,4,,,,,,78590951,78590955
49001,49001,4,,,,,,78590950,78590958
49001,49001,4,,,,,,78590966,78590964
49001,49001,4,,,,,,78590961,78590970
49001,49001,4,,,,,,78590977,78590981
49001,49001,4,,,,,,78590984,78590985
49001,49001,4,,,,,,78590990,78590991
49001,49001,4,,,,,,78590988,78590994
49001,49001,4,,,,,,78591029,78591036
49001,49001,4,,,,,,78590920,78590931
49001,49001,4,,,,,,78590935,78590923
49001,49001,4,,,,,,78590937,78590933
49001,49001,4,,,,,,78590918,78590932
49001,49001,4,,,,,,78590934,78590928
49001,49001,4,,,,,,78590940,78590915
49001,49001,4,,,,,,78590922,78590930
49001,49001,4,,,,,,78590926,78590924
49001,49001,4,,,,,,78590945,78590946
49001,49001,4,,,,,,78590949,78590952
49001,49001,4,,,,,,78590953,78590956
49001,49001,4,,,,,,78590959,78590960
49001,49001,4,,,,,,78590957,78590969
49001,49001,4,,,,,,78590980,78590978
49001,49001,4,,,,,,78590983,78590986
49001,49001,4,,,,,,78590987,78590989
49001,49001,4,,,,,,78590982,78590993
49001,49001,4,,,,,,78590962,78590973
49001,49001,4,,,,,,78590967,78590972
49001,49001,4,,,,,,78590968,78590975
49001,49001,4,,,,,,78590976,78590963
49001,49001,4,,,,,,78590965,78590971
49001,49001,4,,,,,,78591005,78591013
49001,49001,4,,,,,,78591019,78591017
49001,49001,4,,,,,,78591021,78590995
49001,49001,4,,,,,,78591030,78591025
49001,49001,4,,,,,,78591024,78591028
49001,49001,4,,,,,,78591004,78591031
49001,49001,4,,,,,,78591000,78591020
49001,49001,4,,,,,,78591002,78591007
49001,49001,4,,,,,,78591006,78590998
49001,49001,4,,,,,,78591008,78591011
49001,49001,4,,,,,,78591018,78590996
49001,49001,4,,,,,,78591016,78590992
49001,49001,4,,,,,,78591026,78590999
49001,49001,4,,,,,,78591010,78591001
49001,49001,4,,,,,,78590997,78591014
49001,49001,4,,,,,,78591012,78591009
49001,49001,4,,,,,,78591003,78591023
49001,49001,4,,,,,,78591015,78591022
49001,49001,4,,,,,,78591027,78591034
49001,49001,4,,,,,,78591032,78591038
49001,49001,4,,,,,,78591051,78591056
49001,49001,4,,,,,,78591055,78591080
49001,49001,4,,,,,,78591085,78591053
49001,49001,4,,,,,,78591075,78591089
49001,49001,4,,,,,,78591076,78591052
49001,49001,4,,,,,,78591100,78591083
49001,49001,4,,,,,,78591064,78591095
49001,49001,4,,,,,,78591099,78591066
49001,49001,4,,,,,,78591071,78591062
49001,49001,4,,,,,,78591067,78591069
49001,49001,4,,,,,,78591078,78591060
49001,49001,4,,,,,,78591096,78591098
49001,49001,4,,,,,,78591091,78591073
49001,49001,4,,,,,,78591068,78591065
49001,49001,4,,,,,,78591072,78591092
49001,49001,4,,,,,,78591050,78591074
49001,49001,4,,,,,,78591087,78591058
49001,49001,4,,,,,,78591049,78591059
49001,49001,4,,,,,,78591086,78591079
49001,49001,4,,,,,,78591135,78591136
49001,49001,4,,,,,,78591146,78591143
49001,49001,4,,,,,,78591101,78591139
49001,49001,4,,,,,,78591141,78591144
49001,49001,4,,,,,,78591147,78591107
49001,49001,4,,,,,,78591125,78591142
49001,49001,4,,,,,,78591115,78591117
49001,49001,4,,,,,,78591118,78591121
49001,49001,4,,,,,,78591127,78591126
49001,49001,4,,,,,,78591113,78591132
49001,49001,4,,,,,,78591110,78591140
49001,49001,4,,,,,,78591130,78591131
49001,49001,4,,,,,,78591122,78591103
49001,49001,4,,,,,,78591129,78591124
49001,49001,4,,,,,,78591102,78591128
49001,49001,4,,,,,,78591104,78591123
49001,49001,4,,,,,,78591112,78591108
49001,49001,4,,,,,,78591133,78591106
49001,49001,4,,,,,,78591119,78591114
49001,49001,4,,,,,,78591150,78591149
49001,49001,4,,,,,,78591151,78591153
49001,49001,4,,,,,,78591152,78591148
49001,49001,4,,,,,,78591035,78591041
49001,49001,4,,,,,,78591043,78591047
49001,49001,4,,,,,,78591045,78591054
49001,49001,4,,,,,,78591077,78591097
49001,49001,4,,,,,,78591033,78591039
49001,49001,4,,,,,,78591042,78591046
49001,49001,4,,,,,,78591044,78591048
49001,49001,4,,,,,,78591081,78591090
49001,49001,4,,,,,,78591084,78591088
49001,49001,4,,,,,,78591094,78591063
49001,49001,4,,,,,,78591061,78591093
49001,49001,4,,,,,,78591105,78591138
49001,49001,4,,,,,,78591145,78591120
49001,49001,4,,,,,,78591137,78591109
49001,49001,4,,,,,,78204718,78204717
49001,49001,4,,,,,,78204712,78204713
49001,49001,4,,,,,,78204700,78204703
49001,49001,4,,,,,,78204705,78204704
49001,49001,4,,,,,,78204768,78204763
49001,49001,4,,,,,,78204775,78204777
49001,49001,4,,,,,,78204760,78204765
49001,49001,4,,,,,,78204772,78204762
49001,49001,4,,,,,,78204776,78204781
49001,49001,4,,,,,,78204859,78204855
49001,49001,4,,,,,,78204858,78204856
49001,49001,4,,,,,,78204834,78204831
49001,49001,4,,,,,,78204838,78204835
49001,49001,4,,,,,,78204861,78204865
49001,49001,4,,,,,,78204840,78204832
49001,49001,4,,,,,,78204867,78204872
49001,49001,4,,,,,,78204864,78204847
49001,49001,4,,,,,,78204846,78204843
49001,49001,4,,,,,,78204841,78204845
49001,49001,4,,,,,,78204839,78204842
49001,49001,4,,,,,,78204818,78204819
49001,49001,4,,,,,,78204814,78204817
49001,49001,4,,,,,,78204820,78204800
49001,49001,4,,,,,,78204837,78204815
49001,49001,4,,,,,,78204812,78204813
49001,49001,4,,,,,,78204816,78204811
49001,49001,4,,,,,,78204798,78204790
49001,49001,4,,,,,,78204799,78204795
49001,49001,4,,,,,,78204821,78204824
49001,49001,4,,,,,,78204825,78204822
49001,49001,4,,,,,,78204823,78204826
49001,49001,4,,,,,,78204898,78204903
49001,49001,4,,,,,,78204899,78204900
49001,49001,4,,,,,,78204876,78204877
49001,49001,4,,,,,,78204875,78204869
49001,49001,4,,,,,,78204871,78204874
49001,49001,4,,,,,,78204870,78204848
49001,49001,4,,,,,,78204909,78204913
49001,49001,4,,,,,,78204910,78204911
49001,49001,4,,,,,,78204887,78204889
49001,49001,4,,,,,,78204907,78204908
49001,49001,4,,,,,,78204901,78204904
49001,49001,4,,,,,,78204905,78204883
49001,49001,4,,,,,,78204879,78204881
49001,49001,4,,,,,,78204880,78204873
49001,49001,4,,,,,,78204878,78204882
49001,49001,4,,,,,,78204854,78204857
49001,49001,4,,,,,,78204914,78204916
49001,49001,4,,,,,,78204912,78204915
49001,49001,4,,,,,,78204918,78204893
49001,49001,4,,,,,,78204897,78204894
49001,49001,4,,,,,,78204892,78204895
49001,49001,4,,,,,,78204896,78204891
49001,49001,4,,,,,,78204866,78204868
49001,49001,4,,,,,,78204884,78204888
49001,49001,4,,,,,,78204890,78204863
49001,49001,4,,,,,,78204851,78204853
49001,49001,4,,,,,,78204850,78204849
49001,49001,4,,,,,,78204852,78204829
49001,49001,4,,,,,,78204830,78204827
49001,49001,4,,,,,,78204828,78204833
49001,49001,4,,,,,,78204806,78204804
49001,49001,4,,,,,,78204807,78204810
49001,49001,4,,,,,,78204809,78204793
49001,49001,4,,,,,,78204791,78204789
49001,49001,4,,,,,,78204792,78204788
49001,49001,4,,,,,,78204801,78204802
49001,49001,4,,,,,,78204803,78204786
49001,49001,4,,,,,,78204787,78204780
49001,49001,4,,,,,,78204756,78204754
49001,49001,4,,,,,,78204797,78204782
49001,49001,4,,,,,,78204778,78204753
49001,49001,4,,,,,,78204748,78204747
49001,49001,4,,,,,,78204751,78204742
49001,49001,4,,,,,,78204744,78204737
49001,49001,4,,,,,,78204796,78204794
49001,49001,4,,,,,,78204784,78204785
49001,49001,4,,,,,,78204757,78204755
49001,49001,4,,,,,,78204749,78204750
49001,49001,4,,,,,,78204779,78204761
49001,49001,4,,,,,,78204771,78204758
49001,49001,4,,,,,,78204774,78204764
49001,49001,4,,,,,,78204769,78204766
49001,49001,4,,,,,,78204773,78204767
49001,49001,4,,,,,,78204759,78204770
49001,49001,4,,,,,,78204752,78204745
49001,49001,4,,,,,,78204736,78204741
49001,49001,4,,,,,,78204740,78204739
49001,49001,4,,,,,,78204720,78204725
49001,49001,4,,,,,,78204735,78204728
49001,49001,4,,,,,,78204727,78204721
49001,49001,4,,,,,,78204729,78204730
49001,49001,4,,,,,,78204731,78204732
49001,49001,4,,,,,,78204733,78204734
49001,49001,4,,,,,,78204723,78204724
49001,49001,4,,,,,,78204738,78204722
49001,49001,4,,,,,,78204726,78204715
49001,49001,4,,,,,,78204719,78204716
49001,49001,4,,,,,,78204714,78204702
49001,49001,4,,,,,,78204701,78204707
49001,49001,4,,,,,,78204708,78204706
49001,49001,4,,,,,,78204711,78204710
49001,49001,4,,,,,,78209758,78209790
49001,49001,4,,,,,,78209762,78209787
49001,49001,4,,,,,,78209766,78209859
49001,49001,4,,,,,,78209798,78209842
49001,49001,4,,,,,,78209808,78209849
49001,49001,4,,,,,,78209811,78209851
49001,49001,4,,,,,,78209835,78209876
49001,49001,4,,,,,,78209838,78209882
49001,49001,4,,,,,,78209884,78209929
49001,49001,4,,,,,,78209837,78209878
49001,49001,4,,,,,,78209841,78209883
49001,49001,4,,,,,,78209886,78209927
49001,49001,4,,,,,,78209894,78209935
49001,49001,4,,,,,,78209815,78209855
49001,49001,4,,,,,,78209819,78209796
49001,49001,4,,,,,,78209823,78209862
49001,49001,4,,,,,,78209829,78209866
49001,49001,4,,,,,,78209834,78209867
49001,49001,4,,,,,,78209836,78209879
49001,49001,4,,,,,,78209839,78209880
49001,49001,4,,,,,,78209889,78209930
49001,49001,4,,,,,,78209891,78209933
49001,49001,4,,,,,,78209896,78209937
49001,49001,4,,,,,,78209900,78209944
49001,49001,4,,,,,,78209840,78209881
49001,49001,4,,,,,,78209890,78209931
49001,49001,4,,,,,,78209888,78209934
49001,49001,4,,,,,,78209885,78209928
49001,49001,4,,,,,,78209887,78209932
49001,49001,4,,,,,,78209898,78209938
49001,49001,4,,,,,,78209897,78209943
49001,49001,4,,,,,,78209907,78209948
49001,49001,4,,,,,,78209911,78209952
49001,49001,4,,,,,,78209892,78209925
49001,49001,4,,,,,,78209899,78209939
49001,49001,4,,,,,,78209893,78209936
49001,49001,4,,,,,,78209901,78209940
49001,49001,4,,,,,,78209903,78209949
49001,49001,4,,,,,,78209912,78209953
49001,49001,4,,,,,,78209910,78209955
49001,49001,4,,,,,,78209918,78209959
49001,49001,4,,,,,,78209922,78209966
49001,49001,4,,,,,,78209895,78209942
49001,49001,4,,,,,,78209906,78209946
49001,49001,4,,,,,,78209909,78209950
49001,49001,4,,,,,,78209908,78209947
49001,49001,4,,,,,,78209915,78209957
49001,49001,4,,,,,,78209920,78209963
49001,49001,4,,,,,,78209924,78209961
49001,49001,4,,,,,,78209902,78209941
49001,49001,4,,,,,,78209905,78209945
49001,49001,4,,,,,,78209904,78209954
49001,49001,4,,,,,,78209914,78209956
49001,49001,4,,,,,,78209919,78209960
49001,49001,4,,,,,,78209923,78209964
49001,49001,4,,,,,,78209926,78209967
49001,49001,4,,,,,,78209913,78209951
49001,49001,4,,,,,,78209916,78209958
49001,49001,4,,,,,,78209917,78209962
49001,49001,4,,,,,,78209921,78209965
49001,49001,4,,,,,,78209761,78209794
49001,49001,4,,,,,,78209765,78209852
49001,49001,4,,,,,,78209769,78209791
49001,49001,4,,,,,,78209805,78209843
49001,49001,4,,,,,,78209809,78209854
49001,49001,4,,,,,,78209814,78209858
49001,49001,4,,,,,,78209802,78209844
49001,49001,4,,,,,,78209804,78209850
49001,49001,4,,,,,,78209812,78209847
49001,49001,4,,,,,,78209818,78209864
49001,49001,4,,,,,,78209820,78209863
49001,49001,4,,,,,,78209827,78209865
49001,49001,4,,,,,,78209817,78209793
49001,49001,4,,,,,,78209824,78209868
49001,49001,4,,,,,,78209825,78209872
49001,49001,4,,,,,,78209833,78209877
49001,49001,4,,,,,,78209810,78209795
49001,49001,4,,,,,,78209822,78209861
49001,49001,4,,,,,,78209821,78209870
49001,49001,4,,,,,,78209813,78209801
49001,49001,4,,,,,,78209826,78209869
49001,49001,4,,,,,,78209828,78209871
49001,49001,4,,,,,,78209738,78209739
49001,49001,4,,,,,,78209742,78209773
49001,49001,4,,,,,,78209745,78209772
49001,49001,4,,,,,,78209748,78209778
49001,49001,4,,,,,,78209751,78209784
49001,49001,4,,,,,,78209754,78209785
49001,49001,4,,,,,,78209757,78209789
49001,49001,4,,,,,,78209740,78209770
49001,49001,4,,,,,,78209743,78209774
49001,49001,4,,,,,,78209746,78209779
49001,49001,4,,,,,,78209749,78209776
49001,49001,4,,,,,,78209752,78209782
49001,49001,4,,,,,,78209741,78209771
49001,49001,4,,,,,,78209744,78209775
49001,49001,4,,,,,,78209747,78209777
49001,49001,4,,,,,,78209750,78209783
49001,49001,4,,,,,,78209753,78209781
49001,49001,4,,,,,,78209755,78209780
49001,49001,4,,,,,,78209759,78209788
49001,49001,4,,,,,,78209763,78209797
49001,49001,4,,,,,,78209767,78209860
49001,49001,4,,,,,,78209803,78209845
49001,49001,4,,,,,,78209806,78209848
49001,49001,4,,,,,,78209756,78209786
49001,49001,4,,,,,,78209760,78209792
49001,49001,4,,,,,,78209764,78209857
49001,49001,4,,,,,,78209768,78209800
49001,49001,4,,,,,,78209799,78209846
49001,49001,4,,,,,,78209807,78209853
49001,49001,4,,,,,,78613863,78613866
49001,49001,4,,,,,,78613862,78613861
49001,49001,4,,,,,,78613865,78613868
49001,49001,4,,,,,,78613893,78613892
49001,49001,4,,,,,,78613884,78613876
49001,49001,4,,,,,,78613888,78613886
49001,49001,4,,,,,,78613870,78613878
49001,49001,4,,,,,,78613874,78613898
49001,49001,4,,,,,,78613891,78613896
49001,49001,4,,,,,,78613890,78613903
49001,49001,4,,,,,,78613897,78613904
49001,49001,4,,,,,,78613900,78613907
49001,49001,4,,,,,,78613916,78613913
49001,49001,4,,,,,,78613910,78613922
49001,49001,4,,,,,,78613926,78613930
49001,49001,4,,,,,,78613933,78613934
49001,49001,4,,,,,,78613939,78613940
49001,49001,4,,,,,,78613869,78613881
49001,49001,4,,,,,,78613887,78613872
49001,49001,4,,,,,,78613885,78613879
49001,49001,4,,,,,,78613867,78613882
49001,49001,4,,,,,,78613883,78613877
49001,49001,4,,,,,,78613889,78613864
49001,49001,4,,,,,,78613871,78613880
49001,49001,4,,,,,,78613875,78613873
49001,49001,4,,,,,,78613894,78613895
49001,49001,4,,,,,,78613899,78613901
49001,49001,4,,,,,,78613902,78613905
49001,49001,4,,,,,,78613908,78613909
49001,49001,4,,,,,,78613906,78613918
49001,49001,4,,,,,,78613911,78613921
49001,49001,4,,,,,,78613917,78613920
49001,49001,4,,,,,,78613914,78613924
49001,49001,4,,,,,,78613925,78613912
49001,49001,4,,,,,,78613915,78613919
49001,49001,4,,,,,,78613954,78613962
49001,49001,4,,,,,,78613968,78613970
49001,49001,4,,,,,,78613967,78613944
49001,49001,4,,,,,,78613979,78613974
49001,49001,4,,,,,,78613973,78613977
49001,49001,4,,,,,,78614000,78614002
49001,49001,4,,,,,,78614004,78614029
49001,49001,4,,,,,,78614034,78614001
49001,49001,4,,,,,,78614024,78614038
49001,49001,4,,,,,,78614025,78614005
49001,49001,4,,,,,,78614049,78614032
49001,49001,4,,,,,,78614013,78614044
49001,49001,4,,,,,,78614048,78614015
49001,49001,4,,,,,,78614021,78614011
49001,49001,4,,,,,,78614016,78614018
49001,49001,4,,,,,,78614020,78614031
49001,49001,4,,,,,,78614027,78614009
49001,49001,4,,,,,,78614045,78614047
49001,49001,4,,,,,,78614037,78614019
49001,49001,4,,,,,,78614017,78614014
49001,49001,4,,,,,,78614022,78614041
49001,49001,4,,,,,,78613999,78614023
49001,49001,4,,,,,,78614040,78614007
49001,49001,4,,,,,,78613998,78614008
49001,49001,4,,,,,,78614035,78614028
49001,49001,4,,,,,,78614084,78614085
49001,49001,4,,,,,,78614095,78614089
49001,49001,4,,,,,,78614050,78614088
49001,49001,4,,,,,,78614091,78614093
49001,49001,4,,,,,,78614096,78614057
49001,49001,4,,,,,,78614075,78614092
49001,49001,4,,,,,,78614064,78614066
49001,49001,4,,,,,,78614067,78614070
49001,49001,4,,,,,,78614076,78614072
49001,49001,4,,,,,,78614062,78614081
49001,49001,4,,,,,,78614059,78614090
49001,49001,4,,,,,,78614079,78614080
49001,49001,4,,,,,,78614074,78614052
49001,49001,4,,,,,,78614078,78614073
49001,49001,4,,,,,,78614051,78614077
49001,49001,4,,,,,,78614099,78614098
49001,49001,4,,,,,,78614100,78614102
49001,49001,4,,,,,,78614101,78614097
49001,49001,4,,,,,,78613950,78613969
49001,49001,4,,,,,,78613952,78613956
49001,49001,4,,,,,,78613955,78613947
49001,49001,4,,,,,,78613957,78613960
49001,49001,4,,,,,,78613966,78613945
49001,49001,4,,,,,,78613965,78613941
49001,49001,4,,,,,,78613975,78613948
49001,49001,4,,,,,,78613959,78613951
49001,49001,4,,,,,,78613946,78613963
49001,49001,4,,,,,,78613961,78613958
49001,49001,4,,,,,,78613949,78613972
49001,49001,4,,,,,,78613964,78613971
49001,49001,4,,,,,,78613976,78613983
49001,49001,4,,,,,,78613981,78613984
49001,49001,4,,,,,,78614061,78614054
49001,49001,4,,,,,,78614082,78614056
49001,49001,4,,,,,,78614068,78614063
49001,49001,4,,,,,,78614060,78614065
49001,49001,4,,,,,,78614055,78614087
49001,49001,4,,,,,,78614094,78614069
49001,49001,4,,,,,,78614086,78614058
49001,49001,4,,,,,,78615090,78615102
49001,49001,4,,,,,,78613985,78613990
49001,49001,4,,,,,,78613992,78613996
49001,49001,4,,,,,,78613994,78614003
49001,49001,4,,,,,,78614026,78614046
49001,49001,4,,,,,,78613982,78613988
49001,49001,4,,,,,,78613991,78613995
49001,49001,4,,,,,,78613993,78613997
49001,49001,4,,,,,,78614030,78614039
49001,49001,4,,,,,,78614033,78614036
49001,49001,4,,,,,,78614043,78614012
49001,49001,4,,,,,,78614010,78614042
49001,49001,4,,,,,,78615087,78615088
49001,49001,4,,,,,,78613929,78613927
49001,49001,4,,,,,,78613931,78613932
49001,49001,4,,,,,,78613936,78613938
49001,49001,4,,,,,,78613935,78613942
49001,49001,4,,,,,,78613937,78613943
49001,49001,4,,,,,,78613978,78613986
49001,49001,4,,,,,,78613987,78613989
49001,49001,4,,,,,,78611867,78611870
49001,49001,4,,,,,,78611866,78611865
49001,49001,4,,,,,,78611869,78611872
49001,49001,4,,,,,,78611897,78611896
49001,49001,4,,,,,,78611888,78611880
49001,49001,4,,,,,,78611892,78611890
49001,49001,4,,,,,,78611874,78611882
49001,49001,4,,,,,,78611875,78611901
49001,49001,4,,,,,,78611895,78611900
49001,49001,4,,,,,,78611894,78611907
49001,49001,4,,,,,,78611873,78611885
49001,49001,4,,,,,,78611891,78611877
49001,49001,4,,,,,,78611889,78611886
49001,49001,4,,,,,,78611871,78611884
49001,49001,4,,,,,,78611915,78611925
49001,49001,4,,,,,,78611921,78611924
49001,49001,4,,,,,,78611922,78611928
49001,49001,4,,,,,,78611929,78611916
49001,49001,4,,,,,,78611918,78611923
49001,49001,4,,,,,,78611958,78611966
49001,49001,4,,,,,,78611971,78611973
49001,49001,4,,,,,,78611974,78611945
49001,49001,4,,,,,,78611980,78611978
49001,49001,4,,,,,,78611977,78611982
49001,49001,4,,,,,,78611954,78611984
49001,49001,4,,,,,,78611953,78611972
49001,49001,4,,,,,,78611956,78611960
49001,49001,4,,,,,,78611959,78611951
49001,49001,4,,,,,,78611961,78611964
49001,49001,4,,,,,,78611970,78611949
49001,49001,4,,,,,,78611969,78611946
49001,49001,4,,,,,,78611979,78611952
49001,49001,4,,,,,,78611963,78611955
49001,49001,4,,,,,,78611950,78611967
49001,49001,4,,,,,,78611965,78611962
49001,49001,4,,,,,,78611957,78611976
49001,49001,4,,,,,,78612004,78612009
49001,49001,4,,,,,,78612007,78612033
49001,49001,4,,,,,,78612038,78612005
49001,49001,4,,,,,,78612028,78612041
49001,49001,4,,,,,,78612029,78612008
49001,49001,4,,,,,,78612050,78612036
49001,49001,4,,,,,,78612018,78612048
49001,49001,4,,,,,,78612053,78612019
49001,49001,4,,,,,,78612025,78612016
49001,49001,4,,,,,,78612020,78612022
49001,49001,4,,,,,,78612031,78612013
49001,49001,4,,,,,,78612049,78612052
49001,49001,4,,,,,,78612044,78612027
49001,49001,4,,,,,,78612021,78612015
49001,49001,4,,,,,,78612026,78612045
49001,49001,4,,,,,,78612003,78612024
49001,49001,4,,,,,,78612043,78612011
49001,49001,4,,,,,,78612002,78612012
49001,49001,4,,,,,,78612039,78612032
49001,49001,4,,,,,,78612088,78612089
49001,49001,4,,,,,,78612099,78612097
49001,49001,4,,,,,,78612054,78612092
49001,49001,4,,,,,,78612095,78612094
49001,49001,4,,,,,,78612100,78612061
49001,49001,4,,,,,,78612078,78612096
49001,49001,4,,,,,,78612068,78612070
49001,49001,4,,,,,,78612071,78612074
49001,49001,4,,,,,,78612080,78612079
49001,49001,4,,,,,,78612066,78612086
49001,49001,4,,,,,,78612063,78612093
49001,49001,4,,,,,,78612083,78612084
49001,49001,4,,,,,,78612077,78612056
49001,49001,4,,,,,,78612082,78612076
49001,49001,4,,,,,,78612055,78612081
49001,49001,4,,,,,,78611893,78611868
49001,49001,4,,,,,,78611876,78611883
49001,49001,4,,,,,,78611879,78611878
49001,49001,4,,,,,,78611898,78611899
49001,49001,4,,,,,,78611902,78611905
49001,49001,4,,,,,,78611906,78611909
49001,49001,4,,,,,,78611913,78611910
49001,49001,4,,,,,,78611911,78611919
49001,49001,4,,,,,,78612103,78612102
49001,49001,4,,,,,,78612104,78612106
49001,49001,4,,,,,,78612105,78612101
49001,49001,4,,,,,,78611903,78611912
49001,49001,4,,,,,,78611920,78611917
49001,49001,4,,,,,,78611914,78611926
49001,49001,4,,,,,,78611930,78611934
49001,49001,4,,,,,,78611936,78611937
49001,49001,4,,,,,,78611943,78611944
49001,49001,4,,,,,,78611933,78611931
49001,49001,4,,,,,,78611935,78611939
49001,49001,4,,,,,,78612057,78612075
49001,49001,4,,,,,,78612065,78612062
49001,49001,4,,,,,,78612087,78612060
49001,49001,4,,,,,,78611941,78611948
49001,49001,4,,,,,,78611983,78611990
49001,49001,4,,,,,,78611991,78611993
49001,49001,4,,,,,,78611938,78611947
49001,49001,4,,,,,,78611981,78611987
49001,49001,4,,,,,,78611985,78611992
49001,49001,4,,,,,,78612072,78612067
49001,49001,4,,,,,,78612064,78612069
49001,49001,4,,,,,,78612058,78612091
49001,49001,4,,,,,,78612098,78612073
49001,49001,4,,,,,,78612090,78612059
49001,49001,4,,,,,,78613099,78613113
49001,49001,4,,,,,,78611988,78611994
49001,49001,4,,,,,,78611996,78612000
49001,49001,4,,,,,,78611998,78612006
49001,49001,4,,,,,,78612030,78612051
49001,49001,4,,,,,,78611986,78611989
49001,49001,4,,,,,,78611995,78611999
49001,49001,4,,,,,,78611997,78612001
49001,49001,4,,,,,,78612037,78612040
49001,49001,4,,,,,,78612047,78612017
49001,49001,4,,,,,,78612014,78612046
49001,49001,4,,,,,,78613096,78613097
49001,49001,4,,,,,,78434454,78434464
49001,49001,4,,,,,,78434469,78434451
49001,49001,4,,,,,,78434471,78434472
49001,49001,4,,,,,,78434484,78434460
49001,49001,4,,,,,,78434479,78434473
49001,49001,4,,,,,,78434458,78434461
49001,49001,4,,,,,,78434474,78434453
49001,49001,4,,,,,,78434456,78434501
49001,49001,4,,,,,,78434483,78434500
49001,49001,4,,,,,,78434459,78434496
49001,49001,4,,,,,,78434502,78434498
49001,49001,4,,,,,,78434504,78434506
49001,49001,4,,,,,,78434510,78434490
49001,49001,4,,,,,,78434508,78434514
49001,49001,4,,,,,,78434522,78434524
49001,49001,4,,,,,,78434519,78434516
49001,49001,4,,,,,,78434438,78434436
49001,49001,4,,,,,,78434518,78434435
49001,49001,4,,,,,,78434446,78434440
49001,49001,4,,,,,,78434466,78434476
49001,49001,4,,,,,,78434481,78434467
49001,49001,4,,,,,,78434480,78434455
49001,49001,4,,,,,,78434465,78434477
49001,49001,4,,,,,,78434478,78434457
49001,49001,4,,,,,,78434482,78434463
49001,49001,4,,,,,,78434452,78434475
49001,49001,4,,,,,,78434468,78434470
49001,49001,4,,,,,,78434485,78434462
49001,49001,4,,,,,,78434493,78434497
49001,49001,4,,,,,,78434503,78434505
49001,49001,4,,,,,,78434499,78434507
49001,49001,4,,,,,,78434495,78434511
49001,49001,4,,,,,,78434491,78434527
49001,49001,4,,,,,,78434521,78434523
49001,49001,4,,,,,,78434515,78434526
49001,49001,4,,,,,,78434517,78434439
49001,49001,4,,,,,,78434525,78434437
49001,49001,4,,,,,,78434509,78434513
49001,49001,4,,,,,,78434494,78434489
49001,49001,4,,,,,,78434487,78434492
49001,49001,4,,,,,,78434520,78434486
49001,49001,4,,,,,,78434488,78434512
49001,49001,4,,,,,,78434588,78434599
49001,49001,4,,,,,,78434602,78434604
49001,49001,4,,,,,,78434605,78434593
49001,49001,4,,,,,,78434620,78434618
49001,49001,4,,,,,,78434614,78434607
49001,49001,4,,,,,,78434577,78434622
49001,49001,4,,,,,,78434587,78434603
49001,49001,4,,,,,,78434591,78434589
49001,49001,4,,,,,,78434580,78434581
49001,49001,4,,,,,,78434596,78434585
49001,49001,4,,,,,,78434601,78434590
49001,49001,4,,,,,,78434600,78434592
49001,49001,4,,,,,,78434606,78434584
49001,49001,4,,,,,,78434578,78434594
49001,49001,4,,,,,,78434595,78434582
49001,49001,4,,,,,,78434598,78434597
49001,49001,4,,,,,,78434579,78434623
49001,49001,4,,,,,,78434583,78434586
49001,49001,4,,,,,,78434616,78434538
49001,49001,4,,,,,,78434537,78434559
49001,49001,4,,,,,,78434573,78434617
49001,49001,4,,,,,,78434532,78434564
49001,49001,4,,,,,,78434555,78434541
49001,49001,4,,,,,,78434565,78434568
49001,49001,4,,,,,,78434545,78434575
49001,49001,4,,,,,,78434569,78434550
49001,49001,4,,,,,,78434548,78434547
49001,49001,4,,,,,,78434539,78434535
49001,49001,4,,,,,,78434546,78434557
49001,49001,4,,,,,,78434534,78434542
49001,49001,4,,,,,,78434563,78434567
49001,49001,4,,,,,,78434560,78434553
49001,49001,4,,,,,,78434533,78434549
49001,49001,4,,,,,,78434551,78434562
49001,49001,4,,,,,,78434612,78434554
49001,49001,4,,,,,,78434566,78434552
49001,49001,4,,,,,,78434611,78434540
49001,49001,4,,,,,,78434574,78434561
49001,49001,4,,,,,,78434650,78434676
49001,49001,4,,,,,,78434680,78434655
49001,49001,4,,,,,,78434633,78434653
49001,49001,4,,,,,,78434654,78434679
49001,49001,4,,,,,,78434661,78434639
49001,49001,4,,,,,,78434665,78434678
49001,49001,4,,,,,,78434637,78434664
49001,49001,4,,,,,,78434663,78434670
49001,49001,4,,,,,,78434669,78434667
49001,49001,4,,,,,,78434645,78434659
49001,49001,4,,,,,,78434646,78434677
49001,49001,4,,,,,,78434668,78434651
49001,49001,4,,,,,,78434660,78434636
49001,49001,4,,,,,,78434672,78434649
49001,49001,4,,,,,,78434634,78434657
49001,49001,4,,,,,,78434684,78434658
49001,49001,4,,,,,,78434685,78434682
49001,49001,4,,,,,,78434683,78434681
49001,49001,4,,,,,,78434640,78434671
49001,49001,4,,,,,,78434647,78434642
49001,49001,4,,,,,,78434652,78434635
49001,49001,4,,,,,,78434556,78434558
49001,49001,4,,,,,,78434571,78434570
49001,49001,4,,,,,,78434572,78434543
49001,49001,4,,,,,,78434536,78434576
49001,49001,4,,,,,,78434441,78434444
49001,49001,4,,,,,,78434445,78434448
49001,49001,4,,,,,,78434447,78434427
49001,49001,4,,,,,,78434428,78434429
49001,49001,4,,,,,,78434624,78434615
49001,49001,4,,,,,,78434613,78434610
49001,49001,4,,,,,,78434619,78434625
49001,49001,4,,,,,,78434608,78434609
49001,49001,4,,,,,,78434621,78434626
49001,49001,4,,,,,,78434666,78434648
49001,49001,4,,,,,,78434644,78434638
49001,49001,4,,,,,,78434641,78434675
49001,49001,4,,,,,,78434656,78434662
49001,49001,4,,,,,,78434674,78434643
49001,49001,4,,,,,,78817238,78817281
49001,49001,4,,,,,,78817240,78817288
49001,49001,4,,,,,,78817250,78817291
49001,49001,4,,,,,,78817254,78817299
49001,49001,4,,,,,,78817262,78817300
49001,49001,4,,,,,,78817260,78817305
49001,49001,4,,,,,,78817268,78817309
49001,49001,4,,,,,,78817272,78817317
49001,49001,4,,,,,,78817246,78817282
49001,49001,4,,,,,,78817247,78817292
49001,49001,4,,,,,,78817252,78817296
49001,49001,4,,,,,,78817259,78817301
49001,49001,4,,,,,,78817258,78817297
49001,49001,4,,,,,,78817266,78817307
49001,49001,4,,,,,,78817270,78817313
49001,49001,4,,,,,,78817274,78817311
49001,49001,4,,,,,,78817245,78817287
49001,49001,4,,,,,,78817244,78817289
49001,49001,4,,,,,,78817256,78817298
49001,49001,4,,,,,,78817261,78817303
49001,49001,4,,,,,,78817264,78817302
49001,49001,4,,,,,,78817263,78817308
49001,49001,4,,,,,,78817267,78817312
49001,49001,4,,,,,,78817271,78817316
49001,49001,4,,,,,,78817251,78817294
49001,49001,4,,,,,,78817255,78817295
49001,49001,4,,,,,,78817257,78817304
49001,49001,4,,,,,,78817265,78817306
49001,49001,4,,,,,,78817269,78817310
49001,49001,4,,,,,,78817273,78817315
49001,49001,4,,,,,,78817276,78817314
49001,49001,4,,,,,,78817115,78817202
49001,49001,4,,,,,,78817119,78817140
49001,49001,4,,,,,,78817152,78817193
49001,49001,4,,,,,,78817159,78817205
49001,49001,4,,,,,,78817164,78817210
49001,49001,4,,,,,,78817163,78817151
49001,49001,4,,,,,,78817175,78817215
49001,49001,4,,,,,,78817117,78817207
49001,49001,4,,,,,,78817154,78817195
49001,49001,4,,,,,,78817156,78817198
49001,49001,4,,,,,,78817165,78817206
49001,49001,4,,,,,,78817166,78817145
49001,49001,4,,,,,,78817170,78817216
49001,49001,4,,,,,,78817180,78817217
49001,49001,4,,,,,,78817118,78817150
49001,49001,4,,,,,,78817149,78817196
49001,49001,4,,,,,,78817157,78817204
49001,49001,4,,,,,,78817153,78817194
49001,49001,4,,,,,,78817155,78817200
49001,49001,4,,,,,,78817162,78817197
49001,49001,4,,,,,,78817160,78817141
49001,49001,4,,,,,,78817174,78817208
49001,49001,4,,,,,,78817173,78817219
49001,49001,4,,,,,,78817167,78817203
49001,49001,4,,,,,,78817168,78817146
49001,49001,4,,,,,,78817171,78817218
49001,49001,4,,,,,,78817179,78817222
49001,49001,4,,,,,,78817172,78817212
49001,49001,4,,,,,,78817176,78817214
49001,49001,4,,,,,,78817181,78817223
49001,49001,4,,,,,,78817088,78817089
49001,49001,4,,,,,,78817092,78817123
49001,49001,4,,,,,,78817095,78817122
49001,49001,4,,,,,,78817098,78817128
49001,49001,4,,,,,,78817101,78817136
49001,49001,4,,,,,,78817104,78817137
49001,49001,4,,,,,,78817107,78817138
49001,49001,4,,,,,,78817111,78817144
49001,49001,4,,,,,,78817090,78817120
49001,49001,4,,,,,,78817093,78817124
49001,49001,4,,,,,,78817096,78817130
49001,49001,4,,,,,,78817099,78817126
49001,49001,4,,,,,,78817102,78817129
49001,49001,4,,,,,,78817105,78817131
49001,49001,4,,,,,,78817109,78817142
49001,49001,4,,,,,,78817113,78817147
49001,49001,4,,,,,,78817091,78817121
49001,49001,4,,,,,,78817094,78817125
49001,49001,4,,,,,,78817097,78817127
49001,49001,4,,,,,,78817100,78817135
49001,49001,4,,,,,,78817103,78817132
49001,49001,4,,,,,,78817106,78817133
49001,49001,4,,,,,,78817110,78817143
49001,49001,4,,,,,,78817114,78817209
49001,49001,4,,,,,,78817108,78817139
49001,49001,4,,,,,,78817112,78817134
49001,49001,4,,,,,,78817116,78817211
49001,49001,4,,,,,,78817148,78817189
49001,49001,4,,,,,,78817158,78817199
49001,49001,4,,,,,,78817161,78817201
49001,49001,4,,,,,,78817169,78817213
49001,49001,4,,,,,,78817185,78817227
49001,49001,4,,,,,,78817188,78817232
49001,49001,4,,,,,,78817234,78817280
49001,49001,4,,,,,,78817243,78817275
49001,49001,4,,,,,,78817253,78817290
49001,49001,4,,,,,,78817183,78817224
49001,49001,4,,,,,,78817187,78817229
49001,49001,4,,,,,,78817192,78817233
49001,49001,4,,,,,,78817236,78817278
49001,49001,4,,,,,,78817184,78817220
49001,49001,4,,,,,,78817186,78817226
49001,49001,4,,,,,,78817235,78817279
49001,49001,4,,,,,,78817237,78817284
49001,49001,4,,,,,,78817190,78817230
49001,49001,4,,,,,,78817239,78817277
49001,49001,4,,,,,,78817177,78817221
49001,49001,4,,,,,,78817178,78817225
49001,49001,4,,,,,,78817191,78817231
49001,49001,4,,,,,,78817241,78817283
49001,49001,4,,,,,,78817242,78817285
49001,49001,4,,,,,,78817248,78817286
49001,49001,4,,,,,,78817249,78817293
49001,49001,4,,,,,,78678405,78678408
49001,49001,4,,,,,,78678404,78678403
49001,49001,4,,,,,,78678407,78678410
49001,49001,4,,,,,,78678435,78678434
49001,49001,4,,,,,,78678426,78678418
49001,49001,4,,,,,,78678430,78678428
49001,49001,4,,,,,,78678412,78678420
49001,49001,4,,,,,,78678416,78678439
49001,49001,4,,,,,,78678433,78678438
49001,49001,4,,,,,,78678432,78678445
49001,49001,4,,,,,,78678411,78678422
49001,49001,4,,,,,,78678429,78678414
49001,49001,4,,,,,,78678427,78678424
49001,49001,4,,,,,,78678409,78678423
49001,49001,4,,,,,,78678425,78678419
49001,49001,4,,,,,,78678431,78678406
49001,49001,4,,,,,,78678413,78678421
49001,49001,4,,,,,,78678417,78678415
49001,49001,4,,,,,,78678436,78678437
49001,49001,4,,,,,,78678440,78678443
49001,49001,4,,,,,,78678444,78678447
49001,49001,4,,,,,,78678450,78678451
49001,49001,4,,,,,,78678448,78678460
49001,49001,4,,,,,,78678453,78678463
49001,49001,4,,,,,,78678458,78678462
49001,49001,4,,,,,,78678459,78678466
49001,49001,4,,,,,,78678467,78678454
49001,49001,4,,,,,,78678456,78678461
49001,49001,4,,,,,,78678496,78678504
49001,49001,4,,,,,,78678509,78678511
49001,49001,4,,,,,,78678512,78678486
49001,49001,4,,,,,,78678521,78678516
49001,49001,4,,,,,,78678515,78678519
49001,49001,4,,,,,,78678495,78678522
49001,49001,4,,,,,,78678491,78678510
49001,49001,4,,,,,,78678493,78678498
49001,49001,4,,,,,,78678497,78678489
49001,49001,4,,,,,,78678499,78678502
49001,49001,4,,,,,,78678508,78678487
49001,49001,4,,,,,,78678507,78678483
49001,49001,4,,,,,,78678517,78678490
49001,49001,4,,,,,,78678501,78678492
49001,49001,4,,,,,,78678488,78678505
49001,49001,4,,,,,,78678503,78678500
49001,49001,4,,,,,,78678494,78678514
49001,49001,4,,,,,,78678506,78678513
49001,49001,4,,,,,,78678518,78678525
49001,49001,4,,,,,,78678523,78678529
49001,49001,4,,,,,,78678542,78678547
49001,49001,4,,,,,,78678545,78678571
49001,49001,4,,,,,,78678576,78678543
49001,49001,4,,,,,,78678566,78678579
49001,49001,4,,,,,,78678567,78678546
49001,49001,4,,,,,,78678591,78678574
49001,49001,4,,,,,,78678555,78678586
49001,49001,4,,,,,,78678590,78678557
49001,49001,4,,,,,,78678562,78678553
49001,49001,4,,,,,,78678558,78678560
49001,49001,4,,,,,,78678569,78678551
49001,49001,4,,,,,,78678587,78678589
49001,49001,4,,,,,,78678582,78678564
49001,49001,4,,,,,,78678559,78678556
49001,49001,4,,,,,,78678563,78678583
49001,49001,4,,,,,,78678541,78678565
49001,49001,4,,,,,,78678581,78678549
49001,49001,4,,,,,,78678540,78678550
49001,49001,4,,,,,,78678577,78678570
49001,49001,4,,,,,,78678626,78678627
49001,49001,4,,,,,,78678637,78678634
49001,49001,4,,,,,,78678592,78678630
49001,49001,4,,,,,,78678632,78678635
49001,49001,4,,,,,,78678638,78678598
49001,49001,4,,,,,,78678616,78678633
49001,49001,4,,,,,,78678606,78678608
49001,49001,4,,,,,,78678609,78678612
49001,49001,4,,,,,,78678618,78678617
49001,49001,4,,,,,,78678604,78678623
49001,49001,4,,,,,,78678601,78678631
49001,49001,4,,,,,,78678621,78678622
49001,49001,4,,,,,,78678615,78678594
49001,49001,4,,,,,,78678620,78678614
49001,49001,4,,,,,,78678593,78678619
49001,49001,4,,,,,,78678595,78678613
49001,49001,4,,,,,,78678603,78678599
49001,49001,4,,,,,,78678624,78678597
49001,49001,4,,,,,,78678610,78678605
49001,49001,4,,,,,,78678526,78678532
49001,49001,4,,,,,,78678534,78678538
49001,49001,4,,,,,,78678536,78678544
49001,49001,4,,,,,,78678568,78678588
49001,49001,4,,,,,,78678524,78678530
49001,49001,4,,,,,,78678533,78678537
49001,49001,4,,,,,,78678535,78678539
49001,49001,4,,,,,,78678572,78678580
49001,49001,4,,,,,,78678575,78678578
49001,49001,4,,,,,,78678585,78678554
49001,49001,4,,,,,,78678552,78678584
49001,49001,4,,,,,,78678596,78678629
49001,49001,4,,,,,,78678636,78678611
49001,49001,4,,,,,,78678628,78678600
49001,49001,4,,,,,,78678641,78678640
49001,49001,4,,,,,,78678642,78678644
49001,49001,4,,,,,,78678643,78678639
49001,49001,4,,,,,,78678441,78678449
49001,49001,4,,,,,,78678457,78678455
49001,49001,4,,,,,,78678452,78678464
49001,49001,4,,,,,,78678468,78678472
49001,49001,4,,,,,,78678474,78678475
49001,49001,4,,,,,,78678481,78678482
49001,49001,4,,,,,,78678479,78678485
49001,49001,4,,,,,,78678520,78678527
49001,49001,4,,,,,,78678528,78678531
49001,49001,4,,,,,,78678471,78678469
49001,49001,4,,,,,,78678473,78678477
49001,49001,4,,,,,,78678478,78678480
49001,49001,4,,,,,,78678476,78678484
49795,49795,4,,,,,,78475897,78475896
49795,49795,4,,,,,,78475895,78475893
49795,49795,4,,,,,,78475887,78475891
49795,49795,4,,,,,,78475886,78475885
49795,49795,4,,,,,,78475889,78475888
49795,49795,4,,,,,,78475883,78475881
49795,49795,4,,,,,,78475882,78475880
49795,49795,4,,,,,,78527236,78527235
49795,49795,4,,,,,,78527234,78527232
49795,49795,4,,,,,,78527226,78527230
49795,49795,4,,,,,,78527225,78527224
49795,49795,4,,,,,,78527228,78527227
49795,49795,4,,,,,,78527222,78527220
49795,49795,4,,,,,,78527221,78527219
49795,49795,4,,,,,,78512848,78512847
49795,49795,4,,,,,,78512846,78512844
49795,49795,4,,,,,,78512838,78512842
49795,49795,4,,,,,,78512837,78512836
49795,49795,4,,,,,,78512840,78512839
49795,49795,4,,,,,,78512834,78512832
49795,49795,4,,,,,,78512833,78512831
49795,49795,4,,,,,,78522362,78522361
49795,49795,4,,,,,,78522360,78522358
49795,49795,4,,,,,,78522352,78522356
49795,49795,4,,,,,,78522351,78522350
49795,49795,4,,,,,,78522354,78522353
49795,49795,4,,,,,,78522348,78522346
49795,49795,4,,,,,,78522347,78522345
507,507,4,,,,,,78854203,78854244
507,507,4,,,,,,78854204,78854245
507,507,4,,,,,,78854215,78854211
507,507,4,,,,,,78854216,78854251
507,507,4,,,,,,78854217,78854212
507,507,4,,,,,,78854187,78854228
507,507,4,,,,,,78854188,78854229
507,507,4,,,,,,78854189,78854230
507,507,4,,,,,,78854190,78854231
507,507,4,,,,,,78854191,78854232
507,507,4,,,,,,78854194,78854233
507,507,4,,,,,,78854195,78854234
507,507,4,,,,,,78854196,78854235
507,507,4,,,,,,78854205,78854246
507,507,4,,,,,,78854206,78854247
507,507,4,,,,,,78854207,78854248
507,507,4,,,,,,78854208,78854250
507,507,4,,,,,,78854214,78854210
507,507,4,,,,,,78854218,78854223
507,507,4,,,,,,78854219,78854213
507,507,4,,,,,,78854220,78854249
507,507,4,,,,,,78854221,78854209
507,507,4,,,,,,78854222,78854224
507,507,4,,,,,,78854126,78854127
507,507,4,,,,,,78854129,78854128
507,507,4,,,,,,78854184,78854225
507,507,4,,,,,,78854185,78854226
507,507,4,,,,,,78854186,78854227
507,507,4,,,,,,78854192,78854236
507,507,4,,,,,,78854193,78854237
507,507,4,,,,,,78854197,78854238
507,507,4,,,,,,78854198,78854239
507,507,4,,,,,,78854199,78854240
507,507,4,,,,,,78854200,78854241
507,507,4,,,,,,78854201,78854242
507,507,4,,,,,,78854202,78854243
507,507,4,,,,,,78857650,78857691
507,507,4,,,,,,78857651,78857692
507,507,4,,,,,,78857662,78857658
507,507,4,,,,,,78857663,78857698
507,507,4,,,,,,78857664,78857659
507,507,4,,,,,,78857634,78857675
507,507,4,,,,,,78857635,78857676
507,507,4,,,,,,78857636,78857677
507,507,4,,,,,,78857637,78857678
507,507,4,,,,,,78857638,78857679
507,507,4,,,,,,78857641,78857680
507,507,4,,,,,,78857642,78857681
507,507,4,,,,,,78857643,78857682
507,507,4,,,,,,78857652,78857693
507,507,4,,,,,,78857653,78857694
507,507,4,,,,,,78857654,78857695
507,507,4,,,,,,78857655,78857697
507,507,4,,,,,,78857661,78857657
507,507,4,,,,,,78857665,78857670
507,507,4,,,,,,78857666,78857660
507,507,4,,,,,,78857667,78857696
507,507,4,,,,,,78857668,78857656
507,507,4,,,,,,78857669,78857671
507,507,4,,,,,,78857573,78857574
507,507,4,,,,,,78857576,78857575
507,507,4,,,,,,78857631,78857672
507,507,4,,,,,,78857632,78857673
507,507,4,,,,,,78857633,78857674
507,507,4,,,,,,78857639,78857683
507,507,4,,,,,,78857640,78857684
507,507,4,,,,,,78857644,78857685
507,507,4,,,,,,78857645,78857686
507,507,4,,,,,,78857646,78857687
507,507,4,,,,,,78857647,78857688
507,507,4,,,,,,78857648,78857689
507,507,4,,,,,,78857649,78857690
507,507,4,,,,,,78850453,78850454
507,507,4,,,,,,78850455,78850456
507,507,4,,,,,,78850457,78850458
507,507,4,,,,,,78850459,78850460
507,507,4,,,,,,78850461,78850462
507,507,4,,,,,,78850463,78850464
507,507,4,,,,,,78850391,78850392
507,507,4,,,,,,78850394,78850393
507,507,4,,,,,,78850398,78850395
507,507,4,,,,,,78850399,78850397
507,507,4,,,,,,78850400,78850396
507,507,4,,,,,,78850404,78850403
507,507,4,,,,,,78850405,78850401
507,507,4,,,,,,78850406,78850402
507,507,4,,,,,,78850416,78850409
507,507,4,,,,,,78850412,78850408
507,507,4,,,,,,78850417,78850415
507,507,4,,,,,,78850410,78850407
507,507,4,,,,,,78850411,78850418
507,507,4,,,,,,78850434,78850428
507,507,4,,,,,,78850437,78850431
507,507,4,,,,,,78850435,78850430
507,507,4,,,,,,78850436,78850432
507,507,4,,,,,,78850438,78850433
507,507,4,,,,,,78850445,78850440
507,507,4,,,,,,78850444,78850439
507,507,4,,,,,,78850443,78850441
507,507,4,,,,,,78850446,78850442
507,507,4,,,,,,78850450,78850447
507,507,4,,,,,,78850449,78850448
507,507,4,,,,,,78850452,78850451
507,507,4,,,,,,78850466,78850465
507,507,4,,,,,,78850467,78850469
507,507,4,,,,,,78850470,78850471
507,507,4,,,,,,78850472,78850468
507,507,4,,,,,,78850425,78850413
507,507,4,,,,,,78850426,78850419
507,507,4,,,,,,78850422,78850420
507,507,4,,,,,,78850423,78850421
507,507,4,,,,,,78850424,78850414
507,507,4,,,,,,78850427,78850429
507,507,4,,,,,,78851364,78851363
507,507,4,,,,,,78851362,78851360
507,507,4,,,,,,78851361,78851357
507,507,4,,,,,,78851359,78851358
507,507,4,,,,,,78851356,78851355
507,507,4,,,,,,78851354,78851353
507,507,4,,,,,,78851352,78851350
507,507,4,,,,,,78851351,78851347
507,507,4,,,,,,78851349,78851348
507,507,4,,,,,,78851346,78851345
507,507,4,,,,,,78851331,78851329
507,507,4,,,,,,78851328,78851327
507,507,4,,,,,,78851326,78851324
507,507,4,,,,,,78851325,78851323
507,507,4,,,,,,78851322,78851321
507,507,4,,,,,,78851320,78851318
507,507,4,,,,,,78851313,78851317
507,507,4,,,,,,78851309,78851316
507,507,4,,,,,,78851314,78851319
507,507,4,,,,,,78851315,78851308
507,507,4,,,,,,78851311,78851312
507,507,4,,,,,,78851310,78851307
507,507,4,,,,,,78851305,78851306
507,507,4,,,,,,78851304,78851303
507,507,4,,,,,,78851301,78851302
507,507,4,,,,,,78851299,78851300
507,507,4,,,,,,78851297,78851298
507,507,4,,,,,,78851295,78851296
507,507,4,,,,,,78851294,78851293
507,507,4,,,,,,78851292,78851291
507,507,4,,,,,,78851287,78851290
507,507,4,,,,,,78851289,78851288
507,507,4,,,,,,78851344,78851343
507,507,4,,,,,,78851342,78851340
507,507,4,,,,,,78851341,78851336
507,507,4,,,,,,78851339,78851337
507,507,4,,,,,,78851338,78851335
507,507,4,,,,,,78851334,78851333
507,507,4,,,,,,78851332,78851330
507,507,4,,,,,,78852854,78852895
507,507,4,,,,,,78852855,78852896
507,507,4,,,,,,78852866,78852862
507,507,4,,,,,,78852867,78852902
507,507,4,,,,,,78852868,78852863
507,507,4,,,,,,78852838,78852879
507,507,4,,,,,,78852839,78852880
507,507,4,,,,,,78852840,78852881
507,507,4,,,,,,78852841,78852882
507,507,4,,,,,,78852842,78852883
507,507,4,,,,,,78852845,78852884
507,507,4,,,,,,78852846,78852885
507,507,4,,,,,,78852847,78852886
507,507,4,,,,,,78852856,78852897
507,507,4,,,,,,78852857,78852898
507,507,4,,,,,,78852858,78852899
507,507,4,,,,,,78852859,78852901
507,507,4,,,,,,78852865,78852861
507,507,4,,,,,,78852869,78852874
507,507,4,,,,,,78852870,78852864
507,507,4,,,,,,78852871,78852900
507,507,4,,,,,,78852872,78852860
507,507,4,,,,,,78852873,78852875
507,507,4,,,,,,78852777,78852778
507,507,4,,,,,,78852780,78852779
507,507,4,,,,,,78852835,78852876
507,507,4,,,,,,78852836,78852877
507,507,4,,,,,,78852837,78852878
507,507,4,,,,,,78852843,78852887
507,507,4,,,,,,78852844,78852888
507,507,4,,,,,,78852848,78852889
507,507,4,,,,,,78852849,78852890
507,507,4,,,,,,78852850,78852891
507,507,4,,,,,,78852851,78852892
507,507,4,,,,,,78852852,78852893
507,507,4,,,,,,78852853,78852894
507,507,4,,,,,,78860295,78860294
507,507,4,,,,,,78860296,78860297
507,507,4,,,,,,78860298,78860299
507,507,4,,,,,,78860234,78860235
507,507,4,,,,,,78860237,78860236
507,507,4,,,,,,78860241,78860238
507,507,4,,,,,,78860242,78860240
507,507,4,,,,,,78860243,78860239
507,507,4,,,,,,78860247,78860246
507,507,4,,,,,,78860248,78860244
507,507,4,,,,,,78860249,78860245
507,507,4,,,,,,78860259,78860252
507,507,4,,,,,,78860255,78860251
507,507,4,,,,,,78860260,78860258
507,507,4,,,,,,78860278,78860273
507,507,4,,,,,,78860279,78860275
507,507,4,,,,,,78860281,78860276
507,507,4,,,,,,78860288,78860283
507,507,4,,,,,,78860287,78860282
507,507,4,,,,,,78860286,78860284
507,507,4,,,,,,78860289,78860285
507,507,4,,,,,,78860293,78860290
507,507,4,,,,,,78860292,78860291
507,507,4,,,,,,78860300,78860301
507,507,4,,,,,,78860302,78860303
507,507,4,,,,,,78860304,78860305
507,507,4,,,,,,78860306,78860307
507,507,4,,,,,,78860309,78860308
507,507,4,,,,,,78860310,78860312
507,507,4,,,,,,78860313,78860314
507,507,4,,,,,,78860315,78860311
507,507,4,,,,,,78860253,78860250
507,507,4,,,,,,78860254,78860261
507,507,4,,,,,,78860268,78860256
507,507,4,,,,,,78860269,78860262
507,507,4,,,,,,78860265,78860263
507,507,4,,,,,,78860266,78860264
507,507,4,,,,,,78860267,78860257
507,507,4,,,,,,78860270,78860272
507,507,4,,,,,,78860277,78860271
507,507,4,,,,,,78860280,78860274
507,507,4,,,,,,78859481,78859480
507,507,4,,,,,,78859479,78859477
507,507,4,,,,,,78859478,78859474
507,507,4,,,,,,78859476,78859475
507,507,4,,,,,,78859473,78859472
507,507,4,,,,,,78859471,78859470
507,507,4,,,,,,78859469,78859467
507,507,4,,,,,,78859468,78859464
507,507,4,,,,,,78859466,78859465
507,507,4,,,,,,78859439,78859438
507,507,4,,,,,,78859437,78859435
507,507,4,,,,,,78859430,78859434
507,507,4,,,,,,78859426,78859433
507,507,4,,,,,,78859431,78859436
507,507,4,,,,,,78859432,78859425
507,507,4,,,,,,78859428,78859429
507,507,4,,,,,,78859427,78859424
507,507,4,,,,,,78859422,78859423
507,507,4,,,,,,78859421,78859420
507,507,4,,,,,,78859418,78859419
507,507,4,,,,,,78859416,78859417
507,507,4,,,,,,78859414,78859415
507,507,4,,,,,,78859412,78859413
507,507,4,,,,,,78859411,78859410
507,507,4,,,,,,78859409,78859408
507,507,4,,,,,,78859404,78859407
507,507,4,,,,,,78859406,78859405
507,507,4,,,,,,78859463,78859462
507,507,4,,,,,,78859461,78859460
507,507,4,,,,,,78859459,78859457
507,507,4,,,,,,78859458,78859453
507,507,4,,,,,,78859456,78859454
507,507,4,,,,,,78859455,78859452
507,507,4,,,,,,78859451,78859450
507,507,4,,,,,,78859449,78859447
507,507,4,,,,,,78859448,78859446
507,507,4,,,,,,78859445,78859444
507,507,4,,,,,,78859443,78859441
507,507,4,,,,,,78859442,78859440
507,507,4,,,,,,78856321,78856362
507,507,4,,,,,,78856322,78856363
507,507,4,,,,,,78856333,78856329
507,507,4,,,,,,78856334,78856369
507,507,4,,,,,,78856335,78856330
507,507,4,,,,,,78856305,78856346
507,507,4,,,,,,78856306,78856347
507,507,4,,,,,,78856307,78856348
507,507,4,,,,,,78856308,78856349
507,507,4,,,,,,78856309,78856350
507,507,4,,,,,,78856312,78856351
507,507,4,,,,,,78856313,78856352
507,507,4,,,,,,78856314,78856353
507,507,4,,,,,,78856323,78856364
507,507,4,,,,,,78856324,78856365
507,507,4,,,,,,78856325,78856366
507,507,4,,,,,,78856326,78856368
507,507,4,,,,,,78856332,78856328
507,507,4,,,,,,78856336,78856341
507,507,4,,,,,,78856337,78856331
507,507,4,,,,,,78856338,78856367
507,507,4,,,,,,78856339,78856327
507,507,4,,,,,,78856340,78856342
507,507,4,,,,,,78856244,78856245
507,507,4,,,,,,78856247,78856246
507,507,4,,,,,,78856302,78856343
507,507,4,,,,,,78856303,78856344
507,507,4,,,,,,78856304,78856345
507,507,4,,,,,,78856310,78856354
507,507,4,,,,,,78856311,78856355
507,507,4,,,,,,78856315,78856356
507,507,4,,,,,,78856316,78856357
507,507,4,,,,,,78856317,78856358
507,507,4,,,,,,78856318,78856359
507,507,4,,,,,,78856319,78856360
507,507,4,,,,,,78856320,78856361
5819,5819,4,,,,,,78532959,78532918
5819,5819,4,,,,,,78532792,78532960
5819,5819,4,,,,,,78532747,78532752
5819,5819,4,,,,,,78532789,78532955
5819,5819,4,,,,,,78532781,78532882
5819,5819,4,,,,,,78532716,78532943
5819,5819,4,,,,,,78532913,78532794
5819,5819,4,,,,,,78532787,78532957
5819,5819,4,,,,,,78532966,78532757
5819,5819,4,,,,,,78532935,78532759
5819,5819,4,,,,,,78534103,78534135
5819,5819,4,,,,,,78534099,78534108
5819,5819,4,,,,,,78534098,78534107
5819,5819,4,,,,,,78534109,78534106
5819,5819,4,,,,,,78534097,78534104
5819,5819,4,,,,,,78534102,78534147
5819,5819,4,,,,,,78534101,78534144
5819,5819,4,,,,,,78534100,78534105
5819,5819,4,,,,,,78534132,78534145
5819,5819,4,,,,,,78582287,78582246
5819,5819,4,,,,,,78582120,78582288
5819,5819,4,,,,,,78582075,78582080
5819,5819,4,,,,,,78582117,78582283
5819,5819,4,,,,,,78582109,78582210
5819,5819,4,,,,,,78582044,78582271
5819,5819,4,,,,,,78582241,78582122
5819,5819,4,,,,,,78582116,78582285
5819,5819,4,,,,,,78582294,78582085
5819,5819,4,,,,,,78582264,78582087
5819,5819,4,,,,,,78579322,78579354
5819,5819,4,,,,,,78579318,78579327
5819,5819,4,,,,,,78579317,78579326
5819,5819,4,,,,,,78579328,78579325
5819,5819,4,,,,,,78579316,78579323
5819,5819,4,,,,,,78579321,78579366
5819,5819,4,,,,,,78579320,78579363
5819,5819,4,,,,,,78579319,78579324
5819,5819,4,,,,,,78579351,78579364
5819,5819,4,,,,,,78540280,78540261
5819,5819,4,,,,,,78540283,78540256
5819,5819,4,,,,,,78540282,78540262
5819,5819,4,,,,,,78540284,78540263
5819,5819,4,,,,,,78540290,78540269
5819,5819,4,,,,,,78540291,78540272
5819,5819,4,,,,,,78540295,78540270
5819,5819,4,,,,,,78540298,78540275
5819,5819,4,,,,,,78540293,78540274
5819,5819,4,,,,,,78540292,78540276
5819,5819,4,,,,,,78540296,78540277
5819,5819,4,,,,,,78540299,78540278
5819,5819,4,,,,,,78540287,78540266
5819,5819,4,,,,,,78540281,78540267
5819,5819,4,,,,,,78540288,78540268
5819,5819,4,,,,,,78540289,78540271
5819,5819,4,,,,,,78540279,78540260
5819,5819,4,,,,,,78540294,78540273
5819,5819,4,,,,,,78540286,78540265
5819,5819,4,,,,,,78540285,78540264
5819,5819,4,,,,,,78600514,78600495
5819,5819,4,,,,,,78600517,78600490
5819,5819,4,,,,,,78600516,78600496
5819,5819,4,,,,,,78600518,78600497
5819,5819,4,,,,,,78600524,78600504
5819,5819,4,,,,,,78600525,78600506
5819,5819,4,,,,,,78600529,78600501
5819,5819,4,,,,,,78600532,78600509
5819,5819,4,,,,,,78600527,78600508
5819,5819,4,,,,,,78600526,78600510
5819,5819,4,,,,,,78600530,78600511
5819,5819,4,,,,,,78600533,78600512
5819,5819,4,,,,,,78600521,78600500
5819,5819,4,,,,,,78600515,78600502
5819,5819,4,,,,,,78600522,78600503
5819,5819,4,,,,,,78600523,78600505
5819,5819,4,,,,,,78600513,78600494
5819,5819,4,,,,,,78600528,78600507
5819,5819,4,,,,,,78600520,78600499
5819,5819,4,,,,,,78600519,78600498
5819,5819,4,,,,,,78516752,78516733
5819,5819,4,,,,,,78516755,78516728
5819,5819,4,,,,,,78516754,78516734
5819,5819,4,,,,,,78516756,78516735
5819,5819,4,,,,,,78516762,78516741
5819,5819,4,,,,,,78516763,78516744
5819,5819,4,,,,,,78516767,78516742
5819,5819,4,,,,,,78516770,78516747
5819,5819,4,,,,,,78516765,78516746
5819,5819,4,,,,,,78516764,78516748
5819,5819,4,,,,,,78516768,78516749
5819,5819,4,,,,,,78516771,78516750
5819,5819,4,,,,,,78516759,78516738
5819,5819,4,,,,,,78516753,78516739
5819,5819,4,,,,,,78516760,78516740
5819,5819,4,,,,,,78516761,78516743
5819,5819,4,,,,,,78516751,78516732
5819,5819,4,,,,,,78516766,78516745
5819,5819,4,,,,,,78516758,78516737
5819,5819,4,,,,,,78516757,78516736
5819,5819,4,,,,,,78647378,78647359
5819,5819,4,,,,,,78647381,78647354
5819,5819,4,,,,,,78647380,78647360
5819,5819,4,,,,,,78647382,78647361
5819,5819,4,,,,,,78647388,78647367
5819,5819,4,,,,,,78647389,78647370
5819,5819,4,,,,,,78647393,78647368
5819,5819,4,,,,,,78647396,78647373
5819,5819,4,,,,,,78647391,78647372
5819,5819,4,,,,,,78647390,78647374
5819,5819,4,,,,,,78647394,78647375
5819,5819,4,,,,,,78647397,78647376
5819,5819,4,,,,,,78647385,78647364
5819,5819,4,,,,,,78647379,78647365
5819,5819,4,,,,,,78647386,78647366
5819,5819,4,,,,,,78647387,78647369
5819,5819,4,,,,,,78647377,78647358
5819,5819,4,,,,,,78647392,78647371
5819,5819,4,,,,,,78647384,78647363
5819,5819,4,,,,,,78647383,78647362
5819,5819,4,,,,,,78646345,78646304
5819,5819,4,,,,,,78646178,78646346
5819,5819,4,,,,,,78646133,78646138
5819,5819,4,,,,,,78646175,78646341
5819,5819,4,,,,,,78646167,78646268
5819,5819,4,,,,,,78646102,78646329
5819,5819,4,,,,,,78646299,78646180
5819,5819,4,,,,,,78646174,78646343
5819,5819,4,,,,,,78646352,78646143
5819,5819,4,,,,,,78646322,78646145
5819,5819,4,,,,,,78645349,78645381
5819,5819,4,,,,,,78645345,78645354
5819,5819,4,,,,,,78645344,78645353
5819,5819,4,,,,,,78645355,78645352
5819,5819,4,,,,,,78645343,78645350
5819,5819,4,,,,,,78645348,78645393
5819,5819,4,,,,,,78645347,78645390
5819,5819,4,,,,,,78645346,78645351
5819,5819,4,,,,,,78645378,78645391
5819,5819,4,,,,,,78648906,78648887
5819,5819,4,,,,,,78648909,78648882
5819,5819,4,,,,,,78648908,78648888
5819,5819,4,,,,,,78648910,78648889
5819,5819,4,,,,,,78648916,78648895
5819,5819,4,,,,,,78648917,78648898
5819,5819,4,,,,,,78648921,78648896
5819,5819,4,,,,,,78648924,78648901
5819,5819,4,,,,,,78648919,78648900
5819,5819,4,,,,,,78648918,78648902
5819,5819,4,,,,,,78648922,78648903
5819,5819,4,,,,,,78648925,78648904
5819,5819,4,,,,,,78648913,78648892
5819,5819,4,,,,,,78648907,78648893
5819,5819,4,,,,,,78648914,78648894
5819,5819,4,,,,,,78648915,78648897
5819,5819,4,,,,,,78648905,78648886
5819,5819,4,,,,,,78648920,78648899
5819,5819,4,,,,,,78648912,78648891
5819,5819,4,,,,,,78648911,78648890
64000,64000,4,,,,,,78977713_2,78977713_3
64000,64000,4,,,,,,78181249_2,78181249_3
64000,64000,4,,,,,,79306373_2,79306373_3
64000,64000,4,,,,,,78172447_1,78172447_2
6411,6411,4,,,,,,78854101,78854107
6411,6411,4,,,,,,78854123,78854122
6411,6411,4,,,,,,78854102,78854110
6411,6411,4,,,,,,78854095,78854096
6411,6411,4,,,,,,78854109,78854119
6411,6411,4,,,,,,78854178,78854176
6411,6411,4,,,,,,78854182,78854183
6411,6411,4,,,,,,78854104,78854116
6411,6411,4,,,,,,78854086,78854085
6411,6411,4,,,,,,78854081,78854079
6411,6411,4,,,,,,78854084,78854083
6411,6411,4,,,,,,78854082,78854080
6411,6411,4,,,,,,78854094,78854093
6411,6411,4,,,,,,78854092,78854091
6411,6411,4,,,,,,78854090,78854089
6411,6411,4,,,,,,78854100,78854097
6411,6411,4,,,,,,78854103,78854111
6411,6411,4,,,,,,78854098,78854115
6411,6411,4,,,,,,78854121,78854114
6411,6411,4,,,,,,78854105,78854118
6411,6411,4,,,,,,78854106,78854117
6411,6411,4,,,,,,78854108,78854120
6411,6411,4,,,,,,78854072,78854076
6411,6411,4,,,,,,78854070,78854071
6411,6411,4,,,,,,78854180,78854181
6411,6411,4,,,,,,78854073,78854077
6411,6411,4,,,,,,78854074,78854075
6411,6411,4,,,,,,78854177,78854179
6411,6411,4,,,,,,78854078,78854069
6411,6411,4,,,,,,78854087,78854088
6411,6411,4,,,,,,78854099,78854112
6411,6411,4,,,,,,78857548,78857554
6411,6411,4,,,,,,78857570,78857569
6411,6411,4,,,,,,78857549,78857557
6411,6411,4,,,,,,78857542,78857543
6411,6411,4,,,,,,78857556,78857566
6411,6411,4,,,,,,78857625,78857623
6411,6411,4,,,,,,78857629,78857630
6411,6411,4,,,,,,78857551,78857563
6411,6411,4,,,,,,78857533,78857532
6411,6411,4,,,,,,78857528,78857526
6411,6411,4,,,,,,78857531,78857530
6411,6411,4,,,,,,78857529,78857527
6411,6411,4,,,,,,78857541,78857540
6411,6411,4,,,,,,78857539,78857538
6411,6411,4,,,,,,78857537,78857536
6411,6411,4,,,,,,78857547,78857544
6411,6411,4,,,,,,78857550,78857558
6411,6411,4,,,,,,78857545,78857562
6411,6411,4,,,,,,78857568,78857561
6411,6411,4,,,,,,78857552,78857565
6411,6411,4,,,,,,78857553,78857564
6411,6411,4,,,,,,78857555,78857567
6411,6411,4,,,,,,78857519,78857523
6411,6411,4,,,,,,78857517,78857518
6411,6411,4,,,,,,78857627,78857628
6411,6411,4,,,,,,78857520,78857524
6411,6411,4,,,,,,78857521,78857522
6411,6411,4,,,,,,78857624,78857626
6411,6411,4,,,,,,78857525,78857516
6411,6411,4,,,,,,78857534,78857535
6411,6411,4,,,,,,78857546,78857559
6411,6411,4,,,,,,78850580,78850582
6411,6411,4,,,,,,78850576,78850571
6411,6411,4,,,,,,78850579,78850572
6411,6411,4,,,,,,78850573,78850569
6411,6411,4,,,,,,78850596,78850597
6411,6411,4,,,,,,78850577,78850574
6411,6411,4,,,,,,78850578,78850586
6411,6411,4,,,,,,78850609,78850610
6411,6411,4,,,,,,78850611,78850607
6411,6411,4,,,,,,78850606,78850608
6411,6411,4,,,,,,78850592,78850593
6411,6411,4,,,,,,78850590,78850591
6411,6411,4,,,,,,78850589,78850588
6411,6411,4,,,,,,78850562,78850567
6411,6411,4,,,,,,78850566,78850560
6411,6411,4,,,,,,78850559,78850564
6411,6411,4,,,,,,78850563,78850561
6411,6411,4,,,,,,78850570,78850557
6411,6411,4,,,,,,78850604,78850603
6411,6411,4,,,,,,78850605,78850600
6411,6411,4,,,,,,78850602,78850601
6411,6411,4,,,,,,78850585,78850583
6411,6411,4,,,,,,78850568,78850558
6411,6411,4,,,,,,78851221,78851254
6411,6411,4,,,,,,78851223,78851256
6411,6411,4,,,,,,78851224,78851258
6411,6411,4,,,,,,78851232,78851266
6411,6411,4,,,,,,78851234,78851268
6411,6411,4,,,,,,78851237,78851271
6411,6411,4,,,,,,78851239,78851273
6411,6411,4,,,,,,78851238,78851272
6411,6411,4,,,,,,78851240,78851274
6411,6411,4,,,,,,78851222,78851255
6411,6411,4,,,,,,78851220,78851257
6411,6411,4,,,,,,78851229,78851263
6411,6411,4,,,,,,78851231,78851265
6411,6411,4,,,,,,78851233,78851267
6411,6411,4,,,,,,78851225,78851259
6411,6411,4,,,,,,78851228,78851262
6411,6411,4,,,,,,78851230,78851264
6411,6411,4,,,,,,78851244,78851276
6411,6411,4,,,,,,78851246,78851278
6411,6411,4,,,,,,78851243,78851280
6411,6411,4,,,,,,78851245,78851277
6411,6411,4,,,,,,78851242,78851279
6411,6411,4,,,,,,78851247,78851281
6411,6411,4,,,,,,78851248,78851282
6411,6411,4,,,,,,78851250,78851284
6411,6411,4,,,,,,78851366,78851365
6411,6411,4,,,,,,78851249,78851283
6411,6411,4,,,,,,78851251,78851285
6411,6411,4,,,,,,78851252,78851286
6411,6411,4,,,,,,78851241,78851275
6411,6411,4,,,,,,78852752,78852758
6411,6411,4,,,,,,78852774,78852773
6411,6411,4,,,,,,78852753,78852761
6411,6411,4,,,,,,78852746,78852747
6411,6411,4,,,,,,78852760,78852770
6411,6411,4,,,,,,78852829,78852827
6411,6411,4,,,,,,78852833,78852834
6411,6411,4,,,,,,78852755,78852767
6411,6411,4,,,,,,78852737,78852736
6411,6411,4,,,,,,78852732,78852730
6411,6411,4,,,,,,78852735,78852734
6411,6411,4,,,,,,78852733,78852731
6411,6411,4,,,,,,78852745,78852744
6411,6411,4,,,,,,78852743,78852742
6411,6411,4,,,,,,78852741,78852740
6411,6411,4,,,,,,78852751,78852748
6411,6411,4,,,,,,78852754,78852762
6411,6411,4,,,,,,78852749,78852766
6411,6411,4,,,,,,78852772,78852765
6411,6411,4,,,,,,78852756,78852769
6411,6411,4,,,,,,78852757,78852768
6411,6411,4,,,,,,78852759,78852771
6411,6411,4,,,,,,78852723,78852727
6411,6411,4,,,,,,78852721,78852722
6411,6411,4,,,,,,78852831,78852832
6411,6411,4,,,,,,78852724,78852728
6411,6411,4,,,,,,78852725,78852726
6411,6411,4,,,,,,78852828,78852830
6411,6411,4,,,,,,78852729,78852720
6411,6411,4,,,,,,78852738,78852739
6411,6411,4,,,,,,78852750,78852763
6411,6411,4,,,,,,78860405,78860410
6411,6411,4,,,,,,78860409,78860403
6411,6411,4,,,,,,78860423,78860425
6411,6411,4,,,,,,78860419,78860414
6411,6411,4,,,,,,78860428,78860426
6411,6411,4,,,,,,78860445,78860444
6411,6411,4,,,,,,78860442,78860441
6411,6411,4,,,,,,78860422,78860415
6411,6411,4,,,,,,78860416,78860412
6411,6411,4,,,,,,78860447,78860446
6411,6411,4,,,,,,78860448,78860443
6411,6411,4,,,,,,78860452,78860453
6411,6411,4,,,,,,78860454,78860450
6411,6411,4,,,,,,78860420,78860417
6411,6411,4,,,,,,78860421,78860429
6411,6411,4,,,,,,78860438,78860437
6411,6411,4,,,,,,78860435,78860436
6411,6411,4,,,,,,78860399,78860430
6411,6411,4,,,,,,78860411,78860401
6411,6411,4,,,,,,78860432,78860431
6411,6411,4,,,,,,78860406,78860404
6411,6411,4,,,,,,78860413,78860400
6411,6411,4,,,,,,78860418,78860424
6411,6411,4,,,,,,78860439,78860440
6411,6411,4,,,,,,78859339,78859372
6411,6411,4,,,,,,78859337,78859374
6411,6411,4,,,,,,78859351,78859385
6411,6411,4,,,,,,78859354,78859388
6411,6411,4,,,,,,78859356,78859390
6411,6411,4,,,,,,78859355,78859389
6411,6411,4,,,,,,78859357,78859391
6411,6411,4,,,,,,78859342,78859376
6411,6411,4,,,,,,78859344,78859378
6411,6411,4,,,,,,78859346,78859380
6411,6411,4,,,,,,78859338,78859371
6411,6411,4,,,,,,78859340,78859373
6411,6411,4,,,,,,78859341,78859375
6411,6411,4,,,,,,78859343,78859377
6411,6411,4,,,,,,78859345,78859379
6411,6411,4,,,,,,78859362,78859394
6411,6411,4,,,,,,78859363,78859395
6411,6411,4,,,,,,78859364,78859398
6411,6411,4,,,,,,78859366,78859400
6411,6411,4,,,,,,78859368,78859402
6411,6411,4,,,,,,78859369,78859403
6411,6411,4,,,,,,78859365,78859399
6411,6411,4,,,,,,78859367,78859401
6411,6411,4,,,,,,78859483,78859482
6411,6411,4,,,,,,78859347,78859381
6411,6411,4,,,,,,78859349,78859383
6411,6411,4,,,,,,78859350,78859384
6411,6411,4,,,,,,78859352,78859386
6411,6411,4,,,,,,78856219,78856225
6411,6411,4,,,,,,78856241,78856240
6411,6411,4,,,,,,78856220,78856228
6411,6411,4,,,,,,78856213,78856214
6411,6411,4,,,,,,78856227,78856237
6411,6411,4,,,,,,78856296,78856294
6411,6411,4,,,,,,78856300,78856301
6411,6411,4,,,,,,78856222,78856234
6411,6411,4,,,,,,78856204,78856203
6411,6411,4,,,,,,78856199,78856197
6411,6411,4,,,,,,78856202,78856201
6411,6411,4,,,,,,78856200,78856198
6411,6411,4,,,,,,78856212,78856211
6411,6411,4,,,,,,78856210,78856209
6411,6411,4,,,,,,78856208,78856207
6411,6411,4,,,,,,78856218,78856215
6411,6411,4,,,,,,78856221,78856229
6411,6411,4,,,,,,78856216,78856233
6411,6411,4,,,,,,78856239,78856232
6411,6411,4,,,,,,78856223,78856236
6411,6411,4,,,,,,78856224,78856235
6411,6411,4,,,,,,78856226,78856238
6411,6411,4,,,,,,78856190,78856194
6411,6411,4,,,,,,78856188,78856189
6411,6411,4,,,,,,78856298,78856299
6411,6411,4,,,,,,78856191,78856195
6411,6411,4,,,,,,78856192,78856193
6411,6411,4,,,,,,78856295,78856297
6411,6411,4,,,,,,78856196,78856187
6411,6411,4,,,,,,78856205,78856206
6411,6411,4,,,,,,78856217,78856230
6613,6613,4,,,,,,78540026,78540023
6613,6613,4,,,,,,78540203,78540240
6613,6613,4,,,,,,78540035,78540024
6613,6613,4,,,,,,78540234,78540025
6613,6613,4,,,,,,78540201,78540033
6613,6613,4,,,,,,78600279,78600276
6613,6613,4,,,,,,78600441,78600476
6613,6613,4,,,,,,78600285,78600277
6613,6613,4,,,,,,78600468,78600278
6613,6613,4,,,,,,78600439,78600283
6613,6613,4,,,,,,78516498,78516495
6613,6613,4,,,,,,78516675,78516712
6613,6613,4,,,,,,78516507,78516496
6613,6613,4,,,,,,78516706,78516497
6613,6613,4,,,,,,78516673,78516505
6613,6613,4,,,,,,78647128,78647125
6613,6613,4,,,,,,78647305,78647340
6613,6613,4,,,,,,78647137,78647126
6613,6613,4,,,,,,78647334,78647127
6613,6613,4,,,,,,78647303,78647135
6613,6613,4,,,,,,78648656,78648653
6613,6613,4,,,,,,78648833,78648868
6613,6613,4,,,,,,78648665,78648654
6613,6613,4,,,,,,78648862,78648655
6613,6613,4,,,,,,78648831,78648663
7784,7784,4,,,,,,78477562,78477523
7784,7784,4,,,,,,78477618,78477619
7784,7784,4,,,,,,78477546,78477540
7784,7784,4,,,,,,78477603,78477581
7784,7784,4,,,,,,78477570,78477558
7784,7784,4,,,,,,78477560,78477547
7784,7784,4,,,,,,78477593,78477606
7784,7784,4,,,,,,78477539,78477538
7784,7784,4,,,,,,78477542,78477541
7784,7784,4,,,,,,78477475,78477476
7784,7784,4,,,,,,78477513,78477516
7784,7784,4,,,,,,78477524,78477508
7784,7784,4,,,,,,78477500,78477498
7784,7784,4,,,,,,78477550,78477551
7784,7784,4,,,,,,78477495,78477483
7784,7784,4,,,,,,78528883,78528844
7784,7784,4,,,,,,78528939,78528940
7784,7784,4,,,,,,78528867,78528861
7784,7784,4,,,,,,78528924,78528902
7784,7784,4,,,,,,78528891,78528879
7784,7784,4,,,,,,78528881,78528868
7784,7784,4,,,,,,78528914,78528927
7784,7784,4,,,,,,78528860,78528859
7784,7784,4,,,,,,78528863,78528862
7784,7784,4,,,,,,78528796,78528797
7784,7784,4,,,,,,78528834,78528837
7784,7784,4,,,,,,78528845,78528829
7784,7784,4,,,,,,78528821,78528819
7784,7784,4,,,,,,78528871,78528872
7784,7784,4,,,,,,78528816,78528804
7784,7784,4,,,,,,78479973,78479971
7784,7784,4,,,,,,78479970,78479976
7784,7784,4,,,,,,78480013,78480001
7784,7784,4,,,,,,78479997,78479999
7784,7784,4,,,,,,78480003,78480007
7784,7784,4,,,,,,78480082,78480085
7784,7784,4,,,,,,78480080,78480005
7784,7784,4,,,,,,78480050,78480054
7784,7784,4,,,,,,78480056,78480057
7784,7784,4,,,,,,78480110,78480112
7784,7784,4,,,,,,78480032,78480038
7784,7784,4,,,,,,78480026,78480027
7784,7784,4,,,,,,78480025,78480024
7784,7784,4,,,,,,78480119,78480114
7784,7784,4,,,,,,78480044,78479988
7784,7784,4,,,,,,78482133,78482134
7784,7784,4,,,,,,78482069,78482070
7784,7784,4,,,,,,78482138,78482135
7784,7784,4,,,,,,78482095,78482096
7784,7784,4,,,,,,78482049,78482048
7784,7784,4,,,,,,78482017,78482018
7784,7784,4,,,,,,78482031,78482028
7784,7784,4,,,,,,78482120,78482118
7784,7784,4,,,,,,78482068,78482073
7784,7784,4,,,,,,78482045,78482047
7784,7784,4,,,,,,78482046,78482044
7784,7784,4,,,,,,78482152,78482153
7784,7784,4,,,,,,78482098,78482094
7784,7784,4,,,,,,78514513,78514474
7784,7784,4,,,,,,78514569,78514570
7784,7784,4,,,,,,78514497,78514491
7784,7784,4,,,,,,78514554,78514532
7784,7784,4,,,,,,78514521,78514509
7784,7784,4,,,,,,78514511,78514498
7784,7784,4,,,,,,78514544,78514557
7784,7784,4,,,,,,78514490,78514489
7784,7784,4,,,,,,78514493,78514492
7784,7784,4,,,,,,78514426,78514427
7784,7784,4,,,,,,78514464,78514467
7784,7784,4,,,,,,78514475,78514459
7784,7784,4,,,,,,78514451,78514449
7784,7784,4,,,,,,78514501,78514502
7784,7784,4,,,,,,78514446,78514434
7784,7784,4,,,,,,78497907,78497905
7784,7784,4,,,,,,78497904,78497910
7784,7784,4,,,,,,78497947,78497935
7784,7784,4,,,,,,78497931,78497933
7784,7784,4,,,,,,78497937,78497941
7784,7784,4,,,,,,78498016,78498019
7784,7784,4,,,,,,78498014,78497939
7784,7784,4,,,,,,78497984,78497988
7784,7784,4,,,,,,78497990,78497991
7784,7784,4,,,,,,78498044,78498046
7784,7784,4,,,,,,78497966,78497972
7784,7784,4,,,,,,78497960,78497961
7784,7784,4,,,,,,78497959,78497958
7784,7784,4,,,,,,78498053,78498048
7784,7784,4,,,,,,78497978,78497922
7784,7784,4,,,,,,78506906,78506907
7784,7784,4,,,,,,78506842,78506843
7784,7784,4,,,,,,78506911,78506908
7784,7784,4,,,,,,78506868,78506869
7784,7784,4,,,,,,78506822,78506821
7784,7784,4,,,,,,78506790,78506791
7784,7784,4,,,,,,78506804,78506801
7784,7784,4,,,,,,78506893,78506891
7784,7784,4,,,,,,78506841,78506846
7784,7784,4,,,,,,78506818,78506820
7784,7784,4,,,,,,78506819,78506817
7784,7784,4,,,,,,78506925,78506926
7784,7784,4,,,,,,78506871,78506867
7784,7784,4,,,,,,78524009,78523970
7784,7784,4,,,,,,78524065,78524066
7784,7784,4,,,,,,78523993,78523987
7784,7784,4,,,,,,78524050,78524028
7784,7784,4,,,,,,78524017,78524005
7784,7784,4,,,,,,78524007,78523994
7784,7784,4,,,,,,78524040,78524053
7784,7784,4,,,,,,78523986,78523985
7784,7784,4,,,,,,78523989,78523988
7784,7784,4,,,,,,78523922,78523923
7784,7784,4,,,,,,78523960,78523963
7784,7784,4,,,,,,78523971,78523955
7784,7784,4,,,,,,78523947,78523945
7784,7784,4,,,,,,78523997,78523998
7784,7784,4,,,,,,78523942,78523930
7961,7961,4,,,,,,78475941,78475944
7961,7961,4,,,,,,78475948,78475950
7961,7961,4,,,,,,78475949,78475947
7961,7961,4,,,,,,78475945,78475946
7961,7961,4,,,,,,78475940,78475935
7961,7961,4,,,,,,78475911,78475912
7961,7961,4,,,,,,78475910,78475909
7961,7961,4,,,,,,78475922,78475924
7961,7961,4,,,,,,78475931,78475925
7961,7961,4,,,,,,78475937,78475913
7961,7961,4,,,,,,78475915,78475916
7961,7961,4,,,,,,78475918,78475919
7961,7961,4,,,,,,78475908,78475907
7961,7961,4,,,,,,78475904,78475902
7961,7961,4,,,,,,78475905,78475903
7961,7961,4,,,,,,78475906,78475901
7961,7961,4,,,,,,78475936,78475938
7961,7961,4,,,,,,78475939,78475921
7961,7961,4,,,,,,78475920,78475917
7961,7961,4,,,,,,78475928,78475930
7961,7961,4,,,,,,78475927,78475934
7961,7961,4,,,,,,78475914,78475923
7961,7961,4,,,,,,78475929,78475932
7961,7961,4,,,,,,78475926,78475933
7961,7961,4,,,,,,78527280,78527283
7961,7961,4,,,,,,78527287,78527289
7961,7961,4,,,,,,78527288,78527286
7961,7961,4,,,,,,78527284,78527285
7961,7961,4,,,,,,78527279,78527274
7961,7961,4,,,,,,78527250,78527251
7961,7961,4,,,,,,78527249,78527248
7961,7961,4,,,,,,78527261,78527263
7961,7961,4,,,,,,78527270,78527264
7961,7961,4,,,,,,78527276,78527252
7961,7961,4,,,,,,78527254,78527255
7961,7961,4,,,,,,78527257,78527258
7961,7961,4,,,,,,78527247,78527246
7961,7961,4,,,,,,78527243,78527241
7961,7961,4,,,,,,78527244,78527242
7961,7961,4,,,,,,78527245,78527240
7961,7961,4,,,,,,78527275,78527277
7961,7961,4,,,,,,78527278,78527260
7961,7961,4,,,,,,78527259,78527256
7961,7961,4,,,,,,78527267,78527269
7961,7961,4,,,,,,78527266,78527273
7961,7961,4,,,,,,78527253,78527262
7961,7961,4,,,,,,78527268,78527271
7961,7961,4,,,,,,78527265,78527272
7961,7961,4,,,,,,78512892,78512895
7961,7961,4,,,,,,78512899,78512901
7961,7961,4,,,,,,78512900,78512898
7961,7961,4,,,,,,78512896,78512897
7961,7961,4,,,,,,78512891,78512886
7961,7961,4,,,,,,78512862,78512863
7961,7961,4,,,,,,78512861,78512860
7961,7961,4,,,,,,78512873,78512875
7961,7961,4,,,,,,78512882,78512876
7961,7961,4,,,,,,78512888,78512864
7961,7961,4,,,,,,78512866,78512867
7961,7961,4,,,,,,78512869,78512870
7961,7961,4,,,,,,78512859,78512858
7961,7961,4,,,,,,78512855,78512853
7961,7961,4,,,,,,78512856,78512854
7961,7961,4,,,,,,78512857,78512852
7961,7961,4,,,,,,78512887,78512889
7961,7961,4,,,,,,78512890,78512872
7961,7961,4,,,,,,78512871,78512868
7961,7961,4,,,,,,78512879,78512881
7961,7961,4,,,,,,78512878,78512885
7961,7961,4,,,,,,78512865,78512874
7961,7961,4,,,,,,78512880,78512883
7961,7961,4,,,,,,78512877,78512884
7961,7961,4,,,,,,78522406,78522409
7961,7961,4,,,,,,78522413,78522415
7961,7961,4,,,,,,78522414,78522412
7961,7961,4,,,,,,78522410,78522411
7961,7961,4,,,,,,78522405,78522400
7961,7961,4,,,,,,78522376,78522377
7961,7961,4,,,,,,78522375,78522374
7961,7961,4,,,,,,78522387,78522389
7961,7961,4,,,,,,78522396,78522390
7961,7961,4,,,,,,78522402,78522378
7961,7961,4,,,,,,78522380,78522381
7961,7961,4,,,,,,78522383,78522384
7961,7961,4,,,,,,78522373,78522372
7961,7961,4,,,,,,78522369,78522367
7961,7961,4,,,,,,78522370,78522368
7961,7961,4,,,,,,78522371,78522366
7961,7961,4,,,,,,78522401,78522403
7961,7961,4,,,,,,78522404,78522386
7961,7961,4,,,,,,78522385,78522382
7961,7961,4,,,,,,78522393,78522395
7961,7961,4,,,,,,78522392,78522399
7961,7961,4,,,,,,78522379,78522388
7961,7961,4,,,,,,78522394,78522397
7961,7961,4,,,,,,78522391,78522398
85231,85231,4,,,,,,78476489,78476477
85231,85231,4,,,,,,78476497,78476495
85231,85231,4,,,,,,78476483,78476478
85231,85231,4,,,,,,78476431,78476432
85231,85231,4,,,,,,78476456,78476454
85231,85231,4,,,,,,78476414,78476419
85231,85231,4,,,,,,78476411,78476420
85231,85231,4,,,,,,78476452,78476451
85231,85231,4,,,,,,78476446,78476449
85231,85231,4,,,,,,78476450,78476448
85231,85231,4,,,,,,78476445,78476442
85231,85231,4,,,,,,78476429,78476427
85231,85231,4,,,,,,78476441,78476437
85231,85231,4,,,,,,78476447,78476444
85231,85231,4,,,,,,78476443,78476430
85231,85231,4,,,,,,78476426,78476421
85231,85231,4,,,,,,78476515,78476514
85231,85231,4,,,,,,78476513,78476512
85231,85231,4,,,,,,78476460,78476458
85231,85231,4,,,,,,78476466,78476464
85231,85231,4,,,,,,78476490,78476474
85231,85231,4,,,,,,78476491,78476484
85231,85231,4,,,,,,78527822,78527810
85231,85231,4,,,,,,78527830,78527828
85231,85231,4,,,,,,78527816,78527811
85231,85231,4,,,,,,78527765,78527766
85231,85231,4,,,,,,78527790,78527788
85231,85231,4,,,,,,78527748,78527753
85231,85231,4,,,,,,78527745,78527754
85231,85231,4,,,,,,78527786,78527785
85231,85231,4,,,,,,78527780,78527783
85231,85231,4,,,,,,78527784,78527782
85231,85231,4,,,,,,78527779,78527776
85231,85231,4,,,,,,78527763,78527761
85231,85231,4,,,,,,78527775,78527771
85231,85231,4,,,,,,78527781,78527778
85231,85231,4,,,,,,78527777,78527764
85231,85231,4,,,,,,78527760,78527755
85231,85231,4,,,,,,78527846,78527845
85231,85231,4,,,,,,78527844,78527843
85231,85231,4,,,,,,78527794,78527792
85231,85231,4,,,,,,78527799,78527797
85231,85231,4,,,,,,78527823,78527807
85231,85231,4,,,,,,78527824,78527817
85231,85231,4,,,,,,78513440,78513428
85231,85231,4,,,,,,78513448,78513446
85231,85231,4,,,,,,78513434,78513429
85231,85231,4,,,,,,78513382,78513383
85231,85231,4,,,,,,78513407,78513405
85231,85231,4,,,,,,78513365,78513370
85231,85231,4,,,,,,78513362,78513371
85231,85231,4,,,,,,78513403,78513402
85231,85231,4,,,,,,78513397,78513400
85231,85231,4,,,,,,78513401,78513399
85231,85231,4,,,,,,78513396,78513393
85231,85231,4,,,,,,78513380,78513378
85231,85231,4,,,,,,78513392,78513388
85231,85231,4,,,,,,78513398,78513395
85231,85231,4,,,,,,78513394,78513381
85231,85231,4,,,,,,78513377,78513372
85231,85231,4,,,,,,78513466,78513465
85231,85231,4,,,,,,78513464,78513463
85231,85231,4,,,,,,78513411,78513409
85231,85231,4,,,,,,78513417,78513415
85231,85231,4,,,,,,78513441,78513425
85231,85231,4,,,,,,78513442,78513435
85231,85231,4,,,,,,78522948,78522936
85231,85231,4,,,,,,78522956,78522954
85231,85231,4,,,,,,78522942,78522937
85231,85231,4,,,,,,78522891,78522892
85231,85231,4,,,,,,78522916,78522914
85231,85231,4,,,,,,78522874,78522879
85231,85231,4,,,,,,78522871,78522880
85231,85231,4,,,,,,78522912,78522911
85231,85231,4,,,,,,78522906,78522909
85231,85231,4,,,,,,78522910,78522908
85231,85231,4,,,,,,78522905,78522902
85231,85231,4,,,,,,78522889,78522887
85231,85231,4,,,,,,78522901,78522897
85231,85231,4,,,,,,78522907,78522904
85231,85231,4,,,,,,78522903,78522890
85231,85231,4,,,,,,78522886,78522881
85231,85231,4,,,,,,78522972,78522971
85231,85231,4,,,,,,78522970,78522969
85231,85231,4,,,,,,78522920,78522918
85231,85231,4,,,,,,78522925,78522923
85231,85231,4,,,,,,78522949,78522933
85231,85231,4,,,,,,78522950,78522943
875,875,4,,,,,,78950817_1,78950817_2
875,875,4,,,,,,78941965_1,78941965_2
875,875,4,,,,,,78950592_1,78950592_2
875,875,4,,,,,,78941740_1,78941740_2
899,899,4,,,,,,78978004_1,78978004_2
899,899,4,,,,,,79306664_1,79306664_2
899,899,4,,,,,,78181540_1,78181540_2
925,925,4,,,,,,78977713_1,78977713_2
925,925,4,,,,,,78181249_1,78181249_2
925,925,4,,,,,,79306373_1,79306373_2
966,966,4,,,,,,78172447_2,78172447_3
Boat-Commonwealth,Boat-Commonwealth,4,,,,,,Boat-F10-1555-Commonwealth-F10-A-PM-Weekday-Fall-26,Boat-F10-1650-Commonwealth-F10-A-PM-Weekday-Fall-26
Boat-Commonwealth,Boat-Commonwealth,4,,,,,,Boat-F10-1650-Commonwealth-F10-A-PM-Weekday-Fall-26,Boat-F10-1745-Commonwealth-F10-A-PM-Weekday-Fall-26
Boat-Commonwealth,Boat-Commonwealth,4,,,,,,Boat-F10-1745-Commonwealth-F10-A-PM-Weekday-Fall-26,Boat-F10-1840-Commonwealth-F10-A-PM-Weekday-Fall-26
Boat-Commonwealth,Boat-Commonwealth,4,,,,,,Boat-F10-1840-Commonwealth-F10-A-PM-Weekday-Fall-26,Boat-F10-1935-Commonwealth-F10-A-PM-Weekday-Fall-26
Boat-Commonwealth,Boat-Commonwealth,4,,,,,,Boat-F10-1620-Commonwealth-F10-B-PM-Weekday-Fall-26,Boat-F10-1720-Commonwealth-F10-B-PM-Weekday-Fall-26
Boat-Commonwealth,Boat-Commonwealth,4,,,,,,Boat-F10-1720-Commonwealth-F10-B-PM-Weekday-Fall-26,Boat-F10-1815-Commonwealth-F10-B-PM-Weekday-Fall-26
Boat-Commonwealth,Boat-Commonwealth,4,,,,,,Boat-F10-1815-Commonwealth-F10-B-PM-Weekday-Fall-26,Boat-F10-1910-Commonwealth-F10-B-PM-Weekday-Fall-26
Boat-Commonwealth,Boat-Commonwealth,4,,,,,,Boat-F10-1555-Commonwealth-F10-A-PM-Weekday-Summer-26,Boat-F10-1650-Commonwealth-F10-A-PM-Weekday-Summer-26
Boat-Commonwealth,Boat-Commonwealth,4,,,,,,Boat-F10-1650-Commonwealth-F10-A-PM-Weekday-Summer-26,Boat-F10-1745-Commonwealth-F10-A-PM-Weekday-Summer-26
Boat-Commonwealth,Boat-Commonwealth,4,,,,,,Boat-F10-1745-Commonwealth-F10-A-PM-Weekday-Summer-26,Boat-F10-1840-Commonwealth-F10-A-PM-Weekday-Summer-26
Boat-Commonwealth,Boat-Commonwealth,4,,,,,,Boat-F10-1840-Commonwealth-F10-A-PM-Weekday-Summer-26,Boat-F10-1935-Commonwealth-F10-A-PM-Weekday-Summer-26
Boat-Commonwealth,Boat-Commonwealth,4,,,,,,Boat-F10-1620-Commonwealth-F10-B-PM-Weekday-Summer-26,Boat-F10-1720-Commonwealth-F10-B-PM-Weekday-Summer-26
Boat-Commonwealth,Boat-Commonwealth,4,,,,,,Boat-F10-1720-Commonwealth-F10-B-PM-Weekday-Summer-26,Boat-F10-1815-Commonwealth-F10-B-PM-Weekday-Summer-26
Boat-Commonwealth,Boat-Commonwealth,4,,,,,,Boat-F10-1815-Commonwealth-F10-B-PM-Weekday-Summer-26,Boat-F10-1910-Commonwealth-F10-B-PM-Weekday-Summer-26
Boat-Hingham,Boat-Hingham,4,,,,,,Boat-F2H-0900-Long-F2H-A-AM-Saturday-Fall-26,Boat-F2H-1000-Hingham-F2H-A-AM-Saturday-Fall-26
Boat-Hingham,Boat-Hingham,4,,,,,,Boat-F2H-1100-Long-F2H-A-AM-Saturday-Fall-26,Boat-F2H-1200-Hingham-F2H-A-AM-Saturday-Fall-26
Boat-Hingham,Boat-Hingham,4,,,,,,Boat-F2H-1345-Long-F2H-A-PM-Saturday-Fall-26,Boat-F2H-1500-Hingham-F2H-A-PM-Saturday-Fall-26
Boat-Hingham,Boat-Hingham,4,,,,,,Boat-F2H-1600-Long-F2H-A-PM-Saturday-Fall-26,Boat-F2H-1700-Hingham-F2H-A-PM-Saturday-Fall-26
Boat-Hingham,Boat-Hingham,4,,,,,,Boat-F2H-1800-Long-F2H-A-PM-Saturday-Fall-26,Boat-F2H-1900-Hingham-F2H-A-PM-Saturday-Fall-26
Boat-Hingham,Boat-Hingham,4,,,,,,Boat-F2H-1945-Long-F2H-A-PM-Saturday-Fall-26,Boat-F2H-2045-Hingham-F2H-A-PM-Saturday-Fall-26
Boat-Hingham,Boat-Hingham,4,,,,,,Boat-F2H-2130-Long-F2H-A-PM-Saturday-Fall-26,Boat-F2H-2230-Hingham-F2H-A-PM-Saturday-Fall-26
Boat-Hingham,Boat-Hingham,4,,,,,,Boat-F2H-1000-Long-F2H-B-AM-Saturday-Fall-26,Boat-F2H-1100-Hingham-F2H-B-AM-Saturday-Fall-26
Boat-Hingham,Boat-Hingham,4,,,,,,Boat-F2H-1200-Long-F2H-B-AM-Saturday-Fall-26,Boat-F2H-1300-Hingham-F2H-B-AM-Saturday-Fall-26
Boat-Hingham,Boat-Hingham,4,,,,,,Boat-F2H-1500-Long-F2H-B-PM-Saturday-Fall-26,Boat-F2H-1600-Hingham-F2H-B-PM-Saturday-Fall-26
Boat-Hingham,Boat-Hingham,4,,,,,,Boat-F2H-1700-Long-F2H-B-PM-Saturday-Fall-26,Boat-F2H-1800-Hingham-F2H-B-PM-Saturday-Fall-26
Boat-Hingham,Boat-Hingham,4,,,,,,Boat-F2H-1900-Long-F2H-B-PM-Saturday-Fall-26,Boat-F2H-2000-Hingham-F2H-B-PM-Saturday-Fall-26
Boat-Hingham,Boat-Hingham,4,,,,,,Boat-F2H-2045-Long-F2H-B-PM-Saturday-Fall-26,Boat-F2H-2130-Hingham-F2H-B-PM-Saturday-Fall-26
Boat-Hingham,Boat-Hingham,4,,,,,,Boat-F2H-0900-Long-F2H-A-AM-Sunday-Fall-26,Boat-F2H-1000-Hingham-F2H-A-AM-Sunday-Fall-26
Boat-Hingham,Boat-Hingham,4,,,,,,Boat-F2H-1100-Long-F2H-A-AM-Sunday-Fall-26,Boat-F2H-1200-Hingham-F2H-A-AM-Sunday-Fall-26
Boat-Hingham,Boat-Hingham,4,,,,,,Boat-F2H-1345-Long-F2H-A-PM-Sunday-Fall-26,Boat-F2H-1500-Hingham-F2H-A-PM-Sunday-Fall-26
Boat-Hingham,Boat-Hingham,4,,,,,,Boat-F2H-1600-Long-F2H-A-PM-Sunday-Fall-26,Boat-F2H-1700-Hingham-F2H-A-PM-Sunday-Fall-26
Boat-Hingham,Boat-Hingham,4,,,,,,Boat-F2H-1800-Long-F2H-A-PM-Sunday-Fall-26,Boat-F2H-1900-Hingham-F2H-A-PM-Sunday-Fall-26
Boat-Hingham,Boat-Hingham,4,,,,,,Boat-F2H-1945-Long-F2H-A-PM-Sunday-Fall-26,Boat-F2H-2045-Hingham-F2H-A-PM-Sunday-Fall-26
Boat-Hingham,Boat-Hingham,4,,,,,,Boat-F2H-1000-Long-F2H-B-AM-Sunday-Fall-26,Boat-F2H-1100-Hingham-F2H-B-AM-Sunday-Fall-26
Boat-Hingham,Boat-Hingham,4,,,,,,Boat-F2H-1200-Long-F2H-B-AM-Sunday-Fall-26,Boat-F2H-1300-Hingham-F2H-B-AM-Sunday-Fall-26
Boat-Hingham,Boat-Hingham,4,,,,,,Boat-F2H-1500-Long-F2H-B-PM-Sunday-Fall-26,Boat-F2H-1600-Hingham-F2H-B-PM-Sunday-Fall-26
Boat-Hingham,Boat-Hingham,4,,,,,,Boat-F2H-1700-Long-F2H-B-PM-Sunday-Fall-26,Boat-F2H-1800-Hingham-F2H-B-PM-Sunday-Fall-26
Boat-Hingham,Boat-Hingham,4,,,,,,Boat-F2H-1900-Long-F2H-B-PM-Sunday-Fall-26,Boat-F2H-2000-Hingham-F2H-B-PM-Sunday-Fall-26
Boat-Hingham,Boat-Hingham,4,,,,,,Boat-F2H-0910-Long-F2H-A-AM-Weekday-Fall-26,Boat-F2H-1015-Hingham-F2H-A-AM-Weekday-Fall-26
Boat-Hingham,Boat-Hingham,4,,,,,,Boat-F2H-1215-Long-F2H-A-PM-Weekday-Fall-26,Boat-F2H-1300-Hingham-F2H-A-PM-Weekday-Fall-26
Boat-Hingham,Boat-Hingham,4,,,,,,Boat-F2H-1400-Long-F2H-A-PM-Weekday-Fall-26,Boat-F2H-1500-Hingham-F2H-A-PM-Weekday-Fall-26
Boat-Hingham,Boat-Hingham,4,,,,,,Boat-F2H-1540-Long-F2H-A-PM-Weekday-Fall-26,Boat-F2H-1630-Hingham-F2H-A-PM-Weekday-Fall-26
Boat-Hingham,Boat-Hingham,4,,,,,,Boat-F2H-1845-Long-F2H-A-PM-Weekday-Fall-26,Boat-F2H-1935-Hingham-F2H-A-PM-Weekday-Fall-26
Boat-Hingham,Boat-Hingham,4,,,,,,Boat-F2H-2025-Long-F2H-A-PM-Weekday-Fall-26,Boat-F2H-2115-Hingham-F2H-A-PM-Weekday-Fall-26
Boat-Hingham,Boat-Hingham,4,,,,,,Boat-F2H-1100-Long-F2H-B-PM-Weekday-Fall-26,Boat-F2H-1200-Hingham-F2H-B-PM-Weekday-Fall-26
Boat-Hingham,Boat-Hingham,4,,,,,,Boat-F2H-1300-Long-F2H-B-PM-Weekday-Fall-26,Boat-F2H-1400-Hingham-F2H-B-PM-Weekday-Fall-26
Boat-Hingham,Boat-Hingham,4,,,,,,Boat-F2H-1440-Long-F2H-B-PM-Weekday-Fall-26,Boat-F2H-1545-Hingham-F2H-B-PM-Weekday-Fall-26
Boat-Hingham,Boat-Hingham,4,,,,,,Boat-F2H-1630-Long-F2H-B-PM-Weekday-Fall-26,Boat-F2H-1715-Hingham-F2H-B-PM-Weekday-Fall-26
Boat-Hingham,Boat-Hingham,4,,,,,,Boat-F2H-1810-Long-F2H-B-PM-Weekday-Fall-26,Boat-F2H-1900-Hingham-F2H-B-PM-Weekday-Fall-26
Boat-Hingham,Boat-Hingham,4,,,,,,Boat-F2H-1940-Long-F2H-B-PM-Weekday-Fall-26,Boat-F2H-2040-Hingham-F2H-B-PM-Weekday-Fall-26
Boat-Hull,Boat-Hull,4,,,,,,Boat-F2H-0630-Long-F2H-A-AM-Weekday-Fall-26,Boat-F2H-0730-Hull-F2H-A-AM-Weekday-Fall-26
Boat-Hull,Boat-Hull,4,,,,,,Boat-F2H-0800-Long-F2H-A-AM-Weekday-Fall-26,Boat-F2H-0840-Hull-F2H-A-AM-Weekday-Fall-26
Boat-Hull,Boat-Hull,4,,,,,,Boat-F2H-1730-Long-F2H-A-PM-Weekday-Fall-26,Boat-F2H-1815-Hull-F2H-A-PM-Weekday-Fall-26
Boat-Hull,Boat-Hull,4,,,,,,Boat-F2H-0730-Long-F2H-B-AM-Weekday-Fall-26,Boat-F2H-0805-Hull-F2H-B-AM-Weekday-Fall-26
Boat-Hull,Boat-Hull,4,,,,,,Boat-F2H-0840-Long-F2H-B-AM-Weekday-Fall-26,Boat-F2H-0910-Hull-F2H-B-AM-Weekday-Fall-26
Boat-Long,Boat-Long,4,,,,,,Boat-F2H-0800-Hingham-F2H-A-AM-Saturday-Fall-26,Boat-F2H-0900-Long-F2H-A-AM-Saturday-Fall-26
Boat-Long,Boat-Long,4,,,,,,Boat-F2H-1000-Hingham-F2H-A-AM-Saturday-Fall-26,Boat-F2H-1100-Long-F2H-A-AM-Saturday-Fall-26
Boat-Long,Boat-Long,4,,,,,,Boat-F2H-1500-Hingham-F2H-A-PM-Saturday-Fall-26,Boat-F2H-1600-Long-F2H-A-PM-Saturday-Fall-26
Boat-Long,Boat-Long,4,,,,,,Boat-F2H-1700-Hingham-F2H-A-PM-Saturday-Fall-26,Boat-F2H-1800-Long-F2H-A-PM-Saturday-Fall-26
Boat-Long,Boat-Long,4,,,,,,Boat-F2H-1900-Hingham-F2H-A-PM-Saturday-Fall-26,Boat-F2H-1945-Long-F2H-A-PM-Saturday-Fall-26
Boat-Long,Boat-Long,4,,,,,,Boat-F2H-2045-Hingham-F2H-A-PM-Saturday-Fall-26,Boat-F2H-2130-Long-F2H-A-PM-Saturday-Fall-26
Boat-Long,Boat-Long,4,,,,,,Boat-F2H-2230-Hingham-F2H-A-PM-Saturday-Fall-26,Boat-F2H-2310-Long-F2H-A-PM-Saturday-Fall-26
Boat-Long,Boat-Long,4,,,,,,Boat-F2H-0900-Hingham-F2H-B-AM-Saturday-Fall-26,Boat-F2H-1000-Long-F2H-B-AM-Saturday-Fall-26
Boat-Long,Boat-Long,4,,,,,,Boat-F2H-1100-Hingham-F2H-B-AM-Saturday-Fall-26,Boat-F2H-1200-Long-F2H-B-AM-Saturday-Fall-26
Boat-Long,Boat-Long,4,,,,,,Boat-F2H-1600-Hingham-F2H-B-PM-Saturday-Fall-26,Boat-F2H-1700-Long-F2H-B-PM-Saturday-Fall-26
Boat-Long,Boat-Long,4,,,,,,Boat-F2H-1800-Hingham-F2H-B-PM-Saturday-Fall-26,Boat-F2H-1900-Long-F2H-B-PM-Saturday-Fall-26
Boat-Long,Boat-Long,4,,,,,,Boat-F2H-2000-Hingham-F2H-B-PM-Saturday-Fall-26,Boat-F2H-2045-Long-F2H-B-PM-Saturday-Fall-26
Boat-Long,Boat-Long,4,,,,,,Boat-F2H-2130-Hingham-F2H-B-PM-Saturday-Fall-26,Boat-F2H-2215-Long-F2H-B-PM-Saturday-Fall-26
Boat-Long,Boat-Long,4,,,,,,Boat-F2H-0800-Hingham-F2H-A-AM-Sunday-Fall-26,Boat-F2H-0900-Long-F2H-A-AM-Sunday-Fall-26
Boat-Long,Boat-Long,4,,,,,,Boat-F2H-1000-Hingham-F2H-A-AM-Sunday-Fall-26,Boat-F2H-1100-Long-F2H-A-AM-Sunday-Fall-26
Boat-Long,Boat-Long,4,,,,,,Boat-F2H-1500-Hingham-F2H-A-PM-Sunday-Fall-26,Boat-F2H-1600-Long-F2H-A-PM-Sunday-Fall-26
Boat-Long,Boat-Long,4,,,,,,Boat-F2H-1700-Hingham-F2H-A-PM-Sunday-Fall-26,Boat-F2H-1800-Long-F2H-A-PM-Sunday-Fall-26
Boat-Long,Boat-Long,4,,,,,,Boat-F2H-1900-Hingham-F2H-A-PM-Sunday-Fall-26,Boat-F2H-1945-Long-F2H-A-PM-Sunday-Fall-26
Boat-Long,Boat-Long,4,,,,,,Boat-F2H-2045-Hingham-F2H-A-PM-Sunday-Fall-26,Boat-F2H-2130-Long-F2H-A-PM-Sunday-Fall-26
Boat-Long,Boat-Long,4,,,,,,Boat-F2H-0900-Hingham-F2H-B-AM-Sunday-Fall-26,Boat-F2H-1000-Long-F2H-B-AM-Sunday-Fall-26
Boat-Long,Boat-Long,4,,,,,,Boat-F2H-1100-Hingham-F2H-B-AM-Sunday-Fall-26,Boat-F2H-1200-Long-F2H-B-AM-Sunday-Fall-26
Boat-Long,Boat-Long,4,,,,,,Boat-F2H-1600-Hingham-F2H-B-PM-Sunday-Fall-26,Boat-F2H-1700-Long-F2H-B-PM-Sunday-Fall-26
Boat-Long,Boat-Long,4,,,,,,Boat-F2H-1800-Hingham-F2H-B-PM-Sunday-Fall-26,Boat-F2H-1900-Long-F2H-B-PM-Sunday-Fall-26
Boat-Long,Boat-Long,4,,,,,,Boat-F2H-2000-Hingham-F2H-B-PM-Sunday-Fall-26,Boat-F2H-2045-Long-F2H-B-PM-Sunday-Fall-26
Boat-Long,Boat-Long,4,,,,,,Boat-F2H-0540-Hingham-F2H-A-AM-Weekday-Fall-26,Boat-F2H-0630-Long-F2H-A-AM-Weekday-Fall-26
Boat-Long,Boat-Long,4,,,,,,Boat-F2H-0730-Hull-F2H-A-AM-Weekday-Fall-26,Boat-F2H-0800-Long-F2H-A-AM-Weekday-Fall-26
Boat-Long,Boat-Long,4,,,,,,Boat-F2H-0840-Hull-F2H-A-AM-Weekday-Fall-26,Boat-F2H-0910-Long-F2H-A-AM-Weekday-Fall-26
Boat-Long,Boat-Long,4,,,,,,Boat-F2H-1300-Hingham-F2H-A-PM-Weekday-Fall-26,Boat-F2H-1400-Long-F2H-A-PM-Weekday-Fall-26
Boat-Long,Boat-Long,4,,,,,,Boat-F2H-1500-Hingham-F2H-A-PM-Weekday-Fall-26,Boat-F2H-1540-Long-F2H-A-PM-Weekday-Fall-26
Boat-Long,Boat-Long,4,,,,,,Boat-F2H-1630-Hingham-F2H-A-PM-Weekday-Fall-26,Boat-F2H-1730-Long-F2H-A-PM-Weekday-Fall-26
Boat-Long,Boat-Long,4,,,,,,Boat-F2H-1815-Hull-F2H-A-PM-Weekday-Fall-26,Boat-F2H-1845-Long-F2H-A-PM-Weekday-Fall-26
Boat-Long,Boat-Long,4,,,,,,Boat-F2H-1935-Hingham-F2H-A-PM-Weekday-Fall-26,Boat-F2H-2025-Long-F2H-A-PM-Weekday-Fall-26
Boat-Long,Boat-Long,4,,,,,,Boat-F2H-2115-Hingham-F2H-A-PM-Weekday-Fall-26,Boat-F2H-2155-Long-F2H-A-PM-Weekday-Fall-26
Boat-Long,Boat-Long,4,,,,,,Boat-F2H-0640-Hingham-F2H-B-AM-Weekday-Fall-26,Boat-F2H-0730-Long-F2H-B-AM-Weekday-Fall-26
Boat-Long,Boat-Long,4,,,,,,Boat-F2H-0805-Hull-F2H-B-AM-Weekday-Fall-26,Boat-F2H-0840-Long-F2H-B-AM-Weekday-Fall-26
Boat-Long,Boat-Long,4,,,,,,Boat-F2H-1200-Hingham-F2H-B-PM-Weekday-Fall-26,Boat-F2H-1300-Long-F2H-B-PM-Weekday-Fall-26
Boat-Long,Boat-Long,4,,,,,,Boat-F2H-1400-Hingham-F2H-B-PM-Weekday-Fall-26,Boat-F2H-1440-Long-F2H-B-PM-Weekday-Fall-26
Boat-Long,Boat-Long,4,,,,,,Boat-F2H-1545-Hingham-F2H-B-PM-Weekday-Fall-26,Boat-F2H-1630-Long-F2H-B-PM-Weekday-Fall-26
Boat-Long,Boat-Long,4,,,,,,Boat-F2H-1715-Hingham-F2H-B-PM-Weekday-Fall-26,Boat-F2H-1810-Long-F2H-B-PM-Weekday-Fall-26
Boat-Long,Boat-Long,4,,,,,,Boat-F2H-1900-Hingham-F2H-B-PM-Weekday-Fall-26,Boat-F2H-1940-Long-F2H-B-PM-Weekday-Fall-26
Boat-Long,Boat-Long,4,,,,,,Boat-F2H-2040-Hingham-F2H-B-PM-Weekday-Fall-26,Boat-F2H-2120-Long-F2H-B-PM-Weekday-Fall-26
Boat-Lovejoy,Boat-Lovejoy,4,,,,,,Boat-F10-0610-Lovejoy-F10-A-AM-Weekday-Fall-26,Boat-F10-0710-Lovejoy-F10-A-AM-Weekday-Fall-26
Boat-Lovejoy,Boat-Lovejoy,4,,,,,,Boat-F10-0710-Lovejoy-F10-A-AM-Weekday-Fall-26,Boat-F10-0800-Lovejoy-F10-A-AM-Weekday-Fall-26
Boat-Lovejoy,Boat-Lovejoy,4,,,,,,Boat-F10-0800-Lovejoy-F10-A-AM-Weekday-Fall-26,Boat-F10-0855-Lovejoy-F10-A-AM-Weekday-Fall-26
Boat-Lovejoy,Boat-Lovejoy,4,,,,,,Boat-F10-0855-Lovejoy-F10-A-AM-Weekday-Fall-26,Boat-F10-0950-Lovejoy-F10-A-AM-Weekday-Fall-26
Boat-Lovejoy,Boat-Lovejoy,4,,,,,,Boat-F10-0950-Lovejoy-F10-A-AM-Weekday-Fall-26,Boat-F10-1040-Lovejoy-F10-A-AM-Weekday-Fall-26
Boat-Lovejoy,Boat-Lovejoy,4,,,,,,Boat-F10-0630-Lovejoy-F10-B-AM-Weekday-Fall-26,Boat-F10-0725-Lovejoy-F10-B-AM-Weekday-Fall-26
Boat-Lovejoy,Boat-Lovejoy,4,,,,,,Boat-F10-0725-Lovejoy-F10-B-AM-Weekday-Fall-26,Boat-F10-0820-Lovejoy-F10-B-AM-Weekday-Fall-26
Boat-Lovejoy,Boat-Lovejoy,4,,,,,,Boat-F10-0820-Lovejoy-F10-B-AM-Weekday-Fall-26,Boat-F10-0915-Lovejoy-F10-B-AM-Weekday-Fall-26
Boat-Lovejoy,Boat-Lovejoy,4,,,,,,Boat-F10-0915-Lovejoy-F10-B-AM-Weekday-Fall-26,Boat-F10-1005-Lovejoy-F10-B-AM-Weekday-Fall-26
Boat-Lovejoy,Boat-Lovejoy,4,,,,,,Boat-F10-1005-Lovejoy-F10-B-AM-Weekday-Fall-26,Boat-F10-1100-Lovejoy-F10-B-AM-Weekday-Fall-26
Boat-Lovejoy,Boat-Lovejoy,4,,,,,,Boat-F10-0610-Lovejoy-F10-A-AM-Weekday-Summer-26,Boat-F10-0710-Lovejoy-F10-A-AM-Weekday-Summer-26
Boat-Lovejoy,Boat-Lovejoy,4,,,,,,Boat-F10-0710-Lovejoy-F10-A-AM-Weekday-Summer-26,Boat-F10-0800-Lovejoy-F10-A-AM-Weekday-Summer-26
Boat-Lovejoy,Boat-Lovejoy,4,,,,,,Boat-F10-0800-Lovejoy-F10-A-AM-Weekday-Summer-26,Boat-F10-0855-Lovejoy-F10-A-AM-Weekday-Summer-26
Boat-Lovejoy,Boat-Lovejoy,4,,,,,,Boat-F10-0855-Lovejoy-F10-A-AM-Weekday-Summer-26,Boat-F10-0950-Lovejoy-F10-A-AM-Weekday-Summer-26
Boat-Lovejoy,Boat-Lovejoy,4,,,,,,Boat-F10-0950-Lovejoy-F10-A-AM-Weekday-Summer-26,Boat-F10-1040-Lovejoy-F10-A-AM-Weekday-Summer-26
Boat-Lovejoy,Boat-Lovejoy,4,,,,,,Boat-F10-0630-Lovejoy-F10-B-AM-Weekday-Summer-26,Boat-F10-0725-Lovejoy-F10-B-AM-Weekday-Summer-26
Boat-Lovejoy,Boat-Lovejoy,4,,,,,,Boat-F10-0725-Lovejoy-F10-B-AM-Weekday-Summer-26,Boat-F10-0820-Lovejoy-F10-B-AM-Weekday-Summer-26
Boat-Lovejoy,Boat-Lovejoy,4,,,,,,Boat-F10-0820-Lovejoy-F10-B-AM-Weekday-Summer-26,Boat-F10-0915-Lovejoy-F10-B-AM-Weekday-Summer-26
Boat-Lovejoy,Boat-Lovejoy,4,,,,,,Boat-F10-0915-Lovejoy-F10-B-AM-Weekday-Summer-26,Boat-F10-1005-Lovejoy-F10-B-AM-Weekday-Summer-26
Boat-Lovejoy,Boat-Lovejoy,4,,,,,,Boat-F10-1005-Lovejoy-F10-B-AM-Weekday-Summer-26,Boat-F10-1100-Lovejoy-F10-B-AM-Weekday-Summer-26
Boat-Quincy,Boat-Quincy,4,,,,,,Boat-F7-0615-Quincy-F7-A-Weekday-Summer-26,Boat-F7-0730-Quincy-F7-A-Weekday-Summer-26
Boat-Quincy,Boat-Quincy,4,,,,,,Boat-F7-0730-Quincy-F7-A-Weekday-Summer-26,Boat-F7-0845-Quincy-F7-A-Weekday-Summer-26
Boat-Quincy,Boat-Quincy,4,,,,,,Boat-F7-0845-Quincy-F7-A-Weekday-Summer-26,Boat-F7-1000-Quincy-F7-A-Weekday-Summer-26
Boat-Quincy,Boat-Quincy,4,,,,,,Boat-F7-1000-Quincy-F7-A-Weekday-Summer-26,Boat-F7-1115-Quincy-F7-A-Weekday-Summer-26
Boat-Quincy,Boat-Quincy,4,,,,,,Boat-F7-1350-Fan-F7-A-Weekday-Summer-26,Boat-F7-1440-Quincy-F7-A-Weekday-Summer-26
Boat-Quincy,Boat-Quincy,4,,,,,,Boat-F7-1440-Quincy-F7-A-Weekday-Summer-26,Boat-F7-1555-Quincy-F7-A-Weekday-Summer-26
Boat-Quincy,Boat-Quincy,4,,,,,,Boat-F7-1555-Quincy-F7-A-Weekday-Summer-26,Boat-F7-1710-Quincy-F7-A-Weekday-Summer-26
Boat-Quincy,Boat-Quincy,4,,,,,,Boat-F7-1710-Quincy-F7-A-Weekday-Summer-26,Boat-F7-1825-Quincy-F7-A-Weekday-Summer-26
Boat-Quincy,Boat-Quincy,4,,,,,,Boat-F7-1825-Quincy-F7-A-Weekday-Summer-26,Boat-F7-1940-Quincy-F7-A-Weekday-Summer-26
Boat-Quincy,Boat-Quincy,4,,,,,,Boat-F7-0615-Quincy-F7-A-Weekday-Fall-26,Boat-F7-0730-Quincy-F7-A-Weekday-Fall-26
Boat-Quincy,Boat-Quincy,4,,,,,,Boat-F7-0730-Quincy-F7-A-Weekday-Fall-26,Boat-F7-0845-Quincy-F7-A-Weekday-Fall-26
Boat-Quincy,Boat-Quincy,4,,,,,,Boat-F7-0845-Quincy-F7-A-Weekday-Fall-26,Boat-F7-1000-Quincy-F7-A-Weekday-Fall-26
Boat-Quincy,Boat-Quincy,4,,,,,,Boat-F7-1000-Quincy-F7-A-Weekday-Fall-26,Boat-F7-1115-Quincy-F7-A-Weekday-Fall-26
Boat-Quincy,Boat-Quincy,4,,,,,,Boat-F7-1350-Fan-F7-A-Weekday-Fall-26,Boat-F7-1440-Quincy-F7-A-Weekday-Fall-26
Boat-Quincy,Boat-Quincy,4,,,,,,Boat-F7-1440-Quincy-F7-A-Weekday-Fall-26,Boat-F7-1555-Quincy-F7-A-Weekday-Fall-26
Boat-Quincy,Boat-Quincy,4,,,,,,Boat-F7-1555-Quincy-F7-A-Weekday-Fall-26,Boat-F7-1710-Quincy-F7-A-Weekday-Fall-26
Boat-Quincy,Boat-Quincy,4,,,,,,Boat-F7-1710-Quincy-F7-A-Weekday-Fall-26,Boat-F7-1825-Quincy-F7-A-Weekday-Fall-26
Boat-Quincy,Boat-Quincy,4,,,,,,Boat-F7-1825-Quincy-F7-A-Weekday-Fall-26,Boat-F7-1940-Quincy-F7-A-Weekday-Fall-26
Boat-Winthrop,Boat-Winthrop,4,,,,,,Boat-F6-0640-Winthrop-F6-A-Weekday-Summer-26,Boat-F6-0755-Winthrop-F6-A-Weekday-Summer-26
Boat-Winthrop,Boat-Winthrop,4,,,,,,Boat-F6-0755-Winthrop-F6-A-Weekday-Summer-26,Boat-F6-0910-Winthrop-F6-A-Weekday-Summer-26
Boat-Winthrop,Boat-Winthrop,4,,,,,,Boat-F6-0910-Winthrop-F6-A-Weekday-Summer-26,Boat-F6-1025-Winthrop-F6-A-Weekday-Summer-26
Boat-Winthrop,Boat-Winthrop,4,,,,,,Boat-F6-1025-Winthrop-F6-A-Weekday-Summer-26,Boat-F6-1145-Winthrop-F6-A-Weekday-Summer-26
Boat-Winthrop,Boat-Winthrop,4,,,,,,Boat-F6-1355-Aquarium-F6-A-Weekday-Summer-26,Boat-F6-1445-Winthrop-F6-A-Weekday-Summer-26
Boat-Winthrop,Boat-Winthrop,4,,,,,,Boat-F6-1445-Winthrop-F6-A-Weekday-Summer-26,Boat-F6-1600-Winthrop-F6-A-Weekday-Summer-26
Boat-Winthrop,Boat-Winthrop,4,,,,,,Boat-F6-1600-Winthrop-F6-A-Weekday-Summer-26,Boat-F6-1715-Winthrop-F6-A-Weekday-Summer-26
Boat-Winthrop,Boat-Winthrop,4,,,,,,Boat-F6-1715-Winthrop-F6-A-Weekday-Summer-26,Boat-F6-1830-Winthrop-F6-A-Weekday-Summer-26
Boat-Winthrop,Boat-Winthrop,4,,,,,,Boat-F6-1830-Winthrop-F6-A-Weekday-Summer-26,Boat-F6-1950-Winthrop-F6-A-Weekday-Summer-26
Boat-Winthrop,Boat-Winthrop,4,,,,,,Boat-F6-0640-Winthrop-F6-A-Weekday-Fall-26,Boat-F6-0755-Winthrop-F6-A-Weekday-Fall-26
Boat-Winthrop,Boat-Winthrop,4,,,,,,Boat-F6-0755-Winthrop-F6-A-Weekday-Fall-26,Boat-F6-0910-Winthrop-F6-A-Weekday-Fall-26
Boat-Winthrop,Boat-Winthrop,4,,,,,,Boat-F6-0910-Winthrop-F6-A-Weekday-Fall-26,Boat-F6-1025-Winthrop-F6-A-Weekday-Fall-26
Boat-Winthrop,Boat-Winthrop,4,,,,,,Boat-F6-1025-Winthrop-F6-A-Weekday-Fall-26,Boat-F6-1145-Winthrop-F6-A-Weekday-Fall-26
Boat-Winthrop,Boat-Winthrop,4,,,,,,Boat-F6-1355-Aquarium-F6-A-Weekday-Fall-26,Boat-F6-1445-Winthrop-F6-A-Weekday-Fall-26
Boat-Winthrop,Boat-Winthrop,4,,,,,,Boat-F6-1445-Winthrop-F6-A-Weekday-Fall-26,Boat-F6-1600-Winthrop-F6-A-Weekday-Fall-26
Boat-Winthrop,Boat-Winthrop,4,,,,,,Boat-F6-1600-Winthrop-F6-A-Weekday-Fall-26,Boat-F6-1715-Winthrop-F6-A-Weekday-Fall-26
Boat-Winthrop,Boat-Winthrop,4,,,,,,Boat-F6-1715-Winthrop-F6-A-Weekday-Fall-26,Boat-F6-1830-Winthrop-F6-A-Weekday-Fall-26
Boat-Winthrop,Boat-Winthrop,4,,,,,,Boat-F6-1830-Winthrop-F6-A-Weekday-Fall-26,Boat-F6-1950-Winthrop-F6-A-Weekday-Fall-26
Boat-Winthrop,Boat-Winthrop,4,,,,,,Boat-F8-0845-Winthrop-F8-A-Saturday-Summer-26,Boat-F8-1030-Winthrop-F8-A-Saturday-Summer-26
Boat-Winthrop,Boat-Winthrop,4,,,,,,Boat-F8-1030-Winthrop-F8-A-Saturday-Summer-26,Boat-F8-1215-Winthrop-F8-A-Saturday-Summer-26
Boat-Winthrop,Boat-Winthrop,4,,,,,,Boat-F8-1500-Winthrop-F8-A-Saturday-Summer-26,Boat-F8-1645-Winthrop-F8-A-Saturday-Summer-26
Boat-Winthrop,Boat-Winthrop,4,,,,,,Boat-F8-1645-Winthrop-F8-A-Saturday-Summer-26,Boat-F8-1830-Winthrop-F8-A-Saturday-Summer-26
Boat-Winthrop,Boat-Winthrop,4,,,,,,Boat-F8-1830-Winthrop-F8-A-Saturday-Summer-26,Boat-F8-2015-Winthrop-F8-A-Saturday-Summer-26
Boat-Winthrop,Boat-Winthrop,4,,,,,,Boat-F8-2015-Winthrop-F8-A-Saturday-Summer-26,Boat-F8-2200-Winthrop-F8-A-Saturday-Summer-26
Boat-Winthrop,Boat-Winthrop,4,,,,,,Boat-F8-0845-Winthrop-F8-A-Sunday-Summer-26,Boat-F8-1030-Winthrop-F8-A-Sunday-Summer-26
Boat-Winthrop,Boat-Winthrop,4,,,,,,Boat-F8-1030-Winthrop-F8-A-Sunday-Summer-26,Boat-F8-1215-Winthrop-F8-A-Sunday-Summer-26
Boat-Winthrop,Boat-Winthrop,4,,,,,,Boat-F8-1500-Winthrop-F8-A-Sunday-Summer-26,Boat-F8-1645-Winthrop-F8-A-Sunday-Summer-26
Boat-Winthrop,Boat-Winthrop,4,,,,,,Boat-F8-1645-Winthrop-F8-A-Sunday-Summer-26,Boat-F8-1830-Winthrop-F8-A-Sunday-Summer-26
Boat-Winthrop,Boat-Winthrop,4,,,,,,Boat-F8-1830-Winthrop-F8-A-Sunday-Summer-26,Boat-F8-2015-Winthrop-F8-A-Sunday-Summer-26
Boat-Winthrop,Boat-Winthrop,4,,,,,,Boat-F8-2015-Winthrop-F8-A-Sunday-Summer-26,Boat-F8-2200-Winthrop-F8-A-Sunday-Summer-26
